
Gurobi 12.0.2 (linux64, gurobi_cl) logging started Tue Apr 21 22:18:41 2026

Set parameter TokenServer to value "license.ensys.tu-berlin.de"
Set parameter LogFile to value "gurobi.log"
Using license file /home/users/a/agma/gurobi.lic

Gurobi 12.0.2 (linux64, gurobi_cl) logging started Tue Apr 21 22:25:36 2026

Set parameter WLSAccessID
Set parameter WLSSecret
Set parameter LicenseID to value 938810
Set parameter LogFile to value "gurobi.log"
Using license file /home/users/a/agma/gurobi.lic
Academic license 938810 - for non-commercial use only - registered to ag___@tu-berlin.de

Gurobi 12.0.2 (linux64, gurobi_cl) logging started Sat May 23 13:03:36 2026

Set parameter WLSAccessID
Set parameter WLSSecret
Set parameter LicenseID to value 938810
Set parameter LogFile to value "gurobi.log"
Using license file /home/users/a/agma/gurobi.lic
Academic license 938810 - for non-commercial use only - registered to ag___@tu-berlin.de

Gurobi 12.0.2 (linux64, gurobi_cl) logging started Sat May 23 13:05:56 2026

Set parameter WLSAccessID
Set parameter WLSSecret
Set parameter LicenseID to value 938810
Set parameter LogFile to value "gurobi.log"
Using license file /home/users/a/agma/gurobi.lic
Academic license 938810 - for non-commercial use only - registered to ag___@tu-berlin.de

Gurobi 12.0.2 (linux64, gurobi_cl) logging started Sat May 23 13:21:22 2026

Set parameter WLSAccessID
Set parameter WLSSecret
Set parameter LicenseID to value 938810
Set parameter LogFile to value "gurobi.log"
Using license file /home/users/a/agma/gurobi.lic
Academic license 938810 - for non-commercial use only - registered to ag___@tu-berlin.de

Gurobi 12.0.2 (linux64, gurobi_cl) logging started Sat May 23 13:25:26 2026

Set parameter WLSAccessID
Set parameter WLSSecret
Set parameter LicenseID to value 938810
Set parameter LogFile to value "gurobi.log"
Using license file /home/users/a/agma/gurobi.lic
Academic license 938810 - for non-commercial use only - registered to ag___@tu-berlin.de

Gurobi 12.0.2 (linux64, gurobi_cl) logging started Sat May 23 13:29:14 2026

Set parameter WLSAccessID
Set parameter WLSSecret
Set parameter LicenseID to value 938810
Set parameter LogFile to value "gurobi.log"
Using license file /home/users/a/agma/gurobi.lic
Academic license 938810 - for non-commercial use only - registered to ag___@tu-berlin.de

Gurobi 12.0.2 (linux64, gurobi_cl) logging started Sat May 23 13:37:22 2026

Set parameter WLSAccessID
Set parameter WLSSecret
Set parameter LicenseID to value 938810
Set parameter LogFile to value "gurobi.log"
Using license file /home/users/a/agma/gurobi.lic
Academic license 938810 - for non-commercial use only - registered to ag___@tu-berlin.de

Gurobi 12.0.2 (linux64, gurobi_cl) logging started Sat May 23 13:41:25 2026

Set parameter WLSAccessID
Set parameter WLSSecret
Set parameter LicenseID to value 938810
Set parameter LogFile to value "gurobi.log"
Using license file /home/users/a/agma/gurobi.lic
Academic license 938810 - for non-commercial use only - registered to ag___@tu-berlin.de

Gurobi 12.0.2 (linux64, gurobi_cl) logging started Sat May 23 14:03:20 2026

Set parameter WLSAccessID
Set parameter WLSSecret
Set parameter LicenseID to value 938810
Set parameter LogFile to value "gurobi.log"
Using license file /home/users/a/agma/gurobi.lic
Academic license 938810 - for non-commercial use only - registered to ag___@tu-berlin.de

Gurobi 12.0.2 (linux64, gurobi_cl) logging started Wed May 27 22:09:22 2026

Set parameter WLSAccessID
Set parameter WLSSecret
Set parameter LicenseID to value 938810
Set parameter LogFile to value "gurobi.log"
Using license file /home/users/a/agma/gurobi.lic
Academic license 938810 - for non-commercial use only - registered to ag___@tu-berlin.de

Gurobi 12.0.2 (linux64, gurobi_cl) logging started Wed May 27 22:23:21 2026

Set parameter WLSAccessID
Set parameter WLSSecret
Set parameter LicenseID to value 938810
Set parameter LogFile to value "gurobi.log"
Using license file /home/users/a/agma/gurobi.lic
Academic license 938810 - for non-commercial use only - registered to ag___@tu-berlin.de

Gurobi 12.0.2 (linux64, gurobi_cl) logging started Wed May 27 22:26:32 2026

Set parameter WLSAccessID
Set parameter WLSSecret
Set parameter LicenseID to value 938810
Set parameter LogFile to value "gurobi.log"
Using license file /home/users/a/agma/gurobi.lic
Academic license 938810 - for non-commercial use only - registered to ag___@tu-berlin.de

Gurobi 12.0.2 (linux64, gurobi_cl) logging started Wed May 27 22:33:05 2026

Set parameter WLSAccessID
Set parameter WLSSecret
Set parameter LicenseID to value 938810
Set parameter LogFile to value "gurobi.log"
Using license file /home/users/a/agma/gurobi.lic
Academic license 938810 - for non-commercial use only - registered to ag___@tu-berlin.de

Gurobi 12.0.2 (linux64, gurobi_cl) logging started Wed May 27 22:35:47 2026

Set parameter WLSAccessID
Set parameter WLSSecret
Set parameter LicenseID to value 938810
Set parameter LogFile to value "gurobi.log"
Using license file /home/users/a/agma/gurobi.lic
Academic license 938810 - for non-commercial use only - registered to ag___@tu-berlin.de

Gurobi 12.0.2 (linux64, gurobi_cl) logging started Wed May 27 22:41:49 2026

Set parameter WLSAccessID
Set parameter WLSSecret
Set parameter LicenseID to value 938810
Set parameter LogFile to value "gurobi.log"
Using license file /home/users/a/agma/gurobi.lic
Academic license 938810 - for non-commercial use only - registered to ag___@tu-berlin.de

Gurobi 12.0.2 (linux64, gurobi_cl) logging started Wed May 27 22:46:49 2026

Set parameter WLSAccessID
Set parameter WLSSecret
Set parameter LicenseID to value 938810
Set parameter LogFile to value "gurobi.log"
Using license file /home/users/a/agma/gurobi.lic
Academic license 938810 - for non-commercial use only - registered to ag___@tu-berlin.de

Gurobi 12.0.2 (linux64, gurobi_cl) logging started Wed May 27 22:50:09 2026

Set parameter WLSAccessID
Set parameter WLSSecret
Set parameter LicenseID to value 938810
Set parameter LogFile to value "gurobi.log"
Using license file /home/users/a/agma/gurobi.lic
Academic license 938810 - for non-commercial use only - registered to ag___@tu-berlin.de

Gurobi 12.0.2 (linux64, gurobi_cl) logging started Wed May 27 22:52:32 2026

Set parameter WLSAccessID
Set parameter WLSSecret
Set parameter LicenseID to value 938810
Set parameter LogFile to value "gurobi.log"
Using license file /home/users/a/agma/gurobi.lic
Academic license 938810 - for non-commercial use only - registered to ag___@tu-berlin.de

Gurobi 12.0.2 (linux64, gurobi_cl) logging started Wed May 27 22:55:34 2026

Set parameter WLSAccessID
Set parameter WLSSecret
Set parameter LicenseID to value 938810
Set parameter LogFile to value "gurobi.log"
Using license file /home/users/a/agma/gurobi.lic
Academic license 938810 - for non-commercial use only - registered to ag___@tu-berlin.de

Gurobi 12.0.2 (linux64, gurobi_cl) logging started Wed May 27 23:02:30 2026

Set parameter WLSAccessID
Set parameter WLSSecret
Set parameter LicenseID to value 938810
Set parameter LogFile to value "gurobi.log"
Using license file /home/users/a/agma/gurobi.lic
Academic license 938810 - for non-commercial use only - registered to ag___@tu-berlin.de

Gurobi 12.0.2 (linux64, gurobi_cl) logging started Wed May 27 23:03:45 2026

Set parameter WLSAccessID
Set parameter WLSSecret
Set parameter LicenseID to value 938810
Set parameter LogFile to value "gurobi.log"
Using license file /home/users/a/agma/gurobi.lic
Academic license 938810 - for non-commercial use only - registered to ag___@tu-berlin.de

Gurobi 12.0.2 (linux64, gurobi_cl) logging started Thu May 28 22:40:51 2026

Set parameter WLSAccessID
Set parameter WLSSecret
Set parameter LicenseID to value 938810
Set parameter LogFile to value "gurobi.log"
Using license file /home/users/a/agma/gurobi.lic
Academic license 938810 - for non-commercial use only - registered to ag___@tu-berlin.de

Gurobi 12.0.2 (linux64, gurobi_cl) logging started Thu May 28 22:56:59 2026

Set parameter WLSAccessID
Set parameter WLSSecret
Set parameter LicenseID to value 938810
Set parameter LogFile to value "gurobi.log"
Using license file /home/users/a/agma/gurobi.lic
Academic license 938810 - for non-commercial use only - registered to ag___@tu-berlin.de

Gurobi 12.0.2 (linux64, gurobi_cl) logging started Thu May 28 23:06:55 2026

Set parameter WLSAccessID
Set parameter WLSSecret
Set parameter LicenseID to value 938810
Set parameter LogFile to value "gurobi.log"
Using license file /home/users/a/agma/gurobi.lic
Academic license 938810 - for non-commercial use only - registered to ag___@tu-berlin.de

Gurobi 12.0.2 (linux64, gurobi_cl) logging started Thu May 28 23:36:06 2026

Set parameter WLSAccessID
Set parameter WLSSecret
Set parameter LicenseID to value 938810
Set parameter LogFile to value "gurobi.log"
Using license file /home/users/a/agma/gurobi.lic
Academic license 938810 - for non-commercial use only - registered to ag___@tu-berlin.de

Gurobi 12.0.2 (linux64, gurobi_cl) logging started Thu May 28 23:45:08 2026

Set parameter WLSAccessID
Set parameter WLSSecret
Set parameter LicenseID to value 938810
Set parameter LogFile to value "gurobi.log"
Using license file /home/users/a/agma/gurobi.lic
Academic license 938810 - for non-commercial use only - registered to ag___@tu-berlin.de

Gurobi 12.0.2 (linux64, gurobi_cl) logging started Fri May 29 00:02:00 2026

Set parameter WLSAccessID
Set parameter WLSSecret
Set parameter LicenseID to value 938810
Set parameter LogFile to value "gurobi.log"
Using license file /home/users/a/agma/gurobi.lic
Academic license 938810 - for non-commercial use only - registered to ag___@tu-berlin.de

Gurobi 12.0.2 (linux64, gurobi_cl) logging started Fri May 29 00:15:25 2026

Set parameter WLSAccessID
Set parameter WLSSecret
Set parameter LicenseID to value 938810
Set parameter LogFile to value "gurobi.log"
Using license file /home/users/a/agma/gurobi.lic
Academic license 938810 - for non-commercial use only - registered to ag___@tu-berlin.de

Gurobi 12.0.2 (linux64, gurobi_cl) logging started Fri May 29 00:22:56 2026

Set parameter WLSAccessID
Set parameter WLSSecret
Set parameter LicenseID to value 938810
Set parameter LogFile to value "gurobi.log"
Using license file /home/users/a/agma/gurobi.lic
Academic license 938810 - for non-commercial use only - registered to ag___@tu-berlin.de

Gurobi 12.0.2 (linux64, gurobi_cl) logging started Fri May 29 00:33:03 2026

Set parameter WLSAccessID
Set parameter WLSSecret
Set parameter LicenseID to value 938810
Set parameter LogFile to value "gurobi.log"
Using license file /home/users/a/agma/gurobi.lic
Academic license 938810 - for non-commercial use only - registered to ag___@tu-berlin.de

Gurobi 12.0.2 (linux64, gurobi_cl) logging started Sat Jun  6 01:12:19 2026

Set parameter WLSAccessID
Set parameter WLSSecret
Set parameter LicenseID to value 938810
Set parameter LogFile to value "gurobi.log"
Using license file /home/users/a/agma/gurobi.lic
Academic license 938810 - for non-commercial use only - registered to ag___@tu-berlin.de

Gurobi 12.0.2 (linux64, gurobi_cl) logging started Sat Jun  6 01:34:20 2026

Set parameter WLSAccessID
Set parameter WLSSecret
Set parameter LicenseID to value 938810
Set parameter LogFile to value "gurobi.log"
Using license file /home/users/a/agma/gurobi.lic
Academic license 938810 - for non-commercial use only - registered to ag___@tu-berlin.de

Gurobi 12.0.2 (linux64, gurobi_cl) logging started Sat Jun  6 01:42:21 2026

Set parameter WLSAccessID
Set parameter WLSSecret
Set parameter LicenseID to value 938810
Set parameter LogFile to value "gurobi.log"
Using license file /home/users/a/agma/gurobi.lic
Academic license 938810 - for non-commercial use only - registered to ag___@tu-berlin.de

Gurobi 12.0.2 (linux64, gurobi_cl) logging started Sat Jun  6 01:45:42 2026

Set parameter WLSAccessID
Set parameter WLSSecret
Set parameter LicenseID to value 938810
Set parameter LogFile to value "gurobi.log"
Using license file /home/users/a/agma/gurobi.lic
Academic license 938810 - for non-commercial use only - registered to ag___@tu-berlin.de

Gurobi 12.0.2 (linux64, gurobi_cl) logging started Sat Jun  6 01:48:17 2026

Set parameter WLSAccessID
Set parameter WLSSecret
Set parameter LicenseID to value 938810
Set parameter LogFile to value "gurobi.log"
Using license file /home/users/a/agma/gurobi.lic
Academic license 938810 - for non-commercial use only - registered to ag___@tu-berlin.de

Gurobi 12.0.2 (linux64, gurobi_cl) logging started Sat Jun  6 01:50:13 2026

Set parameter WLSAccessID
Set parameter WLSSecret
Set parameter LicenseID to value 938810
Set parameter LogFile to value "gurobi.log"
Using license file /home/users/a/agma/gurobi.lic
Academic license 938810 - for non-commercial use only - registered to ag___@tu-berlin.de

Gurobi 12.0.2 (linux64, gurobi_cl) logging started Sat Jun  6 02:46:03 2026

Set parameter WLSAccessID
Set parameter WLSSecret
Set parameter LicenseID to value 938810
Set parameter LogFile to value "gurobi.log"
Using license file /home/users/a/agma/gurobi.lic
Academic license 938810 - for non-commercial use only - registered to ag___@tu-berlin.de

Gurobi 12.0.2 (linux64, gurobi_cl) logging started Sat Jun  6 02:49:03 2026

Set parameter WLSAccessID
Set parameter WLSSecret
Set parameter LicenseID to value 938810
Set parameter LogFile to value "gurobi.log"
Using license file /home/users/a/agma/gurobi.lic
Academic license 938810 - for non-commercial use only - registered to ag___@tu-berlin.de

Gurobi 12.0.2 (linux64, gurobi_cl) logging started Sat Jun  6 02:50:46 2026

Set parameter WLSAccessID
Set parameter WLSSecret
Set parameter LicenseID to value 938810
Set parameter LogFile to value "gurobi.log"
Using license file /home/users/a/agma/gurobi.lic
Academic license 938810 - for non-commercial use only - registered to ag___@tu-berlin.de

Gurobi 12.0.2 (linux64, gurobi_cl) logging started Sat Jun  6 03:01:22 2026

Set parameter WLSAccessID
Set parameter WLSSecret
Set parameter LicenseID to value 938810
Set parameter LogFile to value "gurobi.log"
Using license file /home/users/a/agma/gurobi.lic
Academic license 938810 - for non-commercial use only - registered to ag___@tu-berlin.de

Gurobi 12.0.2 (linux64, gurobi_cl) logging started Sat Jun  6 03:14:02 2026

Set parameter WLSAccessID
Set parameter WLSSecret
Set parameter LicenseID to value 938810
Set parameter LogFile to value "gurobi.log"
Using license file /home/users/a/agma/gurobi.lic
Academic license 938810 - for non-commercial use only - registered to ag___@tu-berlin.de

Gurobi 12.0.2 (linux64, gurobi_cl) logging started Sat Jun  6 03:15:46 2026

Set parameter WLSAccessID
Set parameter WLSSecret
Set parameter LicenseID to value 938810
Set parameter LogFile to value "gurobi.log"
Using license file /home/users/a/agma/gurobi.lic
Academic license 938810 - for non-commercial use only - registered to ag___@tu-berlin.de

Gurobi 12.0.2 (linux64, gurobi_cl) logging started Sat Jun  6 03:18:51 2026

Set parameter WLSAccessID
Set parameter WLSSecret
Set parameter LicenseID to value 938810
Set parameter LogFile to value "gurobi.log"
Using license file /home/users/a/agma/gurobi.lic
Academic license 938810 - for non-commercial use only - registered to ag___@tu-berlin.de

Gurobi 12.0.2 (linux64, gurobi_cl) logging started Sat Jun  6 03:18:59 2026

Set parameter WLSAccessID
Set parameter WLSSecret
Set parameter LicenseID to value 938810
Set parameter LogFile to value "gurobi.log"
Using license file /home/users/a/agma/gurobi.lic
Academic license 938810 - for non-commercial use only - registered to ag___@tu-berlin.de

Gurobi 12.0.2 (linux64, gurobi_cl) logging started Sat Jun  6 03:20:43 2026

Set parameter WLSAccessID
Set parameter WLSSecret
Set parameter LicenseID to value 938810
Set parameter LogFile to value "gurobi.log"
Using license file /home/users/a/agma/gurobi.lic
Academic license 938810 - for non-commercial use only - registered to ag___@tu-berlin.de

Gurobi 12.0.2 (linux64, gurobi_cl) logging started Sat Jun  6 03:24:31 2026

Set parameter WLSAccessID
Set parameter WLSSecret
Set parameter LicenseID to value 938810
Set parameter LogFile to value "gurobi.log"
Using license file /home/users/a/agma/gurobi.lic
Academic license 938810 - for non-commercial use only - registered to ag___@tu-berlin.de

Gurobi 12.0.2 (linux64, gurobi_cl) logging started Sat Jun  6 03:24:42 2026

Set parameter WLSAccessID
Set parameter WLSSecret
Set parameter LicenseID to value 938810
Set parameter LogFile to value "gurobi.log"
Using license file /home/users/a/agma/gurobi.lic
Academic license 938810 - for non-commercial use only - registered to ag___@tu-berlin.de

Gurobi 12.0.2 (linux64, gurobi_cl) logging started Sat Jun  6 03:24:55 2026

Set parameter WLSAccessID
Set parameter WLSSecret
Set parameter LicenseID to value 938810
Set parameter LogFile to value "gurobi.log"
Using license file /home/users/a/agma/gurobi.lic
Academic license 938810 - for non-commercial use only - registered to ag___@tu-berlin.de

Gurobi 12.0.2 (linux64, gurobi_cl) logging started Sat Jun  6 03:26:56 2026

Set parameter WLSAccessID
Set parameter WLSSecret
Set parameter LicenseID to value 938810
Set parameter LogFile to value "gurobi.log"
Using license file /home/users/a/agma/gurobi.lic
Academic license 938810 - for non-commercial use only - registered to ag___@tu-berlin.de

Gurobi 12.0.2 (linux64, gurobi_cl) logging started Sat Jun  6 03:40:57 2026

Set parameter WLSAccessID
Set parameter WLSSecret
Set parameter LicenseID to value 938810
Set parameter LogFile to value "gurobi.log"
Using license file /home/users/a/agma/gurobi.lic
Academic license 938810 - for non-commercial use only - registered to ag___@tu-berlin.de

Gurobi 12.0.2 (linux64, gurobi_cl) logging started Sat Jun  6 03:44:32 2026

Set parameter WLSAccessID
Set parameter WLSSecret
Set parameter LicenseID to value 938810
Set parameter LogFile to value "gurobi.log"
Using license file /home/users/a/agma/gurobi.lic
Academic license 938810 - for non-commercial use only - registered to ag___@tu-berlin.de

Gurobi 12.0.2 (linux64, gurobi_cl) logging started Sat Jun  6 03:48:13 2026

Set parameter WLSAccessID
Set parameter WLSSecret
Set parameter LicenseID to value 938810
Set parameter LogFile to value "gurobi.log"
Using license file /home/users/a/agma/gurobi.lic
Academic license 938810 - for non-commercial use only - registered to ag___@tu-berlin.de

Gurobi 12.0.2 (linux64, gurobi_cl) logging started Sat Jun  6 04:00:59 2026

Set parameter WLSAccessID
Set parameter WLSSecret
Set parameter LicenseID to value 938810
Set parameter LogFile to value "gurobi.log"
Using license file /home/users/a/agma/gurobi.lic
Academic license 938810 - for non-commercial use only - registered to ag___@tu-berlin.de

Gurobi 12.0.2 (linux64, gurobi_cl) logging started Sat Jun  6 04:08:21 2026

Set parameter WLSAccessID
Set parameter WLSSecret
Set parameter LicenseID to value 938810
Set parameter LogFile to value "gurobi.log"
Using license file /home/users/a/agma/gurobi.lic
Academic license 938810 - for non-commercial use only - registered to ag___@tu-berlin.de

Gurobi 12.0.2 (linux64, gurobi_cl) logging started Sat Jun  6 04:15:17 2026

Set parameter WLSAccessID
Set parameter WLSSecret
Set parameter LicenseID to value 938810
Set parameter LogFile to value "gurobi.log"
Using license file /home/users/a/agma/gurobi.lic
Academic license 938810 - for non-commercial use only - registered to ag___@tu-berlin.de

Gurobi 12.0.2 (linux64, gurobi_cl) logging started Sat Jun  6 04:17:31 2026

Set parameter WLSAccessID
Set parameter WLSSecret
Set parameter LicenseID to value 938810
Set parameter LogFile to value "gurobi.log"
Using license file /home/users/a/agma/gurobi.lic
Academic license 938810 - for non-commercial use only - registered to ag___@tu-berlin.de

Gurobi 12.0.2 (linux64, gurobi_cl) logging started Sat Jun  6 04:21:43 2026

Set parameter WLSAccessID
Set parameter WLSSecret
Set parameter LicenseID to value 938810
Set parameter LogFile to value "gurobi.log"
Using license file /home/users/a/agma/gurobi.lic
Academic license 938810 - for non-commercial use only - registered to ag___@tu-berlin.de

Gurobi 12.0.2 (linux64, gurobi_cl) logging started Sat Jun  6 04:36:55 2026

Set parameter WLSAccessID
Set parameter WLSSecret
Set parameter LicenseID to value 938810
Set parameter LogFile to value "gurobi.log"
Using license file /home/users/a/agma/gurobi.lic
Academic license 938810 - for non-commercial use only - registered to ag___@tu-berlin.de

Gurobi 12.0.2 (linux64, gurobi_cl) logging started Sat Jun  6 04:43:42 2026

Set parameter WLSAccessID
Set parameter WLSSecret
Set parameter LicenseID to value 938810
Set parameter LogFile to value "gurobi.log"
Using license file /home/users/a/agma/gurobi.lic
Academic license 938810 - for non-commercial use only - registered to ag___@tu-berlin.de

Gurobi 12.0.2 (linux64, gurobi_cl) logging started Sat Jun  6 04:48:20 2026

Set parameter WLSAccessID
Set parameter WLSSecret
Set parameter LicenseID to value 938810
Set parameter LogFile to value "gurobi.log"
Using license file /home/users/a/agma/gurobi.lic
Academic license 938810 - for non-commercial use only - registered to ag___@tu-berlin.de

Gurobi 12.0.2 (linux64, gurobi_cl) logging started Sat Jun  6 12:57:06 2026

Set parameter WLSAccessID
Set parameter WLSSecret
Set parameter LicenseID to value 938810
Set parameter LogFile to value "gurobi.log"
Using license file /home/users/a/agma/gurobi.lic
Academic license 938810 - for non-commercial use only - registered to ag___@tu-berlin.de

Gurobi 12.0.2 (linux64, gurobi_cl) logging started Sat Jun  6 13:32:36 2026

Set parameter WLSAccessID
Set parameter WLSSecret
Set parameter LicenseID to value 938810
Set parameter LogFile to value "gurobi.log"
Using license file /home/users/a/agma/gurobi.lic
Academic license 938810 - for non-commercial use only - registered to ag___@tu-berlin.de

Gurobi 12.0.2 (linux64, gurobi_cl) logging started Sat Jun  6 13:43:45 2026

Set parameter WLSAccessID
Set parameter WLSSecret
Set parameter LicenseID to value 938810
Set parameter LogFile to value "gurobi.log"
Using license file /home/users/a/agma/gurobi.lic
Academic license 938810 - for non-commercial use only - registered to ag___@tu-berlin.de

Gurobi 12.0.2 (linux64, gurobi_cl) logging started Sat Jun  6 13:54:56 2026

Set parameter WLSAccessID
Set parameter WLSSecret
Set parameter LicenseID to value 938810
Set parameter LogFile to value "gurobi.log"
Using license file /home/users/a/agma/gurobi.lic
Academic license 938810 - for non-commercial use only - registered to ag___@tu-berlin.de

Gurobi 12.0.2 (linux64, gurobi_cl) logging started Sat Jun  6 16:08:02 2026

Set parameter WLSAccessID
Set parameter WLSSecret
Set parameter LicenseID to value 938810
Set parameter LogFile to value "gurobi.log"
Using license file /home/users/a/agma/gurobi.lic
Academic license 938810 - for non-commercial use only - registered to ag___@tu-berlin.de

Gurobi 12.0.2 (linux64, gurobi_cl) logging started Sat Jun  6 17:00:43 2026

Set parameter WLSAccessID
Set parameter WLSSecret
Set parameter LicenseID to value 938810
Set parameter LogFile to value "gurobi.log"
Using license file /home/users/a/agma/gurobi.lic
Academic license 938810 - for non-commercial use only - registered to ag___@tu-berlin.de

Gurobi 12.0.2 (linux64, gurobi_cl) logging started Sat Jun  6 17:05:27 2026

Set parameter WLSAccessID
Set parameter WLSSecret
Set parameter LicenseID to value 938810
Set parameter LogFile to value "gurobi.log"
Using license file /home/users/a/agma/gurobi.lic
Academic license 938810 - for non-commercial use only - registered to ag___@tu-berlin.de

Gurobi 12.0.2 (linux64, gurobi_cl) logging started Sat Jun  6 17:08:34 2026

Set parameter WLSAccessID
Set parameter WLSSecret
Set parameter LicenseID to value 938810
Set parameter LogFile to value "gurobi.log"
Using license file /home/users/a/agma/gurobi.lic
Academic license 938810 - for non-commercial use only - registered to ag___@tu-berlin.de

Gurobi 12.0.2 (linux64, gurobi_cl) logging started Sat Jun  6 17:16:46 2026

Set parameter WLSAccessID
Set parameter WLSSecret
Set parameter LicenseID to value 938810
Set parameter LogFile to value "gurobi.log"
Using license file /home/users/a/agma/gurobi.lic
Academic license 938810 - for non-commercial use only - registered to ag___@tu-berlin.de

Gurobi 12.0.2 (linux64, gurobi_cl) logging started Sat Jun  6 17:19:51 2026

Set parameter WLSAccessID
Set parameter WLSSecret
Set parameter LicenseID to value 938810
Set parameter LogFile to value "gurobi.log"
Using license file /home/users/a/agma/gurobi.lic
Academic license 938810 - for non-commercial use only - registered to ag___@tu-berlin.de

Gurobi 12.0.2 (linux64, gurobi_cl) logging started Sat Jun  6 17:20:49 2026

Set parameter WLSAccessID
Set parameter WLSSecret
Set parameter LicenseID to value 938810
Set parameter LogFile to value "gurobi.log"
Using license file /home/users/a/agma/gurobi.lic
Academic license 938810 - for non-commercial use only - registered to ag___@tu-berlin.de

Gurobi 12.0.2 (linux64, gurobi_cl) logging started Sat Jun  6 18:07:37 2026

Set parameter WLSAccessID
Set parameter WLSSecret
Set parameter LicenseID to value 938810
Set parameter LogFile to value "gurobi.log"
Using license file /home/users/a/agma/gurobi.lic
Academic license 938810 - for non-commercial use only - registered to ag___@tu-berlin.de

Gurobi 12.0.2 (linux64, gurobi_cl) logging started Sat Jun  6 18:11:17 2026

Set parameter WLSAccessID
Set parameter WLSSecret
Set parameter LicenseID to value 938810
Set parameter LogFile to value "gurobi.log"
Using license file /home/users/a/agma/gurobi.lic
Academic license 938810 - for non-commercial use only - registered to ag___@tu-berlin.de

Gurobi 12.0.2 (linux64, gurobi_cl) logging started Sat Jun  6 18:25:15 2026

Set parameter WLSAccessID
Set parameter WLSSecret
Set parameter LicenseID to value 938810
Set parameter LogFile to value "gurobi.log"
Using license file /home/users/a/agma/gurobi.lic
Academic license 938810 - for non-commercial use only - registered to ag___@tu-berlin.de

Gurobi 12.0.2 (linux64, gurobi_cl) logging started Sat Jun  6 18:53:12 2026

Set parameter WLSAccessID
Set parameter WLSSecret
Set parameter LicenseID to value 938810
Set parameter LogFile to value "gurobi.log"
Using license file /home/users/a/agma/gurobi.lic
Academic license 938810 - for non-commercial use only - registered to ag___@tu-berlin.de

Gurobi 12.0.2 (linux64, gurobi_cl) logging started Sat Jun  6 19:02:55 2026

Set parameter WLSAccessID
Set parameter WLSSecret
Set parameter LicenseID to value 938810
Set parameter LogFile to value "gurobi.log"
Using license file /home/users/a/agma/gurobi.lic
Academic license 938810 - for non-commercial use only - registered to ag___@tu-berlin.de

Gurobi 12.0.2 (linux64, gurobi_cl) logging started Sat Jun  6 19:10:12 2026

Set parameter WLSAccessID
Set parameter WLSSecret
Set parameter LicenseID to value 938810
Set parameter LogFile to value "gurobi.log"
Using license file /home/users/a/agma/gurobi.lic
Academic license 938810 - for non-commercial use only - registered to ag___@tu-berlin.de

Gurobi 12.0.2 (linux64, gurobi_cl) logging started Sun Jun  7 13:58:59 2026

Set parameter WLSAccessID
Set parameter WLSSecret
Set parameter LicenseID to value 938810
Set parameter LogFile to value "gurobi.log"
Using license file /home/users/a/agma/gurobi.lic
Academic license 938810 - for non-commercial use only - registered to ag___@tu-berlin.de

Gurobi 12.0.2 (linux64, gurobi_cl) logging started Sun Jun  7 14:00:31 2026

Set parameter WLSAccessID
Set parameter WLSSecret
Set parameter LicenseID to value 938810
Set parameter LogFile to value "gurobi.log"
Using license file /home/users/a/agma/gurobi.lic
Academic license 938810 - for non-commercial use only - registered to ag___@tu-berlin.de

Gurobi 12.0.2 (linux64, gurobi_cl) logging started Sun Jun  7 16:17:58 2026

Set parameter WLSAccessID
Set parameter WLSSecret
Set parameter LicenseID to value 938810
Set parameter LogFile to value "gurobi.log"
Using license file /home/users/a/agma/gurobi.lic
Academic license 938810 - for non-commercial use only - registered to ag___@tu-berlin.de

Gurobi 12.0.2 (linux64, gurobi_cl) logging started Sun Jun  7 16:37:00 2026

Set parameter WLSAccessID
Set parameter WLSSecret
Set parameter LicenseID to value 938810
Set parameter LogFile to value "gurobi.log"
Using license file /home/users/a/agma/gurobi.lic
Academic license 938810 - for non-commercial use only - registered to ag___@tu-berlin.de

Gurobi 12.0.2 (linux64, gurobi_cl) logging started Sun Jun  7 18:16:21 2026

Set parameter WLSAccessID
Set parameter WLSSecret
Set parameter LicenseID to value 938810
Set parameter LogFile to value "gurobi.log"
Using license file /home/users/a/agma/gurobi.lic
Academic license 938810 - for non-commercial use only - registered to ag___@tu-berlin.de

Gurobi 12.0.2 (linux64, gurobi_cl) logging started Sun Jun  7 19:16:46 2026

Set parameter WLSAccessID
Set parameter WLSSecret
Set parameter LicenseID to value 938810
Set parameter LogFile to value "gurobi.log"
Using license file /home/users/a/agma/gurobi.lic
Academic license 938810 - for non-commercial use only - registered to ag___@tu-berlin.de

Gurobi 12.0.2 (linux64, gurobi_cl) logging started Sun Jun  7 19:54:18 2026

Set parameter WLSAccessID
Set parameter WLSSecret
Set parameter LicenseID to value 938810
Set parameter LogFile to value "gurobi.log"
Using license file /home/users/a/agma/gurobi.lic
Academic license 938810 - for non-commercial use only - registered to ag___@tu-berlin.de

Gurobi 12.0.2 (linux64, gurobi_cl) logging started Sun Jun  7 20:08:13 2026

Set parameter WLSAccessID
Set parameter WLSSecret
Set parameter LicenseID to value 938810
Set parameter LogFile to value "gurobi.log"
Using license file /home/users/a/agma/gurobi.lic
Academic license 938810 - for non-commercial use only - registered to ag___@tu-berlin.de

Gurobi 12.0.2 (linux64, gurobi_cl) logging started Sun Jun  7 20:16:21 2026

Set parameter WLSAccessID
Set parameter WLSSecret
Set parameter LicenseID to value 938810
Set parameter LogFile to value "gurobi.log"
Using license file /home/users/a/agma/gurobi.lic
Academic license 938810 - for non-commercial use only - registered to ag___@tu-berlin.de

Gurobi 12.0.2 (linux64, gurobi_cl) logging started Sun Jun  7 20:32:57 2026

Set parameter WLSAccessID
Set parameter WLSSecret
Set parameter LicenseID to value 938810
Set parameter LogFile to value "gurobi.log"
Using license file /home/users/a/agma/gurobi.lic
Academic license 938810 - for non-commercial use only - registered to ag___@tu-berlin.de

Gurobi 12.0.2 (linux64, gurobi_cl) logging started Sun Jun  7 20:47:45 2026

Set parameter WLSAccessID
Set parameter WLSSecret
Set parameter LicenseID to value 938810
Set parameter LogFile to value "gurobi.log"
Using license file /home/users/a/agma/gurobi.lic
Academic license 938810 - for non-commercial use only - registered to ag___@tu-berlin.de

Gurobi 12.0.2 (linux64, gurobi_cl) logging started Sun Jun  7 21:13:24 2026

Set parameter WLSAccessID
Set parameter WLSSecret
Set parameter LicenseID to value 938810
Set parameter LogFile to value "gurobi.log"
Using license file /home/users/a/agma/gurobi.lic
Academic license 938810 - for non-commercial use only - registered to ag___@tu-berlin.de

Gurobi 12.0.2 (linux64, gurobi_cl) logging started Sun Jun  7 21:19:24 2026

Set parameter WLSAccessID
Set parameter WLSSecret
Set parameter LicenseID to value 938810
Set parameter LogFile to value "gurobi.log"
Using license file /home/users/a/agma/gurobi.lic
Academic license 938810 - for non-commercial use only - registered to ag___@tu-berlin.de

Gurobi 12.0.2 (linux64, gurobi_cl) logging started Sun Jun  7 21:27:49 2026

Set parameter WLSAccessID
Set parameter WLSSecret
Set parameter LicenseID to value 938810
Set parameter LogFile to value "gurobi.log"
Using license file /home/users/a/agma/gurobi.lic
Academic license 938810 - for non-commercial use only - registered to ag___@tu-berlin.de

Gurobi 12.0.2 (linux64, gurobi_cl) logging started Sun Jun  7 21:39:26 2026

Set parameter WLSAccessID
Set parameter WLSSecret
Set parameter LicenseID to value 938810
Set parameter LogFile to value "gurobi.log"
Using license file /home/users/a/agma/gurobi.lic
Academic license 938810 - for non-commercial use only - registered to ag___@tu-berlin.de

Gurobi 12.0.2 (linux64, gurobi_cl) logging started Mon Jun  8 01:18:54 2026

Set parameter WLSAccessID
Set parameter WLSSecret
Set parameter LicenseID to value 938810
Set parameter LogFile to value "gurobi.log"
Using license file /home/users/a/agma/gurobi.lic
Academic license 938810 - for non-commercial use only - registered to ag___@tu-berlin.de

Gurobi 12.0.2 (linux64, gurobi_cl) logging started Mon Jun  8 01:27:05 2026

Set parameter WLSAccessID
Set parameter WLSSecret
Set parameter LicenseID to value 938810
Set parameter LogFile to value "gurobi.log"
Using license file /home/users/a/agma/gurobi.lic
Academic license 938810 - for non-commercial use only - registered to ag___@tu-berlin.de

Gurobi 12.0.2 (linux64, gurobi_cl) logging started Mon Jun  8 10:22:39 2026

Set parameter WLSAccessID
Set parameter WLSSecret
Set parameter LicenseID to value 938810
Set parameter LogFile to value "gurobi.log"
Using license file /home/users/a/agma/gurobi.lic
Academic license 938810 - for non-commercial use only - registered to ag___@tu-berlin.de

Gurobi 12.0.2 (linux64, gurobi_cl) logging started Mon Jun  8 10:24:16 2026

Set parameter WLSAccessID
Set parameter WLSSecret
Set parameter LicenseID to value 938810
Set parameter LogFile to value "gurobi.log"
Using license file /home/users/a/agma/gurobi.lic
Academic license 938810 - for non-commercial use only - registered to ag___@tu-berlin.de

Gurobi 12.0.2 (linux64, gurobi_cl) logging started Mon Jun  8 10:28:29 2026

Set parameter WLSAccessID
Set parameter WLSSecret
Set parameter LicenseID to value 938810
Set parameter LogFile to value "gurobi.log"
Using license file /home/users/a/agma/gurobi.lic
Academic license 938810 - for non-commercial use only - registered to ag___@tu-berlin.de

Gurobi 12.0.2 (linux64, gurobi_cl) logging started Mon Jun  8 10:45:00 2026

Set parameter WLSAccessID
Set parameter WLSSecret
Set parameter LicenseID to value 938810
Set parameter LogFile to value "gurobi.log"
Using license file /home/users/a/agma/gurobi.lic
Academic license 938810 - for non-commercial use only - registered to ag___@tu-berlin.de

Gurobi 12.0.2 (linux64, gurobi_cl) logging started Mon Jun  8 10:55:17 2026

Set parameter WLSAccessID
Set parameter WLSSecret
Set parameter LicenseID to value 938810
Set parameter LogFile to value "gurobi.log"
Using license file /home/users/a/agma/gurobi.lic
Academic license 938810 - for non-commercial use only - registered to ag___@tu-berlin.de

Gurobi 12.0.2 (linux64, gurobi_cl) logging started Mon Jun  8 11:04:39 2026

Set parameter WLSAccessID
Set parameter WLSSecret
Set parameter LicenseID to value 938810
Set parameter LogFile to value "gurobi.log"
Using license file /home/users/a/agma/gurobi.lic
Academic license 938810 - for non-commercial use only - registered to ag___@tu-berlin.de

Gurobi 12.0.2 (linux64, gurobi_cl) logging started Mon Jun  8 11:14:30 2026

Set parameter WLSAccessID
Set parameter WLSSecret
Set parameter LicenseID to value 938810
Set parameter LogFile to value "gurobi.log"
Using license file /home/users/a/agma/gurobi.lic
Academic license 938810 - for non-commercial use only - registered to ag___@tu-berlin.de

Gurobi 12.0.2 (linux64, gurobi_cl) logging started Mon Jun  8 11:22:44 2026

Set parameter WLSAccessID
Set parameter WLSSecret
Set parameter LicenseID to value 938810
Set parameter LogFile to value "gurobi.log"
Using license file /home/users/a/agma/gurobi.lic
Academic license 938810 - for non-commercial use only - registered to ag___@tu-berlin.de

Gurobi 12.0.2 (linux64, gurobi_cl) logging started Mon Jun  8 11:26:22 2026

Set parameter WLSAccessID
Set parameter WLSSecret
Set parameter LicenseID to value 938810
Set parameter LogFile to value "gurobi.log"
Using license file /home/users/a/agma/gurobi.lic
Academic license 938810 - for non-commercial use only - registered to ag___@tu-berlin.de

Gurobi 12.0.2 (linux64, gurobi_cl) logging started Mon Jun  8 11:32:27 2026

Set parameter WLSAccessID
Set parameter WLSSecret
Set parameter LicenseID to value 938810
Set parameter LogFile to value "gurobi.log"
Using license file /home/users/a/agma/gurobi.lic
Academic license 938810 - for non-commercial use only - registered to ag___@tu-berlin.de

Gurobi 12.0.2 (linux64, gurobi_cl) logging started Mon Jun  8 11:45:47 2026

Set parameter WLSAccessID
Set parameter WLSSecret
Set parameter LicenseID to value 938810
Set parameter LogFile to value "gurobi.log"
Using license file /home/users/a/agma/gurobi.lic
Academic license 938810 - for non-commercial use only - registered to ag___@tu-berlin.de

Gurobi 12.0.2 (linux64, gurobi_cl) logging started Mon Jun  8 12:20:44 2026

Set parameter WLSAccessID
Set parameter WLSSecret
Set parameter LicenseID to value 938810
Set parameter LogFile to value "gurobi.log"
Using license file /home/users/a/agma/gurobi.lic
Academic license 938810 - for non-commercial use only - registered to ag___@tu-berlin.de

Gurobi 12.0.2 (linux64, gurobi_cl) logging started Mon Jun  8 13:00:45 2026

Set parameter WLSAccessID
Set parameter WLSSecret
Set parameter LicenseID to value 938810
Set parameter LogFile to value "gurobi.log"
Using license file /home/users/a/agma/gurobi.lic
Academic license 938810 - for non-commercial use only - registered to ag___@tu-berlin.de

Gurobi 12.0.2 (linux64, gurobi_cl) logging started Mon Jun  8 13:58:34 2026

Set parameter WLSAccessID
Set parameter WLSSecret
Set parameter LicenseID to value 938810
Set parameter LogFile to value "gurobi.log"
Using license file /home/users/a/agma/gurobi.lic
Academic license 938810 - for non-commercial use only - registered to ag___@tu-berlin.de

Gurobi 12.0.2 (linux64, gurobi_cl) logging started Mon Jun  8 15:38:11 2026

Set parameter WLSAccessID
Set parameter WLSSecret
Set parameter LicenseID to value 938810
Set parameter LogFile to value "gurobi.log"
Using license file /home/users/a/agma/gurobi.lic
Academic license 938810 - for non-commercial use only - registered to ag___@tu-berlin.de

Gurobi 12.0.2 (linux64, gurobi_cl) logging started Mon Jun  8 15:53:58 2026

Set parameter WLSAccessID
Set parameter WLSSecret
Set parameter LicenseID to value 938810
Set parameter LogFile to value "gurobi.log"
Using license file /home/users/a/agma/gurobi.lic
Academic license 938810 - for non-commercial use only - registered to ag___@tu-berlin.de

Gurobi 12.0.2 (linux64, gurobi_cl) logging started Mon Jun  8 16:10:54 2026

Set parameter WLSAccessID
Set parameter WLSSecret
Set parameter LicenseID to value 938810
Set parameter LogFile to value "gurobi.log"
Using license file /home/users/a/agma/gurobi.lic
Academic license 938810 - for non-commercial use only - registered to ag___@tu-berlin.de

Gurobi 12.0.2 (linux64, gurobi_cl) logging started Mon Jun  8 17:30:21 2026

Set parameter WLSAccessID
Set parameter WLSSecret
Set parameter LicenseID to value 938810
Set parameter LogFile to value "gurobi.log"
Using license file /home/users/a/agma/gurobi.lic
Academic license 938810 - for non-commercial use only - registered to ag___@tu-berlin.de

Gurobi 12.0.2 (linux64, gurobi_cl) logging started Mon Jun  8 17:46:03 2026

Set parameter WLSAccessID
Set parameter WLSSecret
Set parameter LicenseID to value 938810
Set parameter LogFile to value "gurobi.log"
Using license file /home/users/a/agma/gurobi.lic
Academic license 938810 - for non-commercial use only - registered to ag___@tu-berlin.de

Gurobi 12.0.2 (linux64, gurobi_cl) logging started Mon Jun  8 21:31:52 2026

Set parameter WLSAccessID
Set parameter WLSSecret
Set parameter LicenseID to value 938810
Set parameter LogFile to value "gurobi.log"
Using license file /home/users/a/agma/gurobi.lic
Academic license 938810 - for non-commercial use only - registered to ag___@tu-berlin.de

Gurobi 12.0.2 (linux64, gurobi_cl) logging started Mon Jun  8 22:05:18 2026

Set parameter WLSAccessID
Set parameter WLSSecret
Set parameter LicenseID to value 938810
Set parameter LogFile to value "gurobi.log"
Using license file /home/users/a/agma/gurobi.lic
Academic license 938810 - for non-commercial use only - registered to ag___@tu-berlin.de

Gurobi 12.0.2 (linux64, gurobi_cl) logging started Mon Jun  8 22:46:45 2026

Set parameter WLSAccessID
Set parameter WLSSecret
Set parameter LicenseID to value 938810
Set parameter LogFile to value "gurobi.log"
Using license file /home/users/a/agma/gurobi.lic
Academic license 938810 - for non-commercial use only - registered to ag___@tu-berlin.de

Gurobi 12.0.2 (linux64, gurobi_cl) logging started Mon Jun  8 22:47:58 2026

Set parameter WLSAccessID
Set parameter WLSSecret
Set parameter LicenseID to value 938810
Set parameter LogFile to value "gurobi.log"
Using license file /home/users/a/agma/gurobi.lic
Academic license 938810 - for non-commercial use only - registered to ag___@tu-berlin.de

Gurobi 12.0.2 (linux64, gurobi_cl) logging started Mon Jun  8 22:52:19 2026

Set parameter WLSAccessID
Set parameter WLSSecret
Set parameter LicenseID to value 938810
Set parameter LogFile to value "gurobi.log"
Using license file /home/users/a/agma/gurobi.lic
Academic license 938810 - for non-commercial use only - registered to ag___@tu-berlin.de

Gurobi 12.0.2 (linux64, gurobi_cl) logging started Mon Jun  8 22:55:50 2026

Set parameter WLSAccessID
Set parameter WLSSecret
Set parameter LicenseID to value 938810
Set parameter LogFile to value "gurobi.log"
Using license file /home/users/a/agma/gurobi.lic
Academic license 938810 - for non-commercial use only - registered to ag___@tu-berlin.de

Gurobi 12.0.2 (linux64, gurobi_cl) logging started Mon Jun  8 22:56:01 2026

Set parameter WLSAccessID
Set parameter WLSSecret
Set parameter LicenseID to value 938810
Set parameter LogFile to value "gurobi.log"
Using license file /home/users/a/agma/gurobi.lic
Academic license 938810 - for non-commercial use only - registered to ag___@tu-berlin.de

Gurobi 12.0.2 (linux64, gurobi_cl) logging started Mon Jun  8 22:56:01 2026


Gurobi 12.0.2 (linux64, gurobi_cl) logging started Mon Jun  8 22:56:01 2026


Gurobi 12.0.2 (linux64, gurobi_cl) logging started Mon Jun  8 22:56:01 2026

Set parameter WLSAccessID
Set parameter WLSSecret
Set parameter WLSAccessID
Set parameter LicenseID to value 938810
Set parameter WLSAccessID
Set parameter WLSSecret
Set parameter WLSSecret
Set parameter LogFile to value "gurobi.log"
Using license file /home/users/a/agma/gurobi.lic
Set parameter LicenseID to value 938810
Set parameter LicenseID to value 938810
Set parameter LogFile to value "gurobi.log"
Using license file /home/users/a/agma/gurobi.lic
Set parameter LogFile to value "gurobi.log"
Using license file /home/users/a/agma/gurobi.lic
Academic license 938810 - for non-commercial use only - registered to ag___@tu-berlin.de
Academic license 938810 - for non-commercial use only - registered to ag___@tu-berlin.de
Academic license 938810 - for non-commercial use only - registered to ag___@tu-berlin.de

Gurobi 12.0.2 (linux64, gurobi_cl) logging started Mon Jun  8 22:56:04 2026

Set parameter WLSAccessID
Set parameter WLSSecret
Set parameter LicenseID to value 938810
Set parameter LogFile to value "gurobi.log"
Using license file /home/users/a/agma/gurobi.lic
Academic license 938810 - for non-commercial use only - registered to ag___@tu-berlin.de

Gurobi 12.0.2 (linux64, gurobi_cl) logging started Mon Jun  8 22:56:04 2026

Set parameter WLSAccessID
Set parameter WLSSecret
Set parameter LicenseID to value 938810
Set parameter LogFile to value "gurobi.log"
Using license file /home/users/a/agma/gurobi.lic
Academic license 938810 - for non-commercial use only - registered to ag___@tu-berlin.de

Gurobi 12.0.2 (linux64, gurobi_cl) logging started Mon Jun  8 22:56:08 2026

Set parameter WLSAccessID
Set parameter WLSSecret
Set parameter LicenseID to value 938810
Set parameter LogFile to value "gurobi.log"
Using license file /home/users/a/agma/gurobi.lic
Academic license 938810 - for non-commercial use only - registered to ag___@tu-berlin.de

Gurobi 12.0.2 (linux64, gurobi_cl) logging started Mon Jun  8 22:56:09 2026


Gurobi 12.0.2 (linux64, gurobi_cl) logging started Mon Jun  8 22:56:09 2026


Gurobi 12.0.2 (linux64, gurobi_cl) logging started Mon Jun  8 22:56:09 2026

Set parameter WLSAccessID
Set parameter WLSSecret
Set parameter WLSAccessID
Set parameter LicenseID to value 938810
Set parameter WLSSecret
Set parameter WLSAccessID
Set parameter LogFile to value "gurobi.log"
Set parameter LicenseID to value 938810
Set parameter WLSSecret
Using license file /home/users/a/agma/gurobi.lic
Set parameter LogFile to value "gurobi.log"
Using license file /home/users/a/agma/gurobi.lic
Set parameter LicenseID to value 938810
Set parameter LogFile to value "gurobi.log"
Using license file /home/users/a/agma/gurobi.lic
Academic license 938810 - for non-commercial use only - registered to ag___@tu-berlin.de
Academic license 938810 - for non-commercial use only - registered to ag___@tu-berlin.de
Academic license 938810 - for non-commercial use only - registered to ag___@tu-berlin.de

Gurobi 12.0.2 (linux64, gurobi_cl) logging started Mon Jun  8 22:56:11 2026

Set parameter WLSAccessID
Set parameter WLSSecret
Set parameter LicenseID to value 938810
Set parameter LogFile to value "gurobi.log"
Using license file /home/users/a/agma/gurobi.lic
Academic license 938810 - for non-commercial use only - registered to ag___@tu-berlin.de

Gurobi 12.0.2 (linux64, gurobi_cl) logging started Mon Jun  8 22:56:11 2026

Set parameter WLSAccessID
Set parameter WLSSecret
Set parameter LicenseID to value 938810
Set parameter LogFile to value "gurobi.log"
Using license file /home/users/a/agma/gurobi.lic
Academic license 938810 - for non-commercial use only - registered to ag___@tu-berlin.de

Gurobi 12.0.2 (linux64, gurobi_cl) logging started Mon Jun  8 22:56:12 2026

Set parameter WLSAccessID
Set parameter WLSSecret
Set parameter LicenseID to value 938810
Set parameter LogFile to value "gurobi.log"
Using license file /home/users/a/agma/gurobi.lic

Gurobi 12.0.2 (linux64, gurobi_cl) logging started Mon Jun  8 22:56:24 2026

Set parameter WLSAccessID
Set parameter WLSSecret
Set parameter LicenseID to value 938810
Set parameter LogFile to value "gurobi.log"
Using license file /home/users/a/agma/gurobi.lic

Gurobi 12.0.2 (linux64, gurobi_cl) logging started Mon Jun  8 22:57:31 2026


Gurobi 12.0.2 (linux64, gurobi_cl) logging started Mon Jun  8 22:57:31 2026


Gurobi 12.0.2 (linux64, gurobi_cl) logging started Mon Jun  8 22:57:31 2026

Set parameter WLSAccessID
Set parameter WLSSecret
Set parameter LicenseID to value 938810
Set parameter LogFile to value "gurobi.log"
Using license file /home/users/a/agma/gurobi.lic
Set parameter WLSAccessID
Set parameter WLSSecret
Set parameter WLSAccessID
Set parameter LicenseID to value 938810
Set parameter WLSSecret
Set parameter LogFile to value "gurobi.log"
Set parameter LicenseID to value 938810
Using license file /home/users/a/agma/gurobi.lic
Set parameter LogFile to value "gurobi.log"
Using license file /home/users/a/agma/gurobi.lic
Academic license 938810 - for non-commercial use only - registered to ag___@tu-berlin.de
Academic license 938810 - for non-commercial use only - registered to ag___@tu-berlin.de
Academic license 938810 - for non-commercial use only - registered to ag___@tu-berlin.de

Gurobi 12.0.2 (linux64, gurobi_cl) logging started Mon Jun  8 22:57:32 2026

Set parameter WLSAccessID
Set parameter WLSSecret
Set parameter LicenseID to value 938810
Set parameter LogFile to value "gurobi.log"
Using license file /home/users/a/agma/gurobi.lic
Academic license 938810 - for non-commercial use only - registered to ag___@tu-berlin.de

Gurobi 12.0.2 (linux64, gurobi_cl) logging started Mon Jun  8 22:57:32 2026

Set parameter WLSAccessID
Set parameter WLSSecret
Set parameter LicenseID to value 938810
Set parameter LogFile to value "gurobi.log"
Using license file /home/users/a/agma/gurobi.lic
Academic license 938810 - for non-commercial use only - registered to ag___@tu-berlin.de

Gurobi 12.0.2 (linux64, gurobi_cl) logging started Mon Jun  8 22:57:32 2026

Set parameter WLSAccessID
Set parameter WLSSecret
Set parameter LicenseID to value 938810
Set parameter LogFile to value "gurobi.log"
Using license file /home/users/a/agma/gurobi.lic
Academic license 938810 - for non-commercial use only - registered to ag___@tu-berlin.de

Gurobi 12.0.2 (linux64, gurobi_cl) logging started Mon Jun  8 22:57:32 2026

Set parameter WLSAccessID
Set parameter WLSSecret
Set parameter LicenseID to value 938810
Set parameter LogFile to value "gurobi.log"
Using license file /home/users/a/agma/gurobi.lic
Academic license 938810 - for non-commercial use only - registered to ag___@tu-berlin.de

Gurobi 12.0.2 (linux64, gurobi_cl) logging started Mon Jun  8 22:57:39 2026


Gurobi 12.0.2 (linux64, gurobi_cl) logging started Mon Jun  8 22:57:39 2026


Gurobi 12.0.2 (linux64, gurobi_cl) logging started Mon Jun  8 22:57:39 2026

Set parameter WLSAccessID
Set parameter WLSSecret
Set parameter LicenseID to value 938810
Set parameter WLSAccessID
Set parameter WLSSecret
Set parameter LogFile to value "gurobi.log"
Set parameter LicenseID to value 938810
Using license file /home/users/a/agma/gurobi.lic
Set parameter WLSAccessID
Set parameter LogFile to value "gurobi.log"
Set parameter WLSSecret
Using license file /home/users/a/agma/gurobi.lic
Set parameter LicenseID to value 938810
Set parameter LogFile to value "gurobi.log"
Using license file /home/users/a/agma/gurobi.lic
Academic license 938810 - for non-commercial use only - registered to ag___@tu-berlin.de
Academic license 938810 - for non-commercial use only - registered to ag___@tu-berlin.de
Academic license 938810 - for non-commercial use only - registered to ag___@tu-berlin.de

Gurobi 12.0.2 (linux64, gurobi_cl) logging started Mon Jun  8 22:57:39 2026

Set parameter WLSAccessID
Set parameter WLSSecret
Set parameter LicenseID to value 938810
Set parameter LogFile to value "gurobi.log"
Using license file /home/users/a/agma/gurobi.lic
Academic license 938810 - for non-commercial use only - registered to ag___@tu-berlin.de

Gurobi 12.0.2 (linux64, gurobi_cl) logging started Mon Jun  8 22:57:39 2026

Set parameter WLSAccessID
Set parameter WLSSecret
Set parameter LicenseID to value 938810
Set parameter LogFile to value "gurobi.log"
Using license file /home/users/a/agma/gurobi.lic
Academic license 938810 - for non-commercial use only - registered to ag___@tu-berlin.de

Gurobi 12.0.2 (linux64, gurobi_cl) logging started Mon Jun  8 22:57:40 2026

Set parameter WLSAccessID
Set parameter WLSSecret
Set parameter LicenseID to value 938810
Set parameter LogFile to value "gurobi.log"
Using license file /home/users/a/agma/gurobi.lic
Academic license 938810 - for non-commercial use only - registered to ag___@tu-berlin.de

Gurobi 12.0.2 (linux64, gurobi_cl) logging started Mon Jun  8 22:57:41 2026

Set parameter WLSAccessID
Set parameter WLSSecret
Set parameter LicenseID to value 938810
Set parameter LogFile to value "gurobi.log"
Using license file /home/users/a/agma/gurobi.lic
Academic license 938810 - for non-commercial use only - registered to ag___@tu-berlin.de

Gurobi 12.0.2 (linux64, gurobi_cl) logging started Mon Jun  8 22:58:10 2026

Set parameter WLSAccessID
Set parameter WLSSecret
Set parameter LicenseID to value 938810
Set parameter LogFile to value "gurobi.log"
Using license file /home/users/a/agma/gurobi.lic
Academic license 938810 - for non-commercial use only - registered to ag___@tu-berlin.de

Gurobi 12.0.2 (linux64, gurobi_cl) logging started Mon Jun  8 22:58:12 2026

Set parameter WLSAccessID
Set parameter WLSSecret
D
Set parameter WLSSecret
to value 938810
Set parameter LicenseID to value 938810
Set parameter LogFile to value "gurobi.log"
Set parameter LogFile to value "gurobi.log"
.lic
Using license file /home/users/a/agma/gurobi.lic
Academic license 938810 - for non-commercial use only - registered to ag___@tu-berlin.de
Academic license 938810 - for non-commercial use only - registered to ag___@tu-berlin.de

Gurobi 12.0.2 (linux64, gurobi_cl) logging started Mon Jun  8 22:58:12 2026


Gurobi 12.0.2 (linux64, gurobi_cl) logging started Mon Jun  8 22:58:12 2026

Set parameter WLSAccessID
Set parameter WLSSecret
Set parameter LicenseID to value 938810
Set parameter WLSAccessID
Set parameter WLSSecret
Set parameter LogFile to value "gurobi.log"
Set parameter LicenseID to value 938810
Using license file /home/users/a/agma/gurobi.lic
Set parameter LogFile to value "gurobi.log"
Using license file /home/users/a/agma/gurobi.lic
Academic license 938810 - for non-commercial use only - registered to ag___@tu-berlin.de
Academic license 938810 - for non-commercial use only - registered to ag___@tu-berlin.de

Gurobi 12.0.2 (linux64, gurobi_cl) logging started Mon Jun  8 22:58:12 2026

Set parameter WLSAccessID
Set parameter WLSSecret
Set parameter LicenseID to value 938810
Set parameter LogFile to value "gurobi.log"
Using license file /home/users/a/agma/gurobi.lic
Academic license 938810 - for non-commercial use only - registered to ag___@tu-berlin.de

Gurobi 12.0.2 (linux64, gurobi_cl) logging started Mon Jun  8 22:58:17 2026

Set parameter WLSAccessID
Set parameter WLSSecret
Set parameter LicenseID to value 938810
Set parameter LogFile to value "gurobi.log"
Using license file /home/users/a/agma/gurobi.lic
Academic license 938810 - for non-commercial use only - registered to ag___@tu-berlin.de

Gurobi 12.0.2 (linux64, gurobi_cl) logging started Mon Jun  8 22:58:19 2026

Set parameter WLSAccessID
Set parameter WLSSecret
Set parameter LicenseID to value 938810
Set parameter LogFile to value "gurobi.log"
Using license file /home/users/a/agma/gurobi.lic

Gurobi 12.0.2 (linux64, gurobi_cl) logging started Mon Jun  8 22:58:19 2026

Set parameter WLSAccessID
Set parameter WLSSecret
Set parameter LicenseID to value 938810
Set parameter LogFile to value "gurobi.log"
Academic license 938810 - for non-commercial use only - registered to ag___@tu-berlin.de
Academic license 938810 - for non-commercial use only - registered to ag___@tu-berlin.de

Gurobi 12.0.2 (linux64, gurobi_cl) logging started Mon Jun  8 22:58:19 2026


Gurobi 12.0.2 (linux64, gurobi_cl) logging started Mon Jun  8 22:58:19 2026

Set parameter WLSAccessID
Set parameter WLSAccessID
Set parameter WLSSecret
Set parameter WLSSecret
Set parameter LicenseID to value 938810
Set parameter LicenseID to value 938810
Set parameter LogFile to value "gurobi.log"
Using license file /home/users/a/agma/gurobi.lic
Set parameter LogFile to value "gurobi.log"
Using license file /home/users/a/agma/gurobi.lic
Academic license 938810 - for non-commercial use only - registered to ag___@tu-berlin.de
Academic license 938810 - for non-commercial use only - registered to ag___@tu-berlin.de

Gurobi 12.0.2 (linux64, gurobi_cl) logging started Mon Jun  8 22:58:19 2026

Set parameter WLSAccessID
Set parameter WLSSecret
Set parameter LicenseID to value 938810
Set parameter LogFile to value "gurobi.log"
Using license file /home/users/a/agma/gurobi.lic
Academic license 938810 - for non-commercial use only - registered to ag___@tu-berlin.de

Gurobi 12.0.2 (linux64, gurobi_cl) logging started Mon Jun  8 22:58:52 2026

Set parameter WLSAccessID
Set parameter WLSSecret
Set parameter LicenseID to value 938810
Set parameter LogFile to value "gurobi.log"
Using license file /home/users/a/agma/gurobi.lic
Academic license 938810 - for non-commercial use only - registered to ag___@tu-berlin.de

Gurobi 12.0.2 (linux64, gurobi_cl) logging started Mon Jun  8 22:59:01 2026

Set parameter WLSAccessID
Set parameter WLSSecret
Set parameter LicenseID to value 938810
Set parameter LogFile to value "gurobi.log"
Using license file /home/users/a/agma/gurobi.lic
Academic license 938810 - for non-commercial use only - registered to ag___@tu-berlin.de

Gurobi 12.0.2 (linux64, gurobi_cl) logging started Mon Jun  8 22:59:31 2026


Gurobi 12.0.2 (linux64, gurobi_cl) logging started Mon Jun  8 22:59:31 2026


Gurobi 12.0.2 (linux64, gurobi_cl) logging started Mon Jun  8 22:59:31 2026

Set parameter WLSAccessID
Set parameter WLSSecret
Set parameter WLSAccessID
 value 938810
Set parameter LicenseID to value 938810
Set parameter LogFile to value "gurobi.log"
Using license file /home/users/a/agma/guSet parameter LogFile to value "gurobi.log"
Using license file /home/users/a/agma/gurobi.lic
Set parameter LogFile to value "gurobi.log"
Using license file /home/users/a/agma/gurobi.lic
Academic license 938810 - for non-commercial use only - registered to ag___@tu-berlin.de
Academic license 938810 - for non-commercial use only - registered to ag___@tu-berlin.de

Gurobi 12.0.2 (linux64, gurobi_cl) logging started Mon Jun  8 22:59:38 2026


Gurobi 12.0.2 (linux64, gurobi_cl) logging started Mon Jun  8 22:59:38 2026

Set parameter WLSAccessID
Set parameter WLSSecret
Set parameter WLSAccessID
Set parameter LicenseID to value 938810
Set parameter WLSSecret
Set parameter LogFile to value "gurobi.log"
Set parameter LicenseID to value 938810
Using license file /home/users/a/agma/gurobi.lic
Set parameter LogFile to value "gurobi.log"
Using license file /home/users/a/agma/gurobi.lic
Academic license 938810 - for non-commercial use only - registered to ag___@tu-berlin.de
Academic license 938810 - for non-commercial use only - registered to ag___@tu-berlin.de

Gurobi 12.0.2 (linux64, gurobi_cl) logging started Mon Jun  8 22:59:39 2026

Set parameter WLSAccessID
Set parameter WLSSecret
Set parameter LicenseID to value 938810
Set parameter LogFile to value "gurobi.log"
Using license file /home/users/a/agma/gurobi.lic
Academic license 938810 - for non-commercial use only - registered to ag___@tu-berlin.de

Gurobi 12.0.2 (linux64, gurobi_cl) logging started Mon Jun  8 23:01:02 2026

Set parameter WLSAccessID
Set parameter WLSSecret
Set parameter LicenseID to value 938810
Set parameter LogFile to value "gurobi.log"
Using license file /home/users/a/agma/gurobi.lic
Academic license 938810 - for non-commercial use only - registered to ag___@tu-berlin.de

Gurobi 12.0.2 (linux64, gurobi_cl) logging started Mon Jun  8 23:01:03 2026


Gurobi 12.0.2 (linux64, gurobi_cl) logging started Mon Jun  8 23:01:03 2026

Set parameter WLSAccessID
Set parameter WLSAccessID
Set parameter WLSSecret
Set parameter WLSSecret
Set parameter LicenseID to value 938810
Set parameter LicenseID to value 938810
Set parameter LogFile to value "gurobi.log"
Using license file /home/users/a/agma/gurobi.lic
Set parameter LogFile to value "gurobi.log"
Using license file /home/users/a/agma/gurobi.lic
Academic license 938810 - for non-commercial use only - registered to ag___@tu-berlin.de
Academic license 938810 - for non-commercial use only - registered to ag___@tu-berlin.de

Gurobi 12.0.2 (linux64, gurobi_cl) logging started Mon Jun  8 23:01:03 2026

Set parameter WLSAccessID
Set parameter WLSSecret
Set parameter LicenseID to value 938810
Set parameter LogFile to value "gurobi.log"
Using license file /home/users/a/agma/gurobi.lic
Academic license 938810 - for non-commercial use only - registered to ag___@tu-berlin.de

Gurobi 12.0.2 (linux64, gurobi_cl) logging started Mon Jun  8 23:01:03 2026

Set parameter WLSAccessID
Set parameter WLSSecret
Set parameter LicenseID to value 938810
Set parameter LogFile to value "gurobi.log"
Using license file /home/users/a/agma/gurobi.lic
Academic license 938810 - for non-commercial use only - registered to ag___@tu-berlin.de

Gurobi 12.0.2 (linux64, gurobi_cl) logging started Mon Jun  8 23:01:09 2026

Set parameter WLSAccessID
Set parameter WLSSecret
Set parameter LicenseID to value 938810
Set parameter LogFile to value "gurobi.log"
Using license file /home/users/a/agma/gurobi.lic
Academic license 938810 - for non-commercial use only - registered to ag___@tu-berlin.de

Gurobi 12.0.2 (linux64, gurobi_cl) logging started Mon Jun  8 23:01:10 2026

Set parameter WLSAccessID
Set parameter WLSSecret
Set parameter LicenseID to value 938810
Set parameter LogFile to value "gurobi.log"
Using license file /home/users/a/agma/gurobi.lic

Gurobi 12.0.2 (linux64, gurobi_cl) logging started Mon Jun  8 23:01:10 2026

Set parameter WLSAccessID
Set parameter WLSSecret
Set parameter LicenseID to value 938810
Set parameter LogFile to value "gurobi.log"
Using license file /home/users/a/agma/gurobi.lic
Academic license 938810 - for non-commercial use only - registered to ag___@tu-berlin.de
Academic license 938810 - for non-commercial use only - registered to ag___@tu-berlin.de

Gurobi 12.0.2 (linux64, gurobi_cl) logging started Mon Jun  8 23:01:10 2026

Set parameter WLSAccessID
Set parameter WLSSecret
Set parameter LicenseID to value 938810
Set parameter LogFile to value "gurobi.log"
Using license file /home/users/a/agma/gurobi.lic
Academic license 938810 - for non-commercial use only - registered to ag___@tu-berlin.de

Gurobi 12.0.2 (linux64, gurobi_cl) logging started Mon Jun  8 23:01:11 2026

Set parameter WLSAccessID
Set parameter WLSSecret
Set parameter LicenseID to value 938810
Set parameter LogFile to value "gurobi.log"
Using license file /home/users/a/agma/gurobi.lic
Academic license 938810 - for non-commercial use only - registered to ag___@tu-berlin.de

Gurobi 12.0.2 (linux64, gurobi_cl) logging started Mon Jun  8 23:01:14 2026

Set parameter WLSAccessID
Set parameter WLSSecret
Set parameter LicenseID to value 938810
Set parameter LogFile to value "gurobi.log"
Using license file /home/users/a/agma/gurobi.lic
Academic license 938810 - for non-commercial use only - registered to ag___@tu-berlin.de

Gurobi 12.0.2 (linux64, gurobi_cl) logging started Mon Jun  8 23:01:21 2026

Set parameter WLSAccessID
Set parameter WLSSecret
Set parameter LicenseID to value 938810
Set parameter LogFile to value "gurobi.log"
Using license file /home/users/a/agma/gurobi.lic
Academic license 938810 - for non-commercial use only - registered to ag___@tu-berlin.de

Gurobi 12.0.2 (linux64, gurobi_cl) logging started Mon Jun  8 23:02:33 2026


Gurobi 12.0.2 (linux64, gurobi_cl) logging started Mon Jun  8 23:02:33 2026


Gurobi 12.0.2 (linux64, gurobi_cl) logging started Mon Jun  8 23:02:33 2026

Set parameter WLSAccessID
Set parameter WLSAccessID
Set parameter WLSSecret
Set parameter WLSAccessID
Set parameter WLSSecret
Set parameter WLSSecret
Set parameter LicenseID to value 938810
Set parameter LicenseID to value 938810
Set parameter LicenseID to value 938810
Set parameter LogFile to value "gurobi.log"
Set parameter LogFile to value "gurobi.log"
Using license file /home/users/a/agma/gurobi.lic
Set parameter LogFile to value "gurobi.log"
Using license file /home/users/a/agma/gurobi.lic
Using license file /home/users/a/agma/gurobi.lic
Academic license 938810 - for non-commercial use only - registered to ag___@tu-berlin.de
Academic license 938810 - for non-commercial use only - registered to ag___@tu-berlin.de
Academic license 938810 - for non-commercial use only - registered to ag___@tu-berlin.de

Gurobi 12.0.2 (linux64, gurobi_cl) logging started Mon Jun  8 23:02:41 2026


Gurobi 12.0.2 (linux64, gurobi_cl) logging started Mon Jun  8 23:02:41 2026

Set parameter WLSAccessID
Set parameter WLSSecret
Set parameter WLSAccessID
Set parameter WLSSecret
Set parameter LicenseID to value 938810
Set parameter LicenseID to value 938810
Set parameter LogFile to value "gurobi.log"
Set parameter LogFile to value "gurobi.log"
Using license file /home/users/a/agma/gurobi.lic
Using license file /home/users/a/agma/gurobi.lic

Gurobi 12.0.2 (linux64, gurobi_cl) logging started Mon Jun  8 23:02:41 2026

Set parameter WLSAccessID
Set parameter WLSSecret
Set parameter LicenseID to value 938810
Set parameter LogFile to value "gurobi.log"
Using license file /home/users/a/agma/gurobi.lic
Academic license 938810 - for non-commercial use only - registered to ag___@tu-berlin.de
Academic license 938810 - for non-commercial use only - registered to ag___@tu-berlin.de
Academic license 938810 - for non-commercial use only - registered to ag___@tu-berlin.de

Gurobi 12.0.2 (linux64, gurobi_cl) logging started Mon Jun  8 23:08:59 2026

Set parameter WLSAccessID
Set parameter WLSSecret
Set parameter LicenseID to value 938810
Set parameter LogFile to value "gurobi.log"
Using license file /home/users/a/agma/gurobi.lic
Academic license 938810 - for non-commercial use only - registered to ag___@tu-berlin.de

Gurobi 12.0.2 (linux64, gurobi_cl) logging started Mon Jun  8 23:10:12 2026

Set parameter WLSAccessID
Set parameter WLSSecret
Set parameter LicenseID to value 938810
Set parameter LogFile to value "gurobi.log"
Using license file /home/users/a/agma/gurobi.lic
Academic license 938810 - for non-commercial use only - registered to ag___@tu-berlin.de

Gurobi 12.0.2 (linux64, gurobi_cl) logging started Mon Jun  8 23:10:23 2026


Gurobi 12.0.2 (linux64, gurobi_cl) logging started Mon Jun  8 23:10:23 2026

Set parameter WLSAccessID
Set parameter WLSAccessID
Set parameter WLSSecret
Set parameter LicenseID to value 938810
Set parameter WLSSecret
Set parameter LogFile to value "gurobi.log"
Using license file /home/users/a/agma/gurobi.lic
Set parameter LicenseID to value 938810
Set parameter LogFile to value "gurobi.log"
Using license file /home/users/a/agma/gurobi.lic
Academic license 938810 - for non-commercial use only - registered to ag___@tu-berlin.de
Academic license 938810 - for non-commercial use only - registered to ag___@tu-berlin.de

Gurobi 12.0.2 (linux64, gurobi_cl) logging started Mon Jun  8 23:10:26 2026

Set parameter WLSAccessID
Set parameter WLSSecret
Set parameter LicenseID to value 938810
Set parameter LogFile to value "gurobi.log"
Using license file /home/users/a/agma/gurobi.lic
Academic license 938810 - for non-commercial use only - registered to ag___@tu-berlin.de

Gurobi 12.0.2 (linux64, gurobi_cl) logging started Mon Jun  8 23:10:26 2026

Set parameter WLSAccessID
Set parameter WLSSecret
Set parameter LicenseID to value 938810
Set parameter LogFile to value "gurobi.log"
Using license file /home/users/a/agma/gurobi.lic
Academic license 938810 - for non-commercial use only - registered to ag___@tu-berlin.de

Gurobi 12.0.2 (linux64, gurobi_cl) logging started Mon Jun  8 23:10:26 2026

Set parameter WLSAccessID
Set parameter WLSSecret
Set parameter LicenseID to value 938810
Set parameter LogFile to value "gurobi.log"
Using license file /home/users/a/agma/gurobi.lic
Academic license 938810 - for non-commercial use only - registered to ag___@tu-berlin.de

Gurobi 12.0.2 (linux64, gurobi_cl) logging started Mon Jun  8 23:10:26 2026

Set parameter WLSAccessID
Set parameter WLSSecret
Set parameter LicenseID to value 938810
Set parameter LogFile to value "gurobi.log"
Using license file /home/users/a/agma/gurobi.lic
Academic license 938810 - for non-commercial use only - registered to ag___@tu-berlin.de

Gurobi 12.0.2 (linux64, gurobi_cl) logging started Mon Jun  8 23:10:27 2026

Set parameter WLSAccessID
Set parameter WLSSecret
Set parameter LicenseID to value 938810
Set parameter LogFile to value "gurobi.log"
Using license file /home/users/a/agma/gurobi.lic

Gurobi 12.0.2 (linux64, gurobi_cl) logging started Mon Jun  8 23:10:30 2026


Gurobi 12.0.2 (linux64, gurobi_cl) logging started Mon Jun  8 23:10:30 2026

Set parameter WLSAccessID
Set parameter WLSSecret
Set parameter WLSAccessID
Set parameter LicenseID to value 938810
Set parameter WLSSecret
Set parameter LicenseID to value 938810
Set parameter LogFile to value "gurobi.log"
Using license file /home/users/a/agma/gurobi.lic
Set parameter LogFile to value "gurobi.log"
Using license file /home/users/a/agma/gurobi.lic
Academic license 938810 - for non-commercial use only - registered to ag___@tu-berlin.de
Academic license 938810 - for non-commercial use only - registered to ag___@tu-berlin.de

Gurobi 12.0.2 (linux64, gurobi_cl) logging started Mon Jun  8 23:10:31 2026

Set parameter WLSAccessID
Set parameter WLSSecret
Set parameter LicenseID to value 938810
Set parameter LogFile to value "gurobi.log"
Using license file /home/users/a/agma/gurobi.lic

Gurobi 12.0.2 (linux64, gurobi_cl) logging started Mon Jun  8 23:10:33 2026

Set parameter WLSAccessID
Set parameter WLSSecret
Set parameter LicenseID to value 938810
Set parameter LogFile to value "gurobi.log"
Using license file /home/users/a/agma/gurobi.lic
Academic license 938810 - for non-commercial use only - registered to ag___@tu-berlin.de

Gurobi 12.0.2 (linux64, gurobi_cl) logging started Mon Jun  8 23:10:33 2026

Set parameter WLSAccessID
Set parameter WLSSecret
Set parameter LicenseID to value 938810
Set parameter LogFile to value "gurobi.log"
Using license file /home/users/a/agma/gurobi.lic
Academic license 938810 - for non-commercial use only - registered to ag___@tu-berlin.de

Gurobi 12.0.2 (linux64, gurobi_cl) logging started Mon Jun  8 23:10:33 2026

Set parameter WLSAccessID
Set parameter WLSSecret
Set parameter LicenseID to value 938810
Set parameter LogFile to value "gurobi.log"
Using license file /home/users/a/agma/gurobi.lic
Academic license 938810 - for non-commercial use only - registered to ag___@tu-berlin.de

Gurobi 12.0.2 (linux64, gurobi_cl) logging started Mon Jun  8 23:10:34 2026

Set parameter WLSAccessID
Set parameter WLSSecret
Set parameter LicenseID to value 938810
Set parameter LogFile to value "gurobi.log"
Using license file /home/users/a/agma/gurobi.lic
Academic license 938810 - for non-commercial use only - registered to ag___@tu-berlin.de

Gurobi 12.0.2 (linux64, gurobi_cl) logging started Mon Jun  8 23:10:36 2026

Set parameter WLSAccessID
Set parameter WLSSecret
Set parameter LicenseID to value 938810
Set parameter LogFile to value "gurobi.log"
Using license file /home/users/a/agma/gurobi.lic

Gurobi 12.0.2 (linux64, gurobi_cl) logging started Mon Jun  8 23:10:45 2026

Set parameter WLSAccessID
Set parameter WLSSecret
Set parameter LicenseID to value 938810
Set parameter LogFile to value "gurobi.log"
Using license file /home/users/a/agma/gurobi.lic

Gurobi 12.0.2 (linux64, gurobi_cl) logging started Mon Jun  8 23:12:02 2026

Set parameter WLSAccessID
Set parameter WLSSecret
Set parameter LicenseID to value 938810
Set parameter LogFile to value "gurobi.log"
Using license file /home/users/a/agma/gurobi.lic
Academic license 938810 - for non-commercial use only - registered to ag___@tu-berlin.de

Gurobi 12.0.2 (linux64, gurobi_cl) logging started Mon Jun  8 23:12:22 2026

Set parameter WLSAccessID
Set parameter WLSSecret
Set parameter LicenseID to value 938810
Set parameter LogFile to value "gurobi.log"
Using license file /home/users/a/agma/gurobi.lic
Academic license 938810 - for non-commercial use only - registered to ag___@tu-berlin.de

Gurobi 12.0.2 (linux64, gurobi_cl) logging started Mon Jun  8 23:12:32 2026


Gurobi 12.0.2 (linux64, gurobi_cl) logging started Mon Jun  8 23:12:32 2026

Set parameter WLSAccessID
Set parameter WLSSecret
Set parameter LicenseID to value 938810
Set parameter LogFile to value "gurobi.log"
Using license file /home/users/a/agma/gurobi.lic
Set parameter WLSAccessID
Set parameter WLSSecret
Set parameter LicenseID to value 938810
Set parameter LogFile to value "gurobi.log"
Using license file /home/users/a/agma/gurobi.lic
Academic license 938810 - for non-commercial use only - registered to ag___@tu-berlin.de
Academic license 938810 - for non-commercial use only - registered to ag___@tu-berlin.de

Gurobi 12.0.2 (linux64, gurobi_cl) logging started Mon Jun  8 23:12:32 2026

Set parameter WLSAccessID
Set parameter WLSSecret
Set parameter LicenseID to value 938810
Set parameter LogFile to value "gurobi.log"
Using license file /home/users/a/agma/gurobi.lic
Academic license 938810 - for non-commercial use only - registered to ag___@tu-berlin.de

Gurobi 12.0.2 (linux64, gurobi_cl) logging started Mon Jun  8 23:12:32 2026


Gurobi 12.0.2 (linux64, gurobi_cl) logging started Mon Jun  8 23:12:32 2026

Set parameter WLSAccessID
Set parameter WLSSecret
Set parameter LicenseID to value 938810
Set parameter LogFile to value "gurobi.log"
Set parameter WLSAccessID
Set parameter WLSSecret
Using license file /home/users/a/agma/gurobi.lic
Set parameter LicenseID to value 938810
Set parameter LogFile to value "gurobi.log"
Using license file /home/users/a/agma/gurobi.lic

Gurobi 12.0.2 (linux64, gurobi_cl) logging started Mon Jun  8 23:12:32 2026

Academic license 938810 - for non-commercial use only - registered to ag___@tu-berlin.de
Academic license 938810 - for non-commercial use only - registered to ag___@tu-berlin.de
Set parameter WLSAccessID
Set parameter WLSSecret
Set parameter LicenseID to value 938810
Set parameter LogFile to value "gurobi.log"
Using license file /home/users/a/agma/gurobi.lic
Academic license 938810 - for non-commercial use only - registered to ag___@tu-berlin.de

Gurobi 12.0.2 (linux64, gurobi_cl) logging started Mon Jun  8 23:12:33 2026

Set parameter WLSAccessID
Set parameter WLSSecret
Set parameter LicenseID to value 938810
Set parameter LogFile to value "gurobi.log"
Using license file /home/users/a/agma/gurobi.lic

Gurobi 12.0.2 (linux64, gurobi_cl) logging started Mon Jun  8 23:12:36 2026

Set parameter WLSAccessID
Set parameter WLSSecret
Set parameter LicenseID to value 938810
Set parameter LogFile to value "gurobi.log"
Using license file /home/users/a/agma/gurobi.lic

Gurobi 12.0.2 (linux64, gurobi_cl) logging started Mon Jun  8 23:12:40 2026

Set parameter WLSAccessID
Set parameter WLSSecret
Set parameter LicenseID to value 938810
Set parameter LogFile to value "gurobi.log"
Using license file /home/users/a/agma/gurobi.lic

Gurobi 12.0.2 (linux64, gurobi_cl) logging started Mon Jun  8 23:12:40 2026

Set parameter WLSAccessID
for non-commercial use only - registered to ag___@tu-berlin.de
Set parameter WLSSecret
Set parameter LicenseID to value 938810
Set parameter LogFile to value "gurobi.log"
Using license file /home/users/a/agma/gurobi.lic
Academic license 938810 - for non-commercial use only - registered to ag___@tu-berlin.de

Gurobi 12.0.2 (linux64, gurobi_cl) logging started Mon Jun  8 23:12:40 2026

Set parameter WLSAccessID
Set parameter WLSSecret
Set parameter LicenseID to value 938810
Set parameter LogFile to value "gurobi.log"
Using license file /home/users/a/agma/gurobi.lic
Academic license 938810 - for non-commercial use only - registered to ag___@tu-berlin.de

Gurobi 12.0.2 (linux64, gurobi_cl) logging started Mon Jun  8 23:12:40 2026

Set parameter WLSAccessID
Set parameter WLSSecret
Set parameter LicenseID to value 938810
Set parameter LogFile to value "gurobi.log"
Using license file /home/users/a/agma/gurobi.lic

Gurobi 12.0.2 (linux64, gurobi_cl) logging started Mon Jun  8 23:12:40 2026

Set parameter WLSAccessID
Set parameter WLSSecret
Set parameter LicenseID to value 938810
Set parameter LogFile to value "gurobi.log"
Using license file /home/users/a/agma/gurobi.lic
Academic license 938810 - for non-commercial use only - registered to ag___@tu-berlin.de

Gurobi 12.0.2 (linux64, gurobi_cl) logging started Mon Jun  8 23:12:40 2026

Academic license 938810 - for non-commercial use only - registered to ag___@tu-berlin.de
Set parameter WLSAccessID
Set parameter WLSSecret
Set parameter LicenseID to value 938810
Set parameter LogFile to value "gurobi.log"
Using license file /home/users/a/agma/gurobi.lic
Academic license 938810 - for non-commercial use only - registered to ag___@tu-berlin.de

Gurobi 12.0.2 (linux64, gurobi_cl) logging started Mon Jun  8 23:12:43 2026

Set parameter WLSAccessID
Set parameter WLSSecret
Set parameter LicenseID to value 938810
Set parameter LogFile to value "gurobi.log"
Using license file /home/users/a/agma/gurobi.lic

Gurobi 12.0.2 (linux64, gurobi_cl) logging started Mon Jun  8 23:12:51 2026

Set parameter WLSAccessID
Set parameter WLSSecret
Set parameter LicenseID to value 938810
Set parameter LogFile to value "gurobi.log"
Using license file /home/users/a/agma/gurobi.lic

Gurobi 12.0.2 (linux64, gurobi_cl) logging started Mon Jun  8 23:14:02 2026

Set parameter WLSAccessID
Set parameter WLSSecret
Set parameter LicenseID to value 938810
Set parameter LogFile to value "gurobi.log"
Using license file /home/users/a/agma/gurobi.lic
Academic license 938810 - for non-commercial use only - registered to ag___@tu-berlin.de

Gurobi 12.0.2 (linux64, gurobi_cl) logging started Mon Jun  8 23:14:05 2026


Gurobi 12.0.2 (linux64, gurobi_cl) logging started Mon Jun  8 23:14:05 2026

Set parameter WLSAccessID
Set parameter WLSAccessID
Set parameter WLSSecret
Set parameter WLSSecret
Set parameter LicenseID to value 938810
Set parameter LicenseID to value 938810
Set parameter LogFile to value "gurobi.log"
Set parameter LogFile to value "gurobi.log"
Using license file /home/users/a/agma/gurobi.lic
Using license file /home/users/a/agma/gurobi.lic
Academic license 938810 - for non-commercial use only - registered to ag___@tu-berlin.de
Academic license 938810 - for non-commercial use only - registered to ag___@tu-berlin.de

Gurobi 12.0.2 (linux64, gurobi_cl) logging started Mon Jun  8 23:14:05 2026

Set parameter WLSAccessID
Set parameter WLSSecret
Set parameter LicenseID to value 938810
Set parameter LogFile to value "gurobi.log"
Using license file /home/users/a/agma/gurobi.lic

Gurobi 12.0.2 (linux64, gurobi_cl) logging started Mon Jun  8 23:14:05 2026

Set parameter WLSAccessID
Set parameter WLSSecret
Set parameter LicenseID to value 938810
Set parameter LogFile to value "gurobi.log"
Using license file /home/users/a/agma/gurobi.lic
Academic license 938810 - for non-commercial use only - registered to ag___@tu-berlin.de
Academic license 938810 - for non-commercial use only - registered to ag___@tu-berlin.de

Gurobi 12.0.2 (linux64, gurobi_cl) logging started Mon Jun  8 23:14:05 2026

Set parameter WLSAccessID
Set parameter WLSSecret
Set parameter LicenseID to value 938810
Set parameter LogFile to value "gurobi.log"
Using license file /home/users/a/agma/gurobi.lic

Gurobi 12.0.2 (linux64, gurobi_cl) logging started Mon Jun  8 23:14:05 2026

Set parameter WLSAccessID
Set parameter WLSSecret
Set parameter LicenseID to value 938810
Set parameter LogFile to value "gurobi.log"
Using license file /home/users/a/agma/gurobi.lic
Academic license 938810 - for non-commercial use only - registered to ag___@tu-berlin.de
Academic license 938810 - for non-commercial use only - registered to ag___@tu-berlin.de

Gurobi 12.0.2 (linux64, gurobi_cl) logging started Mon Jun  8 23:14:10 2026

Set parameter WLSAccessID
Set parameter WLSSecret
Set parameter LicenseID to value 938810
Set parameter LogFile to value "gurobi.log"
Using license file /home/users/a/agma/gurobi.lic
Academic license 938810 - for non-commercial use only - registered to ag___@tu-berlin.de

Gurobi 12.0.2 (linux64, gurobi_cl) logging started Mon Jun  8 23:14:10 2026

Set parameter WLSAccessID
Set parameter WLSSecret
Set parameter LicenseID to value 938810
Set parameter LogFile to value "gurobi.log"
Using license file /home/users/a/agma/gurobi.lic

Gurobi 12.0.2 (linux64, gurobi_cl) logging started Mon Jun  8 23:14:12 2026

Set parameter WLSAccessID
Set parameter WLSSecret
Set parameter LicenseID to value 938810
Set parameter LogFile to value "gurobi.log"
Using license file /home/users/a/agma/gurobi.lic

Gurobi 12.0.2 (linux64, gurobi_cl) logging started Mon Jun  8 23:14:12 2026


Gurobi 12.0.2 (linux64, gurobi_cl) logging started Mon Jun  8 23:14:12 2026

Set parameter WLSAccessID
Set parameter WLSSecret
Set parameter LicenseID to value 938810
Set parameter WLSAccessID
alue "gurobi.log"
Academic license 938810 - for non-commercial use only - registered to ag___@tu-berlin.de
Set parameter LicenseID to value 938810
Set parameter LogFile to value "gurobi.log"
Using license file /home/users/a/agma/gurobi.lic
Academic license 938810 - for non-commercial use only - registered to ag___@tu-berlin.de
Academic license 938810 - for non-commercial use only - registered to ag___@tu-berlin.de

Gurobi 12.0.2 (linux64, gurobi_cl) logging started Mon Jun  8 23:14:12 2026


Gurobi 12.0.2 (linux64, gurobi_cl) logging started Mon Jun  8 23:14:12 2026

Set parameter WLSAccessID
Set parameter WLSSecret
Set parameter WLSAccessID
Set parameter LicenseID to value 938810
Set parameter WLSSecret
Set parameter LogFile to value "gurobi.log"
Using license file /home/users/a/agma/gurobi.lic
Set parameter LicenseID to value 938810
Set parameter LogFile to value "gurobi.log"
Using license file /home/users/a/agma/gurobi.lic
Academic license 938810 - for non-commercial use only - registered to ag___@tu-berlin.de
Academic license 938810 - for non-commercial use only - registered to ag___@tu-berlin.de

Gurobi 12.0.2 (linux64, gurobi_cl) logging started Mon Jun  8 23:14:13 2026

Set parameter WLSAccessID
Set parameter WLSSecret
Set parameter LicenseID to value 938810
Set parameter LogFile to value "gurobi.log"
Using license file /home/users/a/agma/gurobi.lic
Academic license 938810 - for non-commercial use only - registered to ag___@tu-berlin.de

Gurobi 12.0.2 (linux64, gurobi_cl) logging started Mon Jun  8 23:14:26 2026

Set parameter WLSAccessID
Set parameter WLSSecret
Set parameter LicenseID to value 938810
Set parameter LogFile to value "gurobi.log"
Using license file /home/users/a/agma/gurobi.lic

Gurobi 12.0.2 (linux64, gurobi_cl) logging started Mon Jun  8 23:14:42 2026

Set parameter WLSAccessID
Set parameter WLSSecret
Set parameter LicenseID to value 938810
Set parameter LogFile to value "gurobi.log"
Using license file /home/users/a/agma/gurobi.lic
Academic license 938810 - for non-commercial use only - registered to ag___@tu-berlin.de

Gurobi 12.0.2 (linux64, gurobi_cl) logging started Mon Jun  8 23:14:44 2026

Set parameter WLSAccessID
Set parameter WLSSecret
Set parameter LicenseID to value 938810
Set parameter LogFile to value "gurobi.log"
Using license file /home/users/a/agma/gurobi.lic
Academic license 938810 - for non-commercial use only - registered to ag___@tu-berlin.de

Gurobi 12.0.2 (linux64, gurobi_cl) logging started Mon Jun  8 23:14:44 2026


Gurobi 12.0.2 (linux64, gurobi_cl) logging started Mon Jun  8 23:14:44 2026


Gurobi 12.0.2 (linux64, gurobi_cl) logging started Mon Jun  8 23:14:44 2026

Set parameter WLSAccessID
Set parameter WLSSecret
Set parameter WLSAccessID
Set parameter LicenseID to value 938810
Set parameter WLSSecret
Set parameter WLSAccessID
Set parameter WLSSecret
Set parameter LicenseID to value 938810
Set parameter LogFile to value "gurobi.log"
Using license file /home/users/a/agma/gurobi.lic
Set parameter LicenseID to value 938810
Set parameter LogFile to value "gurobi.log"
Using license file /home/users/a/agma/gurobi.lic
Set parameter LogFile to value "gurobi.log"
Using license file /home/users/a/agma/gurobi.lic
Academic license 938810 - for non-commercial use only - registered to ag___@tu-berlin.de
Academic license 938810 - for non-commercial use only - registered to ag___@tu-berlin.de
Academic license 938810 - for non-commercial use only - registered to ag___@tu-berlin.de

Gurobi 12.0.2 (linux64, gurobi_cl) logging started Mon Jun  8 23:14:46 2026

Set parameter WLSAccessID
Set parameter WLSSecret
Set parameter LicenseID to value 938810
Set parameter LogFile to value "gurobi.log"
Using license file /home/users/a/agma/gurobi.lic

Gurobi 12.0.2 (linux64, gurobi_cl) logging started Mon Jun  8 23:14:49 2026

Set parameter WLSAccessID
Set parameter WLSSecret
Set parameter LicenseID to value 938810
Set parameter LogFile to value "gurobi.log"
Using license file /home/users/a/agma/gurobi.lic
Academic license 938810 - for non-commercial use only - registered to ag___@tu-berlin.de

Gurobi 12.0.2 (linux64, gurobi_cl) logging started Mon Jun  8 23:14:51 2026

Set parameter WLSAccessID
Set parameter WLSSecret
Set parameter LicenseID to value 938810
Set parameter LogFile to value "gurobi.log"
Using license file /home/users/a/agma/gurobi.lic
Academic license 938810 - for non-commercial use only - registered to ag___@tu-berlin.de

Gurobi 12.0.2 (linux64, gurobi_cl) logging started Mon Jun  8 23:14:52 2026

Set parameter WLSAccessID
Set parameter WLSSecret
Set parameter LicenseID to value 938810
Set parameter LogFile to value "gurobi.log"
Using license file /home/users/a/agma/gurobi.lic
Academic license 938810 - for non-commercial use only - registered to ag___@tu-berlin.de

Gurobi 12.0.2 (linux64, gurobi_cl) logging started Mon Jun  8 23:14:53 2026


Gurobi 12.0.2 (linux64, gurobi_cl) logging started Mon Jun  8 23:14:53 2026

Set parameter WLSAccessID
Set parameter WLSSecret
Set parameter WLSAccessID
Set parameter LicenseID to value 938810
Set parameter WLSSecret
Set parameter LogFile to value "gurobi.log"
Using license file /home/users/a/agma/gurobi.lic
Set parameter LicenseID to value 938810
Set parameter LogFile to value "gurobi.log"
Using license file /home/users/a/agma/gurobi.lic
Academic license 938810 - for non-commercial use only - registered to ag___@tu-berlin.de
Academic license 938810 - for non-commercial use only - registered to ag___@tu-berlin.de

Gurobi 12.0.2 (linux64, gurobi_cl) logging started Mon Jun  8 23:14:56 2026

Set parameter WLSAccessID
Set parameter WLSSecret
Set parameter LicenseID to value 938810
Set parameter LogFile to value "gurobi.log"
Using license file /home/users/a/agma/gurobi.lic

Gurobi 12.0.2 (linux64, gurobi_cl) logging started Mon Jun  8 23:15:00 2026

Set parameter WLSAccessID
Set parameter WLSSecret
Set parameter LicenseID to value 938810
Set parameter LogFile to value "gurobi.log"
Using license file /home/users/a/agma/gurobi.lic

Gurobi 12.0.2 (linux64, gurobi_cl) logging started Mon Jun  8 23:15:15 2026

Set parameter WLSAccessID
Set parameter WLSSecret
Set parameter LicenseID to value 938810
Set parameter LogFile to value "gurobi.log"
Using license file /home/users/a/agma/gurobi.lic

Gurobi 12.0.2 (linux64, gurobi_cl) logging started Mon Jun  8 23:15:30 2026

Set parameter WLSAccessID
Set parameter WLSSecret
Set parameter LicenseID to value 938810
Set parameter LogFile to value "gurobi.log"
Using license file /home/users/a/agma/gurobi.lic
Academic license 938810 - for non-commercial use only - registered to ag___@tu-berlin.de

Gurobi 12.0.2 (linux64, gurobi_cl) logging started Mon Jun  8 23:15:46 2026

Set parameter WLSAccessID
Set parameter WLSSecret
Set parameter LicenseID to value 938810
Set parameter LogFile to value "gurobi.log"
Using license file /home/users/a/agma/gurobi.lic
Academic license 938810 - for non-commercial use only - registered to ag___@tu-berlin.de

Gurobi 12.0.2 (linux64, gurobi_cl) logging started Mon Jun  8 23:16:03 2026

Set parameter WLSAccessID
Set parameter WLSSecret
Set parameter LicenseID to value 938810
Set parameter LogFile to value "gurobi.log"
Using license file /home/users/a/agma/gurobi.lic
Academic license 938810 - for non-commercial use only - registered to ag___@tu-berlin.de

Gurobi 12.0.2 (linux64, gurobi_cl) logging started Mon Jun  8 23:16:03 2026

Set parameter WLSAccessID
Set parameter WLSSecret
Set parameter LicenseID to value 938810
Set parameter LogFile to value "gurobi.log"
Using license file /home/users/a/agma/gurobi.lic
Academic license 938810 - for non-commercial use only - registered to ag___@tu-berlin.de

Gurobi 12.0.2 (linux64, gurobi_cl) logging started Mon Jun  8 23:16:04 2026

Set parameter WLSAccessID
Set parameter WLSSecret
Set parameter LicenseID to value 938810
Set parameter LogFile to value "gurobi.log"
Using license file /home/users/a/agma/gurobi.lic

Gurobi 12.0.2 (linux64, gurobi_cl) logging started Mon Jun  8 23:16:10 2026

Set parameter WLSAccessID
Set parameter WLSSecret
Set parameter LicenseID to value 938810
Set parameter LogFile to value "gurobi.log"
Using license file /home/users/a/agma/gurobi.lic
Academic license 938810 - for non-commercial use only - registered to ag___@tu-berlin.de

Gurobi 12.0.2 (linux64, gurobi_cl) logging started Mon Jun  8 23:16:11 2026

Set parameter WLSAccessID
Set parameter WLSSecret
Set parameter LicenseID to value 938810
Set parameter LogFile to value "gurobi.log"
Using license file /home/users/a/agma/gurobi.lic
Academic license 938810 - for non-commercial use only - registered to ag___@tu-berlin.de

Gurobi 12.0.2 (linux64, gurobi_cl) logging started Mon Jun  8 23:16:11 2026

Set parameter WLSAccessID
Set parameter WLSSecret
Set parameter LicenseID to value 938810
Set parameter LogFile to value "gurobi.log"
Using license file /home/users/a/agma/gurobi.lic
Academic license 938810 - for non-commercial use only - registered to ag___@tu-berlin.de

Gurobi 12.0.2 (linux64, gurobi_cl) logging started Mon Jun  8 23:16:14 2026

Set parameter WLSAccessID
Set parameter WLSSecret
Set parameter LicenseID to value 938810
Set parameter LogFile to value "gurobi.log"
Using license file /home/users/a/agma/gurobi.lic

Gurobi 12.0.2 (linux64, gurobi_cl) logging started Mon Jun  8 23:26:26 2026

Set parameter WLSAccessID
Set parameter WLSSecret
Set parameter LicenseID to value 938810
Set parameter LogFile to value "gurobi.log"
Using license file /home/users/a/agma/gurobi.lic
Academic license 938810 - for non-commercial use only - registered to ag___@tu-berlin.de

Gurobi 12.0.2 (linux64, gurobi_cl) logging started Mon Jun  8 23:26:37 2026


Gurobi 12.0.2 (linux64, gurobi_cl) logging started Mon Jun  8 23:26:37 2026

Set parameter WLSAccessID
Set parameter WLSSecret
Set parameter WLSAccessID
Set parameter LicenseID to value 938810

Gurobi 12.0.2 (linux64, gurobi_cl) logging started Mon Jun  8 23:26:37 2026

Set parameter LogFile to value "gurobi.log"
Using license file /home/users/a/agma/gurobi.lic
Set parameter LogFile to value "gurobi.log"
Using license file /home/users/a/agma/gurobi.lic
Set parameter WLSAccessID
Set parameter WLSSecret
Set parameter LicenseID to value 938810
Set parameter LogFile to value "gurobi.log"
Using license file /home/users/a/agma/gurobi.lic
Academic license 938810 - for non-commercial use only - registered to ag___@tu-berlin.de
Academic license 938810 - for non-commercial use only - registered to ag___@tu-berlin.de

Gurobi 12.0.2 (linux64, gurobi_cl) logging started Mon Jun  8 23:26:37 2026

Set parameter WLSAccessID
Set parameter WLSSecret
Set parameter LicenseID to value 938810
Set parameter LogFile to value "gurobi.log"
Using license file /home/users/a/agma/gurobi.lic
Academic license 938810 - for non-commercial use only - registered to ag___@tu-berlin.de

Gurobi 12.0.2 (linux64, gurobi_cl) logging started Mon Jun  8 23:26:39 2026


Gurobi 12.0.2 (linux64, gurobi_cl) logging started Mon Jun  8 23:26:39 2026

Set parameter WLSAccessID
Set parameter WLSSecret
Set parameter LicenseID to value 938810
Set parameter WLSAccessID
Set parameter WLSSecret

Gurobi 12.0.2 (linux64, gurobi_cl) logging started Mon Jun  8 23:26:39 2026

Set parameter LogFile to value "gurobi.log"
Using license file /home/users/a/agma/gurobi.lic
Set parameter LicenseID to value 938810
Set parameter LogFile to value "gurobi.log"
Using license file /home/users/a/agma/gurobi.lic
Set parameter WLSAccessID
Set parameter WLSSecret
Set parameter LicenseID to value 938810
Set parameter LogFile to value "gurobi.log"
Using license file /home/users/a/agma/gurobi.lic

Gurobi 12.0.2 (linux64, gurobi_cl) logging started Mon Jun  8 23:26:45 2026

Set parameter WLSAccessID
Set parameter WLSSecret
Set parameter LicenseID to value 938810
Set parameter LogFile to value "gurobi.log"
Using license file /home/users/a/agma/gurobi.lic

Gurobi 12.0.2 (linux64, gurobi_cl) logging started Mon Jun  8 23:26:45 2026

Set parameter WLSAccessID
Set parameter WLSSecret
Set parameter LicenseID to value 938810
Academic license 938810 - for non-commercialUsing license file /home/users/a/agma/gurobi.lic
Academic license 938810 - for non-commercial use only - registered to ag___@tu-berlin.de

Gurobi 12.0.2 (linux64, gurobi_cl) logging started Mon Jun  8 23:26:45 2026

Set parameter WLSAccessID
Set parameter WLSSecret
Set parameter LicenseID to value 938810
Set parameter LogFile to value "gurobi.log"
Using license file /home/users/a/agma/gurobi.lic

Gurobi 12.0.2 (linux64, gurobi_cl) logging started Mon Jun  8 23:26:45 2026

Academic license 938810 - for non-commercial use only - registered to ag___@tu-berlin.de
Set parameter WLSAccessID
Set parameter WLSSecret
Set parameter LicenseID to value 938810
Set parameter LogFile to value "gurobi.log"
Using license file /home/users/a/agma/gurobi.lic
Academic license 938810 - for non-commercial use only - registered to ag___@tu-berlin.de

Gurobi 12.0.2 (linux64, gurobi_cl) logging started Mon Jun  8 23:26:49 2026


Gurobi 12.0.2 (linux64, gurobi_cl) logging started Mon Jun  8 23:26:49 2026


Gurobi 12.0.2 (linux64, gurobi_cl) logging started Mon Jun  8 23:26:49 2026

Set parameter WLSAccessID
Set parameter WLSSecret
Set parameter LicenseID to value 938810
Set parameter LogFile to value "gurobi.log"
Using license file /home/users/a/agma/gurobi.lic
Set parameter WLSAccessID
Set parameter WLSSecret
Set parameter WLSAccessID
Set parameter LicenseID to value 938810
Set parameter WLSSecret
Set parameter LogFile to value "gurobi.log"
Using license file /home/users/a/agma/gurobi.lic
Set parameter LicenseID to value 938810
Set parameter LogFile to value "gurobi.log"
Using license file /home/users/a/agma/gurobi.lic

Gurobi 12.0.2 (linux64, gurobi_cl) logging started Mon Jun  8 23:28:07 2026

Set parameter WLSAccessID
Set parameter WLSSecret
Set parameter LicenseID to value 938810
Set parameter LogFile to value "gurobi.log"
Using license file /home/users/a/agma/gurobi.lic

Gurobi 12.0.2 (linux64, gurobi_cl) logging started Mon Jun  8 23:28:08 2026

Set parameter WLSAccessID
Set parameter WLSSecret
 gurobi_cl) logging started Mon Jun  8 23:28:08 2026

Set parameter LicenseID to value 938810
ing started Mon Jun  8 23:28:08 2026

Set parameter LogFile to value "gurobi.log"
Using license file /home/users/a/agma/gurobi.lic
Set parameter WLSAccessID
Set parameter WLSSecret
Set parameter WLSAccessID
 value 938810
Set parameter WLSSecret
Set parameter LicenseID to value 938810
og"
Using license file /home/users/a/agma/gurobi.lic
Set parameter LogFile to value "gurobi.log"
Using license file /home/users/a/agma/gurobi.lic
Academic license 938810 - for non-commercial use only - registered to ag___@tu-berlin.de
Academic license 938810 - for non-commercial use only - registered to ag___@tu-berlin.de

Gurobi 12.0.2 (linux64, gurobi_cl) logging started Mon Jun  8 23:28:08 2026

Set parameter WLSAccessID
Set parameter WLSSecret
Set parameter LicenseID to value 938810
Set parameter LogFile to value "gurobi.log"
Using license file /home/users/a/agma/gurobi.lic
Academic license 938810 - for non-commercial use only - registered to ag___@tu-berlin.de

Gurobi 12.0.2 (linux64, gurobi_cl) logging started Mon Jun  8 23:28:09 2026


Gurobi 12.0.2 (linux64, gurobi_cl) logging started Mon Jun  8 23:28:09 2026

Set parameter WLSAccessID
Set parameter WLSSecret
Set parameter WLSAccessID
Set parameter WLSSecret
Set parameter LicenseID to value 938810
Set parameter LicenseID to value 938810
Set parameter LogFile to value "gurobi.log"
Using license file /home/users/a/agma/gurobi.lic
Set parameter LogFile to value "gurobi.log"
Using license file /home/users/a/agma/gurobi.lic

Gurobi 12.0.2 (linux64, gurobi_cl) logging started Mon Jun  8 23:28:15 2026

Set parameter WLSAccessID
Set parameter WLSSecret
Set parameter LicenseID to value 938810
Set parameter LogFile to value "gurobi.log"
Using license file /home/users/a/agma/gurobi.lic

Gurobi 12.0.2 (linux64, gurobi_cl) logging started Mon Jun  8 23:28:15 2026

Academic license 938810 - for non-commercial use only - registered to ag___@tu-berlin.de
Set parameter WLSAccessID
Set parameter WLSSecret
Set parameter LicenseID to value 938810
Set parameter LogFile to value "gurobi.log"
Using license file /home/users/a/agma/gurobi.lic

Gurobi 12.0.2 (linux64, gurobi_cl) logging started Mon Jun  8 23:28:15 2026

Set parameter WLSAccessID
Set parameter WLSSecret
Set parameter LicenseID to value 938810
Set parameter LogFile to value "gurobi.log"
Using license file /home/users/a/agma/gurobi.lic
Academic license 938810 - for non-commercial use only - registered to ag___@tu-berlin.de
Academic license 938810 - for non-commercial use only - registered to ag___@tu-berlin.de

Gurobi 12.0.2 (linux64, gurobi_cl) logging started Mon Jun  8 23:28:16 2026

Set parameter WLSAccessID
Set parameter WLSSecret
Set parameter LicenseID to value 938810
Set parameter LogFile to value "gurobi.log"
Using license file /home/users/a/agma/gurobi.lic
Academic license 938810 - for non-commercial use only - registered to ag___@tu-berlin.de

Gurobi 12.0.2 (linux64, gurobi_cl) logging started Mon Jun  8 23:28:16 2026

Set parameter WLSAccessID
Set parameter WLSSecret
Set parameter LicenseID to value 938810
Set parameter LogFile to value "gurobi.log"
Using license file /home/users/a/agma/gurobi.lic

Gurobi 12.0.2 (linux64, gurobi_cl) logging started Mon Jun  8 23:28:19 2026

Set parameter WLSAccessID
Set parameter WLSSecret
Set parameter LicenseID to value 938810
Set parameter LogFile to value "gurobi.log"
Using license file /home/users/a/agma/gurobi.lic

Gurobi 12.0.2 (linux64, gurobi_cl) logging started Mon Jun  8 23:28:19 2026

Set parameter WLSAccessID
Set parameter WLSSecret
Set parameter LicenseID to value 938810
Set parameter LogFile to value "gurobi.log"
Using license file /home/users/a/agma/gurobi.lic

Gurobi 12.0.2 (linux64, gurobi_cl) logging started Mon Jun  8 23:28:47 2026

Set parameter WLSAccessID
Set parameter WLSAccessISeSet parameter WLSSecret
to value 938810
Set parameter LicenseID to value 938810
Set parameter LogFile to value "gurobi.log"
Using license file /home/users/a/agma/gurobi.lic
Set parameter LogFile to value "gurobi.log"
.lic
Using license file /home/users/a/agma/gurobi.lic

Gurobi 12.0.2 (linux64, gurobi_cl) logging started Mon Jun  8 23:28:47 2026

Set parameter WLSAccessID
Set parameter WLSSecret
Set parameter LicenseID to value 938810
Academic license 938810 - for non-commercial use only - registered to ag___@tu-berlin.de
Set parameter LogFile to value "gurobi.log"
Using license file /home/users/a/agma/gurobi.lic
Academic license 938810 - for non-commercial use only - registered to ag___@tu-berlin.de
Academic license 938810 - for non-commercial use only - registered to ag___@tu-berlin.de

Gurobi 12.0.2 (linux64, gurobi_cl) logging started Mon Jun  8 23:28:48 2026


Gurobi 12.0.2 (linux64, gurobi_cl) logging started Mon Jun  8 23:28:48 2026

Set parameter WLSAccessID
Set parameter WLSSecret
Set parameter LicenseID to value 938810
Set parameter LogFile to value "gurobi.log"
Set parameter WLSAccessID
Set parameter WLSSecret
Using license file /home/users/a/agma/gurobi.lic

Gurobi 12.0.2 (linux64, gurobi_cl) logging started Mon Jun  8 23:28:48 2026

Set parameter LicenseID to value 938810
Set parameter LogFile to value "gurobi.log"
Using license file /home/users/a/agma/gurobi.lic
Set parameter WLSAccessID
Set parameter WLSSecret
Set parameter LicenseID to value 938810
Set parameter LogFile to value "gurobi.log"
Using license file /home/users/a/agma/gurobi.lic

Gurobi 12.0.2 (linux64, gurobi_cl) logging started Mon Jun  8 23:28:54 2026

Set parameter WLSAccessID
Set parameter WLSSecret
Set parameter LicenseID to value 938810
Set parameter LogFile to value "gurobi.log"
Using license file /home/users/a/agma/gurobi.lic
Academic license 938810 - for non-commercial use only - registered to ag___@tu-berlin.de

Gurobi 12.0.2 (linux64, gurobi_cl) logging started Mon Jun  8 23:28:55 2026

Set parameter WLSAccessID
Set parameter WLSSecret
Set parameter LicenseID to value 938810
Set parameter LogFile to value "gurobi.log"
Using license file /home/users/a/agma/gurobi.lic
Academic license 938810 - for non-commercial use only - registered to ag___@tu-berlin.de

Gurobi 12.0.2 (linux64, gurobi_cl) logging started Mon Jun  8 23:28:55 2026

Set parameter WLSAccessID
Set parameter WLSSecret
Set parameter LicenseID to value 938810
Set parameter LogFile to value "gurobi.log"
Using license file /home/users/a/agma/gurobi.lic
Academic license 938810 - for non-commercial use only - registered to ag___@tu-berlin.de

Gurobi 12.0.2 (linux64, gurobi_cl) logging started Mon Jun  8 23:28:55 2026

Set parameter WLSAccessID
Set parameter WLSSecret
Set parameter LicenseID to value 938810
Set parameter LogFile to value "gurobi.log"
Using license file /home/users/a/agma/gurobi.lic
Academic license 938810 - for non-commercial use only - registered to ag___@tu-berlin.de

Gurobi 12.0.2 (linux64, gurobi_cl) logging started Mon Jun  8 23:28:58 2026


Gurobi 12.0.2 (linux64, gurobi_cl) logging started Mon Jun  8 23:28:58 2026


Gurobi 12.0.2 (linux64, gurobi_cl) logging started Mon Jun  8 23:28:58 2026

Set parameter WLSAccessID
Set parameter WLSSecret
Set parameter LicenseID to value 938810
Set parameter WLSAccessID
Set parameter WLSSecret
Set parameter LicenseID to value 938810
Set parameter LogFile to value "gurobi.log"
Set parameter WLSAccessID
Set parameter WLSSecret
Set parameter LogFile to value "gurobi.log"
Using license file /home/users/a/agma/gurobi.lic
Set parameter LicenseID to value 938810
Using license file /home/users/a/agma/gurobi.lic
Set parameter LogFile to value "gurobi.log"
Using license file /home/users/a/agma/gurobi.lic

Gurobi 12.0.2 (linux64, gurobi_cl) logging started Mon Jun  8 23:30:17 2026


Gurobi 12.0.2 (linux64, gurobi_cl) logging started Mon Jun  8 23:30:17 2026

Set parameter WLSAccessID
Set parameter WLSSecret
Set parameter LicenseID to value 938810
Set parameter LogFile to value "gurobi.log"
Using license file /home/users/a/agma/gurobi.lic
Academic license 938810 - for non-commercial use only - registered to ag___@tu-berlin.de
Academic license 938810 - for non-commercial use only - registered to ag___@tu-berlin.de

Gurobi 12.0.2 (linux64, gurobi_cl) logging started Mon Jun  8 23:30:25 2026

Set parameter WLSAccessID
Set parameter WLSSecret
Set parameter LicenseID to value 938810
Set parameter LogFile to value "gurobi.log"
Using license file /home/users/a/agma/gurobi.lic
Academic license 938810 - for non-commercial use only - registered to ag___@tu-berlin.de

Gurobi 12.0.2 (linux64, gurobi_cl) logging started Mon Jun  8 23:30:25 2026

Set parameter WLSAccessID
Set parameter WLSSecret
Set parameter LicenseID to value 938810
Set parameter LogFile to value "gurobi.log"
Using license file /home/users/a/agma/gurobi.lic
Academic license 938810 - for non-commercial use only - registered to ag___@tu-berlin.de

Gurobi 12.0.2 (linux64, gurobi_cl) logging started Mon Jun  8 23:31:49 2026

Set parameter WLSAccessID
Set parameter WLSSecret
Set parameter LicenseID to value 938810
Set parameter LogFile to value "gurobi.log"
Using license file /home/users/a/agma/gurobi.lic

Gurobi 12.0.2 (linux64, gurobi_cl) logging started Mon Jun  8 23:31:49 2026


Gurobi 12.0.2 (linux64, gurobi_cl) logging started Mon Jun  8 23:31:49 2026

Set parameter WLSAccessID
Set parameter WLSSecret
D
Set parameter WLSSecret
to value 938810
Set parameter LicenseID to value 938810
og"
Using license file /home/users/a/agma/gurobi.lic
Set parameter LogFile to value "gurobi.log"
Using license file /home/users/a/agma/gurobi.lic
Academic license 938810 - for non-commercial use only - registered to ag___@tu-berlin.de
Academic license 938810 - for non-commercial use only - registered to ag___@tu-berlin.de
Academic license 938810 - for non-commercial use only - registered to ag___@tu-berlin.de

Gurobi 12.0.2 (linux64, gurobi_cl) logging started Mon Jun  8 23:31:56 2026

Set parameter WLSAccessID
Set parameter WLSSecret
Set parameter LicenseID to value 938810
Set parameter LogFile to value "gurobi.log"
Using license file /home/users/a/agma/gurobi.lic
Academic license 938810 - for non-commercial use only - registered to ag___@tu-berlin.de

Gurobi 12.0.2 (linux64, gurobi_cl) logging started Mon Jun  8 23:31:56 2026

Set parameter WLSAccessID
Set parameter WLSSecret
Set parameter LicenseID to value 938810
Set parameter LogFile to value "gurobi.log"
Using license file /home/users/a/agma/gurobi.lic
Academic license 938810 - for non-commercial use only - registered to ag___@tu-berlin.de

Gurobi 12.0.2 (linux64, gurobi_cl) logging started Mon Jun  8 23:31:56 2026

Set parameter WLSAccessID
Set parameter WLSSecret
Set parameter LicenseID to value 938810
Set parameter LogFile to value "gurobi.log"
Using license file /home/users/a/agma/gurobi.lic
Academic license 938810 - for non-commercial use only - registered to ag___@tu-berlin.de

Gurobi 12.0.2 (linux64, gurobi_cl) logging started Mon Jun  8 23:31:56 2026

Set parameter WLSAccessID
Set parameter WLSSecret
Set parameter LicenseID to value 938810
Set parameter LogFile to value "gurobi.log"
Using license file /home/users/a/agma/gurobi.lic
Academic license 938810 - for non-commercial use only - registered to ag___@tu-berlin.de

Gurobi 12.0.2 (linux64, gurobi_cl) logging started Mon Jun  8 23:33:19 2026

Set parameter WLSAccessID
Set parameter WLSSecret
Set parameter LicenseID to value 938810
Set parameter LicenseID to value 938810
Set parameter LogFile to value "gurobi.log"
Set parameter LogFile to value "gurobi.log"
Using license file /home/users/a/agma/gurobi.lic
Academic license 938810 - for non-commercial use only - registered to ag___@tu-berlin.de
Academic license 938810 - for non-commercial use only - registered to ag___@tu-berlin.de

Gurobi 12.0.2 (linux64, gurobi_cl) logging started Mon Jun  8 23:33:27 2026

Set parameter WLSAccessID
Set parameter WLSSecret
Set parameter LicenseID to value 938810
Set parameter LogFile to value "gurobi.log"
Using license file /home/users/a/agma/gurobi.lic
Academic license 938810 - for non-commercial use only - registered to ag___@tu-berlin.de

Gurobi 12.0.2 (linux64, gurobi_cl) logging started Mon Jun  8 23:33:27 2026

Set parameter WLSAccessID
Set parameter WLSSecret
Set parameter LicenseID to value 938810
Set parameter LogFile to value "gurobi.log"
Using license file /home/users/a/agma/gurobi.lic
Academic license 938810 - for non-commercial use only - registered to ag___@tu-berlin.de

Gurobi 12.0.2 (linux64, gurobi_cl) logging started Mon Jun  8 23:33:27 2026

Set parameter WLSAccessID
Set parameter WLSSecret
Set parameter LicenseID to value 938810
Set parameter LogFile to value "gurobi.log"
Using license file /home/users/a/agma/gurobi.lic
Academic license 938810 - for non-commercial use only - registered to ag___@tu-berlin.de

Gurobi 12.0.2 (linux64, gurobi_cl) logging started Mon Jun  8 23:34:49 2026

Set parameter WLSAccessID
Set parameter WLSSecret
Set parameter LicenseID to value 938810
Set parameter LogFile to value "gurobi.log"
Using license file /home/users/a/agma/gurobi.lic
Academic license 938810 - for non-commercial use only - registered to ag___@tu-berlin.de
Academic license 938810 - for non-commercial use only - registered to ag___@tu-berlin.de

Gurobi 12.0.2 (linux64, gurobi_cl) logging started Mon Jun  8 23:34:57 2026

Set parameter WLSAccessID
Set parameter WLSSecret
Set parameter LicenseID to value 938810
Set parameter LogFile to value "gurobi.log"
Using license file /home/users/a/agma/gurobi.lic
Academic license 938810 - for non-commercial use only - registered to ag___@tu-berlin.de

Gurobi 12.0.2 (linux64, gurobi_cl) logging started Mon Jun  8 23:34:57 2026

Set parameter WLSAccessID
Set parameter WLSSecret
Set parameter LicenseID to value 938810
Set parameter LogFile to value "gurobi.log"
Using license file /home/users/a/agma/gurobi.lic
Academic license 938810 - for non-commercial use only - registered to ag___@tu-berlin.de

Gurobi 12.0.2 (linux64, gurobi_cl) logging started Mon Jun  8 23:36:20 2026

Set parameter WLSAccessID
Set parameter WLSSecret
Set parameter LicenseID to value 938810
Set parameter LogFile to value "gurobi.log"
Using license file /home/users/a/agma/gurobi.lic
Academic license 938810 - for non-commercial use only - registered to ag___@tu-berlin.de

Gurobi 12.0.2 (linux64, gurobi_cl) logging started Mon Jun  8 23:36:28 2026

Set parameter WLSAccessID
Set parameter WLSSecret
Set parameter LicenseID to value 938810
Set parameter LogFile to value "gurobi.log"
Using license file /home/users/a/agma/gurobi.lic
Academic license 938810 - for non-commercial use only - registered to ag___@tu-berlin.de

Gurobi 12.0.2 (linux64, gurobi_cl) logging started Mon Jun  8 23:57:09 2026

Set parameter WLSAccessID
Set parameter WLSSecret
Set parameter LicenseID to value 938810
Set parameter LogFile to value "gurobi.log"
Using license file /home/users/a/agma/gurobi.lic
Academic license 938810 - for non-commercial use only - registered to ag___@tu-berlin.de

Gurobi 12.0.2 (linux64, gurobi_cl) logging started Mon Jun  8 23:57:38 2026

Set parameter WLSAccessID
Set parameter WLSSecret
Set parameter LicenseID to value 938810
Set parameter LogFile to value "gurobi.log"
Using license file /home/users/a/agma/gurobi.lic
Academic license 938810 - for non-commercial use only - registered to ag___@tu-berlin.de

Gurobi 12.0.2 (linux64, gurobi_cl) logging started Mon Jun  8 23:57:48 2026

Set parameter WLSAccessID
Set parameter WLSSecret
Set parameter LicenseID to value 938810
Set parameter LogFile to value "gurobi.log"
Using license file /home/users/a/agma/gurobi.lic
Academic license 938810 - for non-commercial use only - registered to ag___@tu-berlin.de

Gurobi 12.0.2 (linux64, gurobi_cl) logging started Mon Jun  8 23:57:49 2026


Gurobi 12.0.2 (linux64, gurobi_cl) logging started Mon Jun  8 23:57:49 2026


Gurobi 12.0.2 (linux64, gurobi_cl) logging started Mon Jun  8 23:57:49 2026


Gurobi 12.0.2 (linux64, gurobi_cl) logging started Mon Jun  8 23:57:49 2026

Set parameter WLSAccessID
Set parameter WLSSecret
Set parameter WLSAccessID
Set parameter LicenseID to value 938810
Set parameter WLSSecret
Set parameter WLSAccessID
Set parameter LicenseID to value 938810
Set parameter LogFile to value "gurobi.log"
Set parameter WLSSecret
Set parameter WLSAccessID
Set parameter LogFile to value "gurobi.log"
Using license file /home/users/a/agma/gurobi.lic
Using license file /home/users/a/agma/gurobi.lic
Set parameter LicenseID to value 938810
Set parameter WLSSecret
Set parameter LogFile to value "gurobi.log"
Set parameter LicenseID to value 938810
Using license file /home/users/a/agma/gurobi.lic
Set parameter LogFile to value "gurobi.log"
Using license file /home/users/a/agma/gurobi.lic
Academic license 938810 - for non-commercial use only - registered to ag___@tu-berlin.de
Academic license 938810 - for non-commercial use only - registered to ag___@tu-berlin.de
Academic license 938810 - for non-commercial use only - registered to ag___@tu-berlin.de
Academic license 938810 - for non-commercial use only - registered to ag___@tu-berlin.de

Gurobi 12.0.2 (linux64, gurobi_cl) logging started Mon Jun  8 23:57:56 2026

Set parameter WLSAccessID
Set parameter WLSSecret
Set parameter LicenseID to value 938810
Set parameter LogFile to value "gurobi.log"
Using license file /home/users/a/agma/gurobi.lic
Academic license 938810 - for non-commercial use only - registered to ag___@tu-berlin.de

Gurobi 12.0.2 (linux64, gurobi_cl) logging started Mon Jun  8 23:57:57 2026


Gurobi 12.0.2 (linux64, gurobi_cl) logging started Mon Jun  8 23:57:57 2026


Gurobi 12.0.2 (linux64, gurobi_cl) logging started Mon Jun  8 23:57:57 2026


Gurobi 12.0.2 (linux64, gurobi_cl) logging started Mon Jun  8 23:57:57 2026

Set parameter WLSAccessID
Set parameter WLSSecret
Set parameter WLSAccessID
Set parameter LicenseID to value 938810
Set parameter WLSSecret
Set parameter WLSAccessID
Set parameter LogFile to value "gurobi.log"
Set parameter LicenseID to value 938810
Set parameter WLSSecret
Using license file /home/users/a/agma/gurobi.lic
Set parameter WLSAccessID
Set parameter LogFile to value "gurobi.log"
Set parameter LicenseID to value 938810
Set parameter WLSSecret
Using license file /home/users/a/agma/gurobi.lic
Set parameter LogFile to value "gurobi.log"
Set parameter LicenseID to value 938810
Using license file /home/users/a/agma/gurobi.lic
Set parameter LogFile to value "gurobi.log"
Using license file /home/users/a/agma/gurobi.lic
Academic license 938810 - for non-commercial use only - registered to ag___@tu-berlin.de
Academic license 938810 - for non-commercial use only - registered to ag___@tu-berlin.de
Academic license 938810 - for non-commercial use only - registered to ag___@tu-berlin.de
Academic license 938810 - for non-commercial use only - registered to ag___@tu-berlin.de

Gurobi 12.0.2 (linux64, gurobi_cl) logging started Mon Jun  8 23:59:18 2026


Gurobi 12.0.2 (linux64, gurobi_cl) logging started Mon Jun  8 23:59:18 2026


Gurobi 12.0.2 (linux64, gurobi_cl) logging started Mon Jun  8 23:59:18 2026


Gurobi 12.0.2 (linux64, gurobi_cl) logging started Mon Jun  8 23:59:18 2026


Gurobi 12.0.2 (linux64, gurobi_cl) logging started Mon Jun  8 23:59:18 2026

Set parameter WLSAccessID
Set parameter WLSSecret
Set parameter WLSAccessID
 value 938810
Set parameter WLSAccessID
Set parameter WLSSecret
 value "gurobi.log"
Set parameter WLSAccessID
sers/a/agma/gurobi.lic
Set parameter WLSSecret
Set parameter LicenseID to value 938810
Set parameter WLSSecret
Set parameter LicenseID to value 938810
Set parameter WLSAccessID
Set parameter LicenseID to value 938810
Set parameter LogFile to value "gurobi.log"
Using license file /home/users/a/agma/gurobi.lic
Set parameter LogFile to value "gurobi.log"
Set parameter WLSSecret
Set parameter LogFile to value "gurobi.log"
Using license file /home/users/a/agma/gurobi.lic
Set parameter LicenseID to value 938810
Using license file /home/users/a/agma/gurobi.lic
Set parameter LogFile to value "gurobi.log"
Using license file /home/users/a/agma/gurobi.lic
Academic license 938810 - for non-commercial use only - registered to ag___@tu-berlin.de
Academic license 938810 - for non-commercial use only - registered to ag___@tu-berlin.de
Academic license 938810 - for non-commercial use only - registered to ag___@tu-berlin.de
Academic license 938810 - for non-commercial use only - registered to ag___@tu-berlin.de
Academic license 938810 - for non-commercial use only - registered to ag___@tu-berlin.de

Gurobi 12.0.2 (linux64, gurobi_cl) logging started Mon Jun  8 23:59:26 2026

Set parameter WLSAccessID
Set parameter WLSSecret
Set parameter LicenseID to value 938810
Set parameter LogFile to value "gurobi.log"
Using license file /home/users/a/agma/gurobi.lic
Academic license 938810 - for non-commercial use only - registered to ag___@tu-berlin.de

Gurobi 12.0.2 (linux64, gurobi_cl) logging started Mon Jun  8 23:59:26 2026


Gurobi 12.0.2 (linux64, gurobi_cl) logging started Mon Jun  8 23:59:26 2026

Set parameter WLSAccessID
Set parameter WLSSecret
Set parameter WLSAccessID
Set parameter LicenseID to value 938810
Set parameter WLSSecret
Set parameter LicenseID to value 938810
Set parameter LogFile to value "gurobi.log"
Set parameter LogFile to value "gurobi.log"
Using license file /home/users/a/agma/gurobi.lic

Gurobi 12.0.2 (linux64, gurobi_cl) logging started Mon Jun  8 23:59:26 2026

Using license file /home/users/a/agma/gurobi.lic
Set parameter WLSAccessID
Set parameter WLSSecret
Set parameter LicenseID to value 938810
Set parameter LogFile to value "gurobi.log"

Gurobi 12.0.2 (linux64, gurobi_cl) logging started Mon Jun  8 23:59:26 2026

Using license file /home/users/a/agma/gurobi.lic
Set parameter WLSAccessID
Set parameter WLSSecret
Set parameter LicenseID to value 938810
Set parameter LogFile to value "gurobi.log"
Using license file /home/users/a/agma/gurobi.lic
Academic license 938810 - for non-commercial use only - registered to ag___@tu-berlin.de
Academic license 938810 - for non-commercial use only - registered to ag___@tu-berlin.de
Academic license 938810 - for non-commercial use only - registered to ag___@tu-berlin.de
Academic license 938810 - for non-commercial use only - registered to ag___@tu-berlin.de

Gurobi 12.0.2 (linux64, gurobi_cl) logging started Mon Jun  8 23:59:58 2026


Gurobi 12.0.2 (linux64, gurobi_cl) logging started Mon Jun  8 23:59:58 2026


Gurobi 12.0.2 (linux64, gurobi_cl) logging started Mon Jun  8 23:59:58 2026


Gurobi 12.0.2 (linux64, gurobi_cl) logging started Mon Jun  8 23:59:58 2026


Gurobi 12.0.2 (linux64, gurobi_cl) logging started Mon Jun  8 23:59:58 2026

Set parameter WLSAccessID
Set parameter WLSSecret
D
Set parameter WLSAccessID
 value 938810
Set parameter WLSSecret
Set parameter WLSSecret
 value "gurobi.log"
Set parameter LicenseID to value 938810
robi.lic
Set parameter WLSAccessID
Set parameter LicenseID to value 938810
Set parameter WLSAccessID
Set parameter WLSSecret
Set parameter LogFile to value "gurobi.log"
Set parameter LogFile to value "gurobi.log"
Set parameter WLSSecret
Set parameter LicenseID to value 938810
Using license file /home/users/a/agma/gurobi.lic
Using license file /home/users/a/agma/gurobi.lic
Set parameter LicenseID to value 938810
Set parameter LogFile to value "gurobi.log"
Set parameter LogFile to value "gurobi.log"
Using license file /home/users/a/agma/gurobi.lic
Using license file /home/users/a/agma/gurobi.lic
Academic license 938810 - for non-commercial use only - registered to ag___@tu-berlin.de
Academic license 938810 - for non-commercial use only - registered to ag___@tu-berlin.de
Academic license 938810 - for non-commercial use only - registered to ag___@tu-berlin.de
Academic license 938810 - for non-commercial use only - registered to ag___@tu-berlin.de

Gurobi 12.0.2 (linux64, gurobi_cl) logging started Tue Jun  9 00:00:06 2026


Gurobi 12.0.2 (linux64, gurobi_cl) logging started Tue Jun  9 00:00:06 2026

Set parameter WLSAccessID
Set parameter WLSAccessID
Set parameter WLSSecret
Set parameter WLSSecret
Set parameter LicenseID to value 938810
Set parameter LicenseID to value 938810
Set parameter LogFile to value "gurobi.log"
Set parameter LogFile to value "gurobi.log"
Using license file /home/users/a/agma/gurobi.lic
Using license file /home/users/a/agma/gurobi.lic

Gurobi 12.0.2 (linux64, gurobi_cl) logging started Tue Jun  9 00:00:06 2026


Gurobi 12.0.2 (linux64, gurobi_cl) logging started Tue Jun  9 00:00:06 2026

Set parameter WLSAccessID
Set parameter WLSSecret
Set parameter LicenseID to value 938810
Set parameter LogFile to value "gurobi.log"
Using license file /home/users/a/agma/gurobi.lic
Set parameter WLSAccessID
Set parameter WLSSecret
Set parameter LicenseID to value 938810
Set parameter LogFile to value "gurobi.log"
Using license file /home/users/a/agma/gurobi.lic
Academic license 938810 - for non-commercial use only - registered to ag___@tu-berlin.de
Academic license 938810 - for non-commercial use only - registered to ag___@tu-berlin.de
Academic license 938810 - for non-commercial use only - registered to ag___@tu-berlin.de
Academic license 938810 - for non-commercial use only - registered to ag___@tu-berlin.de

Gurobi 12.0.2 (linux64, gurobi_cl) logging started Tue Jun  9 00:00:06 2026

Set parameter WLSAccessID
Set parameter WLSSecret
Set parameter LicenseID to value 938810
Set parameter LogFile to value "gurobi.log"
Using license file /home/users/a/agma/gurobi.lic
Academic license 938810 - for non-commercial use only - registered to ag___@tu-berlin.de

Gurobi 12.0.2 (linux64, gurobi_cl) logging started Tue Jun  9 00:01:29 2026

Set parameter WLSAccessID
Set parameter WLSSecret
Set parameter LicenseID to value 938810
Set parameter LogFile to value "gurobi.log"
Using license file /home/users/a/agma/gurobi.lic
Academic license 938810 - for non-commercial use only - registered to ag___@tu-berlin.de

Gurobi 12.0.2 (linux64, gurobi_cl) logging started Tue Jun  9 00:01:36 2026

Set parameter WLSAccessID
Set parameter WLSSecret
Set parameter LicenseID to value 938810
Set parameter LogFile to value "gurobi.log"
Using license file /home/users/a/agma/gurobi.lic
Academic license 938810 - for non-commercial use only - registered to ag___@tu-berlin.de

Gurobi 12.0.2 (linux64, gurobi_cl) logging started Tue Jun  9 00:01:37 2026

Set parameter WLSAccessID
Set parameter WLSSecret
Set parameter LicenseID to value 938810
Set parameter LogFile to value "gurobi.log"
Using license file /home/users/a/agma/gurobi.lic
Academic license 938810 - for non-commercial use only - registered to ag___@tu-berlin.de

Gurobi 12.0.2 (linux64, gurobi_cl) logging started Tue Jun  9 00:01:43 2026

Set parameter WLSAccessID
Set parameter WLSSecret
Set parameter LicenseID to value 938810
Set parameter LogFile to value "gurobi.log"
Using license file /home/users/a/agma/gurobi.lic
Academic license 938810 - for non-commercial use only - registered to ag___@tu-berlin.de

Gurobi 12.0.2 (linux64, gurobi_cl) logging started Tue Jun  9 00:02:59 2026

Set parameter WLSAccessID
Set parameter WLSSecret
Set parameter WLSSecret
to value 938810
Set parameter LicenseID to value 938810
Set parameter LogFile to value "gurobi.log"
Set parameter LogFile to value "gurobi.log"
.lic
Using license file /home/users/a/agma/gurobi.lic
Academic license 938810 - for non-commercial use only - registered to ag___@tu-berlin.de
Academic license 938810 - for non-commercial use only - registered to ag___@tu-berlin.de

Gurobi 12.0.2 (linux64, gurobi_cl) logging started Tue Jun  9 00:03:00 2026

Set parameter WLSAccessID
Set parameter WLSSecret
Set parameter LicenseID to value 938810
Set parameter LogFile to value "gurobi.log"
Using license file /home/users/a/agma/gurobi.lic

Gurobi 12.0.2 (linux64, gurobi_cl) logging started Tue Jun  9 00:03:00 2026

Set parameter WLSAccessID
Set parameter WLSSecret
Set parameter LicenseID to value 938810
Set parameter LogFile to value "gurobi.log"
Using license file /home/users/a/agma/gurobi.lic

Gurobi 12.0.2 (linux64, gurobi_cl) logging started Tue Jun  9 00:03:07 2026

Set parameter WLSAccessID
Set parameter WLSSecret
Set parameter LicenseID to value 938810
Set parameter LogFile to value "gurobi.log"
Using license file /home/users/a/agma/gurobi.lic

Gurobi 12.0.2 (linux64, gurobi_cl) logging started Tue Jun  9 00:03:07 2026

Academic license 938810 - for non-commercial use only - registered to ag___@tu-berlin.de
Set parameter WLSSecret
Set parameter LicenseID to value 938810
Set parameter LogFile to value "gurobi.log"
Using license file /home/users/a/agma/gurobi.lic
Academic license 938810 - for non-commercial use only - registered to ag___@tu-berlin.de

Gurobi 12.0.2 (linux64, gurobi_cl) logging started Tue Jun  9 00:03:10 2026


Gurobi 12.0.2 (linux64, gurobi_cl) logging started Tue Jun  9 00:03:10 2026

Set parameter WLSAccessID
Set parameter WLSSecret
Set parameter LicenseID to value 938810
Set parameter WLSAccessID
Set parameter WLSSecret
Set parameter LogFile to value "gurobi.log"
Set parameter LicenseID to value 938810
Using license file /home/users/a/agma/gurobi.lic
Set parameter LogFile to value "gurobi.log"
Using license file /home/users/a/agma/gurobi.lic

Gurobi 12.0.2 (linux64, gurobi_cl) logging started Tue Jun  9 00:04:30 2026

Set parameter WLSAccessID
Set parameter WLSSecret
Set parameter LicenseID to value 938810
Set parameter LogFile to value "gurobi.log"
Using license file /home/users/a/agma/gurobi.lic

Gurobi 12.0.2 (linux64, gurobi_cl) logging started Tue Jun  9 00:04:32 2026

Set parameter WLSAccessID
Set parameter WLSSecret
Set parameter LicenseID to value 938810
Set parameter LogFile to value "gurobi.log"
Using license file /home/users/a/agma/gurobi.lic

Gurobi 12.0.2 (linux64, gurobi_cl) logging started Tue Jun  9 00:04:40 2026

Set parameter WLSAccessID
Set parameter WLSSecret
Set parameter LicenseID to value 938810
Set parameter LogFile to value "gurobi.log"
Using license file /home/users/a/agma/gurobi.lic

Gurobi 12.0.2 (linux64, gurobi_cl) logging started Tue Jun  9 00:04:41 2026

Set parameter WLSAccessID
Set parameter WLSSecret
Set parameter LicenseID to value 938810
Set parameter LogFile to value "gurobi.log"
Using license file /home/users/a/agma/gurobi.lic

Gurobi 12.0.2 (linux64, gurobi_cl) logging started Tue Jun  9 00:06:10 2026

Set parameter WLSAccessID
Set parameter WLSSecret
Set parameter LicenseID to value 938810
Set parameter LogFile to value "gurobi.log"
Using license file /home/users/a/agma/gurobi.lic

Gurobi 12.0.2 (linux64, gurobi_cl) logging started Tue Jun  9 00:06:55 2026

Set parameter WLSAccessID
Set parameter WLSSecret
Set parameter LicenseID to value 938810
Set parameter LogFile to value "gurobi.log"
Using license file /home/users/a/agma/gurobi.lic

Gurobi 12.0.2 (linux64, gurobi_cl) logging started Tue Jun  9 00:07:07 2026


Gurobi 12.0.2 (linux64, gurobi_cl) logging started Tue Jun  9 00:07:07 2026


Gurobi 12.0.2 (linux64, gurobi_cl) logging started Tue Jun  9 00:07:07 2026

Set parameter WLSAccessID
Set parameter WLSSecret
Set parameter LicenseID to value 938810
Set parameter WLSAccessID
Set parameter WLSAccessID
Set parameter LogFile to value "gurobi.log"
Set parameter WLSSecret
Set parameter WLSSecret
Using license file /home/users/a/agma/gurobi.lic
Set parameter LicenseID to value 938810
Set parameter LicenseID to value 938810
Set parameter LogFile to value "gurobi.log"
Set parameter LogFile to value "gurobi.log"
Using license file /home/users/a/agma/gurobi.lic
Using license file /home/users/a/agma/gurobi.lic

Gurobi 12.0.2 (linux64, gurobi_cl) logging started Tue Jun  9 00:07:08 2026

Set parameter WLSAccessID
Set parameter WLSSecret
Set parameter LicenseID to value 938810
Set parameter LogFile to value "gurobi.log"
Using license file /home/users/a/agma/gurobi.lic

Gurobi 12.0.2 (linux64, gurobi_cl) logging started Tue Jun  9 00:07:09 2026

Set parameter WLSAccessID
Set parameter WLSSecret
Set parameter LicenseID to value 938810
Set parameter LogFile to value "gurobi.log"
Using license file /home/users/a/agma/gurobi.lic

Gurobi 12.0.2 (linux64, gurobi_cl) logging started Tue Jun  9 00:07:17 2026

Set parameter WLSAccessID
Set parameter WLSSecret
Set parameter LicenseID to value 938810

Gurobi 12.0.2 (linux64, gurobi_cl) logging started Tue Jun  9 00:07:17 2026


Gurobi 12.0.2 (linux64, gurobi_cl) logging started Tue Jun  9 00:07:17 2026

Set parameter LogFile to value "gurobi.log"
Using license file /home/users/a/agma/gurobi.lic
Set parameter WLSAccessID
Set parameter WLSSecret
Set parameter LicenseID to value 938810
Set parameter WLSAccessID
Set parameter WLSSecret
Set parameter LogFile to value "gurobi.log"
Set parameter LicenseID to value 938810
Using license file /home/users/a/agma/gurobi.lic
Set parameter LogFile to value "gurobi.log"
Using license file /home/users/a/agma/gurobi.lic

Gurobi 12.0.2 (linux64, gurobi_cl) logging started Tue Jun  9 00:07:17 2026

Set parameter WLSAccessID
Set parameter WLSSecret
Set parameter LicenseID to value 938810
Set parameter LogFile to value "gurobi.log"
Using license file /home/users/a/agma/gurobi.lic

Gurobi 12.0.2 (linux64, gurobi_cl) logging started Tue Jun  9 00:07:18 2026

Set parameter WLSAccessID
Set parameter WLSSecret
Set parameter LicenseID to value 938810
Set parameter LogFile to value "gurobi.log"
Using license file /home/users/a/agma/gurobi.lic

Gurobi 12.0.2 (linux64, gurobi_cl) logging started Tue Jun  9 00:08:37 2026

Set parameter WLSAccessID
Set parameter WLSSecret
Set parameter LicenseID to value 938810
Set parameter LogFile to value "gurobi.log"
Using license file /home/users/a/agma/gurobi.lic

Gurobi 12.0.2 (linux64, gurobi_cl) logging started Tue Jun  9 00:08:39 2026

Set parameter WLSAccessID
Set parameter WLSSecret
Set parameter LicenseID to value 938810
Set parameter LogFile to value "gurobi.log"
Using license file /home/users/a/agma/gurobi.lic

Gurobi 12.0.2 (linux64, gurobi_cl) logging started Tue Jun  9 00:08:39 2026

Set parameter WLSAccessID
Set parameter WLSSecret
Set parameter LicenseID to value 938810
Set parameter LogFile to value "gurobi.log"
Using license file /home/users/a/agma/gurobi.lic

Gurobi 12.0.2 (linux64, gurobi_cl) logging started Tue Jun  9 00:08:39 2026

Set parameter WLSAccessID
Set parameter WLSSecret
Set parameter LicenseID to value 938810
Set parameter LogFile to value "gurobi.log"
Using license file /home/users/a/agma/gurobi.lic

Gurobi 12.0.2 (linux64, gurobi_cl) logging started Tue Jun  9 00:08:39 2026

Set parameter WLSAccessID
Set parameter WLSSecret
Set parameter LicenseID to value 938810
Set parameter LogFile to value "gurobi.log"
Using license file /home/users/a/agma/gurobi.lic

Gurobi 12.0.2 (linux64, gurobi_cl) logging started Tue Jun  9 00:08:47 2026

Set parameter WLSAccessID
Set parameter WLSSecret
Set parameter LicenseID to value 938810
Set parameter LogFile to value "gurobi.log"
Using license file /home/users/a/agma/gurobi.lic

Gurobi 12.0.2 (linux64, gurobi_cl) logging started Tue Jun  9 00:08:48 2026

Set parameter WLSAccessID
Set parameter WLSSecret
Set parameter LicenseID to value 938810
Set parameter LogFile to value "gurobi.log"
Using license file /home/users/a/agma/gurobi.lic

Gurobi 12.0.2 (linux64, gurobi_cl) logging started Tue Jun  9 00:08:48 2026

Set parameter WLSAccessID
Set parameter WLSSecret
Set parameter LicenseID to value 938810
Set parameter LogFile to value "gurobi.log"
Using license file /home/users/a/agma/gurobi.lic

Gurobi 12.0.2 (linux64, gurobi_cl) logging started Tue Jun  9 00:08:48 2026

Set parameter WLSAccessID
Set parameter WLSSecret
Set parameter LicenseID to value 938810
Set parameter LogFile to value "gurobi.log"
Using license file /home/users/a/agma/gurobi.lic

Gurobi 12.0.2 (linux64, gurobi_cl) logging started Tue Jun  9 00:08:49 2026

Set parameter WLSAccessID
Set parameter WLSSecret
Set parameter LicenseID to value 938810
Set parameter LogFile to value "gurobi.log"
Using license file /home/users/a/agma/gurobi.lic

Gurobi 12.0.2 (linux64, gurobi_cl) logging started Tue Jun  9 00:14:23 2026

Set parameter WLSAccessID
Set parameter WLSSecret
Set parameter LicenseID to value 938810
Set parameter LogFile to value "gurobi.log"
Using license file /home/users/a/agma/gurobi.lic

Gurobi 12.0.2 (linux64, gurobi_cl) logging started Tue Jun  9 00:14:35 2026


Gurobi 12.0.2 (linux64, gurobi_cl) logging started Tue Jun  9 00:14:35 2026


Gurobi 12.0.2 (linux64, gurobi_cl) logging started Tue Jun  9 00:14:35 2026


Gurobi 12.0.2 (linux64, gurobi_cl) logging started Tue Jun  9 00:14:35 2026

Set parameter WLSAccessID
Set parameter WLSSecret
Set parameter WLSAccessID
Set parameter LicenseID to value 938810
Set parameter WLSSecret
 gurobi_cl) logging started Tue Jun  9 00:14:35 2026

Set parameter WLSAccessID
Set parameter LicenseID to value 938810
Set parameter LogFile to value "gurobi.log"
Set parameter WLSSecret
Set parameter WLSAccessID
Set parameter LogFile to value "gurobi.log"
Using license file /home/users/a/agma/gurobi.lic
Using license file /home/users/a/agma/gurobi.lic
Set parameter LicenseID to value 938810
Set parameter WLSAccessID
Set parameter WLSSecret
 value "gurobi.log"
Set parameter LicenseID to value 938810
Using license file /home/users/a/agma/gurobi.lic
Set parameter LogFile to value "gurobi.log"
Using license file /home/users/a/agma/gurobi.lic
Using license file /home/users/a/agma/gurobi.lic

Gurobi 12.0.2 (linux64, gurobi_cl) logging started Tue Jun  9 00:14:45 2026


Gurobi 12.0.2 (linux64, gurobi_cl) logging started Tue Jun  9 00:14:45 2026


Gurobi 12.0.2 (linux64, gurobi_cl) logging started Tue Jun  9 00:14:45 2026


Gurobi 12.0.2 (linux64, gurobi_cl) logging started Tue Jun  9 00:14:45 2026

Set parameter WLSAccessID
Set parameter WLSSecret
Set parameter LicenseID to value 938810
Set parameter WLSAccessID
Set parameter LogFile to value "gurobi.log"
Set parameter WLSSecret
Set parameter LicenseID to value 938810
Set parameter WLSAccessID
Set parameter WLSSecret
Using license file /home/users/a/agma/gurobi.lic
Set parameter WLSAccessID
Set parameter LogFile to value "gurobi.log"
Set parameter LicenseID to value 938810
Set parameter WLSSecret
Using license file /home/users/a/agma/gurobi.lic
Set parameter LogFile to value "gurobi.log"
Set parameter LicenseID to value 938810
Using license file /home/users/a/agma/gurobi.lic
Set parameter LogFile to value "gurobi.log"
Using license file /home/users/a/agma/gurobi.lic

Gurobi 12.0.2 (linux64, gurobi_cl) logging started Tue Jun  9 00:14:45 2026

Set parameter WLSAccessID
Set parameter WLSSecret
Set parameter LicenseID to value 938810
Set parameter LogFile to value "gurobi.log"
Using license file /home/users/a/agma/gurobi.lic

Gurobi 12.0.2 (linux64, gurobi_cl) logging started Tue Jun  9 00:16:05 2026


Gurobi 12.0.2 (linux64, gurobi_cl) logging started Tue Jun  9 00:16:05 2026


Gurobi 12.0.2 (linux64, gurobi_cl) logging started Tue Jun  9 00:16:05 2026


Gurobi 12.0.2 (linux64, gurobi_cl) logging started Tue Jun  9 00:16:05 2026

Set parameter WLSAccessID
Set parameter WLSSecret
Set parameter LicenseID to value 938810
Set parameter WLSAccessID
Set parameter WLSSecret
Set parameter WLSAccessID
Set parameter WLSAccessID
alue "gurobi.log"
Set parameter WLSSecret
 gurobi_cl) logging started Tue Jun  9 00:16:05 2026

Set parameter LicenseID to value 938810
Set parameter WLSSecret
Set parameter LogFile to value "gurobi.log"
.lic
Using license file /home/users/a/agma/gurobi.lic
Set parameter LicenseID to value 938810
Using license file /home/users/a/agma/gurobi.lic
Set parameter LogFile to value "gurobi.log"
Set parameter WLSAccessID
Using license file /home/users/a/agma/gurobi.lic
Set parameter WLSSecret
Set parameter LicenseID to value 938810
Set parameter LogFile to value "gurobi.log"
Using license file /home/users/a/agma/gurobi.lic

Gurobi 12.0.2 (linux64, gurobi_cl) logging started Tue Jun  9 00:16:16 2026


Gurobi 12.0.2 (linux64, gurobi_cl) logging started Tue Jun  9 00:16:16 2026


Gurobi 12.0.2 (linux64, gurobi_cl) logging started Tue Jun  9 00:16:16 2026


Gurobi 12.0.2 (linux64, gurobi_cl) logging started Tue Jun  9 00:16:16 2026

Set parameter WLSAccessID
Set parameter WLSSecret
Set parameter LicenseID to value 938810
Set parameter WLSAccessID
Set parameter WLSSecret
Set parameter LogFile to value "gurobi.log"
Set parameter LicenseID to value 938810
Set parameter WLSAccessID
Using license file /home/users/a/agma/gurobi.lic
Set parameter WLSAccessID
Set parameter LogFile to value "gurobi.log"
Set parameter WLSSecret
Set parameter WLSSecret
Using license file /home/users/a/agma/gurobi.lic
Set parameter LicenseID to value 938810
Set parameter LicenseID to value 938810
Set parameter LogFile to value "gurobi.log"
Set parameter LogFile to value "gurobi.log"
Using license file /home/users/a/agma/gurobi.lic
Using license file /home/users/a/agma/gurobi.lic

Gurobi 12.0.2 (linux64, gurobi_cl) logging started Tue Jun  9 00:16:16 2026

Set parameter WLSAccessID
Set parameter WLSSecret
Set parameter LicenseID to value 938810
Set parameter LogFile to value "gurobi.log"
Using license file /home/users/a/agma/gurobi.lic

Gurobi 12.0.2 (linux64, gurobi_cl) logging started Tue Jun  9 00:16:45 2026


Gurobi 12.0.2 (linux64, gurobi_cl) logging started Tue Jun  9 00:16:45 2026


Gurobi 12.0.2 (linux64, gurobi_cl) logging started Tue Jun  9 00:16:45 2026


Gurobi 12.0.2 (linux64, gurobi_cl) logging started Tue Jun  9 00:16:45 2026

Set parameter WLSAccessID
Set parameter WLSSecret

Gurobi 12.0.2 (linux64, gurobi_cl) logging started Tue Jun  9 00:16:45 2026

Set parameter LicenseID to value 938810
Set parameter WLSSecret
Set parameter LicenseID to value 938810
Set parameter LogFile to value "gurobi.log"
Set parameter WLSAccessID
Set parameter WLSSecret
Set parameter WLSAccessID
Set parameter LogFile to value "gurobi.log"
Set parameter WLSAccessID
sers/a/agma/gurobi.lic
Set parameter WLSSecret
to value 938810
Set parameter LicenseID Using license file /home/users/a/agma/gurobi.lic
Set parameter LogFile to value "gurobi.log"
Using license file /home/users/a/agma/gurobi.lic
Set parameter LicenseID to value 938810
robi.lic
Set parameter LogFile to value "gurobi.log"
Using license file /home/users/a/agma/gurobi.lic

Gurobi 12.0.2 (linux64, gurobi_cl) logging started Tue Jun  9 00:16:55 2026


Gurobi 12.0.2 (linux64, gurobi_cl) logging started Tue Jun  9 00:16:55 2026


Gurobi 12.0.2 (linux64, gurobi_cl) logging started Tue Jun  9 00:16:55 2026

Set parameter WLSAccessID
Set parameter WLSSecret
Set parameter LicenseID to value 938810
Set parameter WLSAccessID
alue "gurobi.log"
Set parameter WLSSecret
/users/a/agma/gurobi.lic
Set parameter LicenseID to value 938810
Set parameter WLSAccessID
Set parameter LogFile to value "gurobi.log"
Set parameter WLSSecret
Using license file /home/users/a/agma/gurobi.lic
Set parameter LicenseID to value 938810
Set parameter LogFile to value "gurobi.log"
Using license file /home/users/a/agma/gurobi.lic

Gurobi 12.0.2 (linux64, gurobi_cl) logging started Tue Jun  9 00:16:55 2026


Gurobi 12.0.2 (linux64, gurobi_cl) logging started Tue Jun  9 00:16:55 2026

Set parameter WLSAccessID
Set parameter WLSSecret
Set parameter WLSAccessID
Set parameter LicenseID to value 938810
Set parameter WLSSecret
Set parameter LogFile to value "gurobi.log"
Set parameter LicenseID to value 938810
Using license file /home/users/a/agma/gurobi.lic
Set parameter LogFile to value "gurobi.log"
Using license file /home/users/a/agma/gurobi.lic

Gurobi 12.0.2 (linux64, gurobi_cl) logging started Tue Jun  9 00:18:16 2026

Set parameter WLSAccessID
Set parameter WLSSecret
Set parameter LicenseID to value 938810
Set parameter LogFile to value "gurobi.log"
Using license file /home/users/a/agma/gurobi.lic

Gurobi 12.0.2 (linux64, gurobi_cl) logging started Tue Jun  9 00:18:26 2026

Set parameter WLSAccessID
Set parameter WLSSecret
Set parameter LicenseID to value 938810
Set parameter LogFile to value "gurobi.log"
Using license file /home/users/a/agma/gurobi.lic

Gurobi 12.0.2 (linux64, gurobi_cl) logging started Tue Jun  9 00:18:27 2026

Set parameter WLSAccessID
Set parameter WLSSecret
Set parameter LicenseID to value 938810
Set parameter LogFile to value "gurobi.log"
Using license file /home/users/a/agma/gurobi.lic

Gurobi 12.0.2 (linux64, gurobi_cl) logging started Tue Jun  9 00:18:37 2026

Set parameter WLSAccessID
Set parameter WLSSecret
Set parameter LicenseID to value 938810
Set parameter LogFile to value "gurobi.log"
Using license file /home/users/a/agma/gurobi.lic

Gurobi 12.0.2 (linux64, gurobi_cl) logging started Tue Jun  9 00:22:02 2026

Set parameter WLSAccessID
Set parameter WLSSecret
Set parameter LicenseID to value 938810
Set parameter LogFile to value "gurobi.log"
Using license file /home/users/a/agma/gurobi.lic

Gurobi 12.0.2 (linux64, gurobi_cl) logging started Tue Jun  9 00:22:33 2026

Set parameter WLSAccessID
Set parameter WLSSecret
Set parameter LicenseID to value 938810
Set parameter LogFile to value "gurobi.log"
Using license file /home/users/a/agma/gurobi.lic

Gurobi 12.0.2 (linux64, gurobi_cl) logging started Tue Jun  9 00:22:52 2026

Set parameter WLSAccessID
Set parameter WLSSecret
Set parameter LicenseID to value 938810
Set parameter LogFile to value "gurobi.log"
Using license file /home/users/a/agma/gurobi.lic

Gurobi 12.0.2 (linux64, gurobi_cl) logging started Tue Jun  9 00:28:53 2026

Set parameter WLSAccessID
Set parameter WLSSecret
Set parameter LicenseID to value 938810
Set parameter LogFile to value "gurobi.log"
Using license file /home/users/a/agma/gurobi.lic

Gurobi 12.0.2 (linux64, gurobi_cl) logging started Tue Jun  9 00:34:36 2026

Set parameter WLSAccessID
Set parameter WLSSecret
Set parameter LicenseID to value 938810
Set parameter LogFile to value "gurobi.log"
Using license file /home/users/a/agma/gurobi.lic

Gurobi 12.0.2 (linux64, gurobi_cl) logging started Tue Jun  9 00:44:23 2026

Set parameter WLSAccessID
Set parameter WLSSecret
Set parameter LicenseID to value 938810
Set parameter LogFile to value "gurobi.log"
Using license file /home/users/a/agma/gurobi.lic
Academic license 938810 - for non-commercial use only - registered to ag___@tu-berlin.de

Gurobi 12.0.2 (linux64, gurobi_cl) logging started Tue Jun  9 00:47:29 2026

Set parameter WLSAccessID
Set parameter WLSSecret
Set parameter LicenseID to value 938810
Set parameter LogFile to value "gurobi.log"
Using license file /home/users/a/agma/gurobi.lic
Academic license 938810 - for non-commercial use only - registered to ag___@tu-berlin.de

Gurobi 12.0.2 (linux64, gurobi_cl) logging started Tue Jun  9 00:48:34 2026

Set parameter WLSAccessID
Set parameter WLSSecret
Set parameter LicenseID to value 938810
Set parameter LogFile to value "gurobi.log"
Using license file /home/users/a/agma/gurobi.lic
Academic license 938810 - for non-commercial use only - registered to ag___@tu-berlin.de

Gurobi 12.0.2 (linux64, gurobi_cl) logging started Tue Jun  9 01:05:04 2026

Set parameter WLSAccessID
Set parameter WLSSecret
Set parameter LicenseID to value 938810
Set parameter LogFile to value "gurobi.log"
Using license file /home/users/a/agma/gurobi.lic
Academic license 938810 - for non-commercial use only - registered to ag___@tu-berlin.de

Gurobi 12.0.2 (linux64, gurobi_cl) logging started Tue Jun  9 01:05:28 2026


Gurobi 12.0.2 (linux64, gurobi_cl) logging started Tue Jun  9 01:05:28 2026


Gurobi 12.0.2 (linux64, gurobi_cl) logging started Tue Jun  9 01:05:28 2026


Gurobi 12.0.2 (linux64, gurobi_cl) logging started Tue Jun  9 01:05:28 2026

Set parameter WLSAccessID
Set parameter WLSSecret
Set parameter LicenseID to value 938810
Set parameter WLSAccessID
Set parameter WLSSecret
Set parameter LogFile to value "gurobi.log"
Set parameter WLSAccessID
Set parameter LicenseID to value 938810
Using license file /home/users/a/agma/gurobi.lic
Set parameter WLSAccessID
Set parameter WLSSecret
Set parameter WLSSecret
Set parameter LogFile to value "gurobi.log"
Set parameter LicenseID to value 938810
Set parameter LicenseID to value 938810
Using license file /home/users/a/agma/gurobi.lic
Set parameter LogFile to value "gurobi.log"
Set parameter LogFile to value "gurobi.log"
Using license file /home/users/a/agma/gurobi.lic
Using license file /home/users/a/agma/gurobi.lic
Academic license 938810 - for non-commercial use only - registered to ag___@tu-berlin.de
Academic license 938810 - for non-commercial use only - registered to ag___@tu-berlin.de
Academic license 938810 - for non-commercial use only - registered to ag___@tu-berlin.de
Academic license 938810 - for non-commercial use only - registered to ag___@tu-berlin.de

Gurobi 12.0.2 (linux64, gurobi_cl) logging started Tue Jun  9 01:05:28 2026

Set parameter WLSAccessID
Set parameter WLSSecret
Set parameter LicenseID to value 938810
Set parameter LogFile to value "gurobi.log"
Using license file /home/users/a/agma/gurobi.lic
Academic license 938810 - for non-commercial use only - registered to ag___@tu-berlin.de

Gurobi 12.0.2 (linux64, gurobi_cl) logging started Tue Jun  9 01:05:36 2026


Gurobi 12.0.2 (linux64, gurobi_cl) logging started Tue Jun  9 01:05:36 2026


Gurobi 12.0.2 (linux64, gurobi_cl) logging started Tue Jun  9 01:05:36 2026


Gurobi 12.0.2 (linux64, gurobi_cl) logging started Tue Jun  9 01:05:36 2026


Gurobi 12.0.2 (linux64, gurobi_cl) logging started Tue Jun  9 01:05:36 2026

Set parameter WLSAccessID
Set parameter WLSAccessID
Set parameter WLSSecret
to value 938810
Set parameter WLSAccessID
Set parameter LicenseID to value 938810
og"
Set parameter WLSSecret
/users/a/agma/gurobi.lic
Set parameter WLSAccessID
Set parameter LogFile to value "gurobi.log"
Set parameter LicenseID to value 938810
Set parameter WLSAccessID
Set parameter WLSSecret
Using license file /home/users/a/agma/gurobi.lic
Set parameter LogFile to value "gurobi.log"
Set parameter WLSSecret
Set parameter LicenseID to value 938810
Using license file /home/users/a/agma/gurobi.lic
Set parameter LicenseID to value 938810
Set parameter LogFile to value "gurobi.log"
Set parameter LogFile to value "gurobi.log"
Using license file /home/users/a/agma/gurobi.lic
Using license file /home/users/a/agma/gurobi.lic
Academic license 938810 - for non-commercial use only - registered to ag___@tu-berlin.de
Academic license 938810 - for non-commercial use only - registered to ag___@tu-berlin.de
Academic license 938810 - for non-commercial use only - registered to ag___@tu-berlin.de
Academic license 938810 - for non-commercial use only - registered to ag___@tu-berlin.de
Academic license 938810 - for non-commercial use only - registered to ag___@tu-berlin.de

Gurobi 12.0.2 (linux64, gurobi_cl) logging started Tue Jun  9 01:06:57 2026


Gurobi 12.0.2 (linux64, gurobi_cl) logging started Tue Jun  9 01:06:57 2026


Gurobi 12.0.2 (linux64, gurobi_cl) logging started Tue Jun  9 01:06:57 2026


Gurobi 12.0.2 (linux64, gurobi_cl) logging started Tue Jun  9 01:06:57 2026

Set parameter WLSAccessID
Set parameter WLSAccessID
Set parameter WLSSecret
Set parameter WLSSecret
Set parameter WLSAccessID
Set parameter LicenseID to value 938810
Set parameter LicenseID to value 938810
Set parameter WLSAccessID
Set parameter WLSSecret
Set parameter LogFile to value "gurobi.log"
Set parameter LogFile to value "gurobi.log"
Set parameter WLSSecret
Set parameter LicenseID to value 938810
Using license file /home/users/a/agma/gurobi.lic
Using license file /home/users/a/agma/gurobi.lic
Set parameter LicenseID to value 938810
Set parameter LogFile to value "gurobi.log"
Set parameter LogFile to value "gurobi.log"
Using license file /home/users/a/agma/gurobi.lic
Using license file /home/users/a/agma/gurobi.lic

Gurobi 12.0.2 (linux64, gurobi_cl) logging started Tue Jun  9 01:06:57 2026

Set parameter WLSAccessID
Set parameter WLSSecret
Set parameter LicenseID to value 938810
Set parameter LogFile to value "gurobi.log"
Using license file /home/users/a/agma/gurobi.lic
Academic license 938810 - for non-commercial use only - registered to ag___@tu-berlin.de
Academic license 938810 - for non-commercial use only - registered to ag___@tu-berlin.de
Academic license 938810 - for non-commercial use only - registered to ag___@tu-berlin.de
Academic license 938810 - for non-commercial use only - registered to ag___@tu-berlin.de
Academic license 938810 - for non-commercial use only - registered to ag___@tu-berlin.de

Gurobi 12.0.2 (linux64, gurobi_cl) logging started Tue Jun  9 01:07:06 2026


Gurobi 12.0.2 (linux64, gurobi_cl) logging started Tue Jun  9 01:07:06 2026


Gurobi 12.0.2 (linux64, gurobi_cl) logging started Tue Jun  9 01:07:06 2026


Gurobi 12.0.2 (linux64, gurobi_cl) logging started Tue Jun  9 01:07:06 2026

Set parameter WLSAccessID
Set parameter WLSAccessID
Set parameter WLSSecret
Set parameter LicenseID to value 938810
Set parameter WLSSecret
Set parameter WLSAccessID
Set parameter LicenseID to value 938810
Set parameter LogFile to value "gurobi.log"
Using license file /home/users/a/agma/gurobi.lic
Set parameter WLSSecret
Set parameter WLSAccessID
Set parameter LogFile to value "gurobi.log"
Set parameter LicenseID to value 938810
Set parameter WLSSecret
Using license file /home/users/a/agma/gurobi.lic
Set parameter LogFile to value "gurobi.log"
Set parameter LicenseID to value 938810

Gurobi 12.0.2 (linux64, gurobi_cl) logging started Tue Jun  9 01:07:06 2026

Set parameter LogFile to value "gurobi.log"
Using license file /home/users/a/agma/gurobi.lic
Set parameter WLSAccessID
Set parameter WLSSecret
Set parameter LicenseID to value 938810
Set parameter LogFile to value "gurobi.log"
Using license file /home/users/a/agma/gurobi.lic
Academic license 938810 - for non-commercial use only - registered to ag___@tu-berlin.de
Academic license 938810 - for non-commercial use only - registered to ag___@tu-berlin.de
Academic license 938810 - for non-commercial use only - registered to ag___@tu-berlin.de
Academic license 938810 - for non-commercial use only - registered to ag___@tu-berlin.de
Academic license 938810 - for non-commercial use only - registered to ag___@tu-berlin.de

Gurobi 12.0.2 (linux64, gurobi_cl) logging started Tue Jun  9 01:08:28 2026


Gurobi 12.0.2 (linux64, gurobi_cl) logging started Tue Jun  9 01:08:28 2026


Gurobi 12.0.2 (linux64, gurobi_cl) logging started Tue Jun  9 01:08:28 2026

Set parameter WLSAccessID

Gurobi 12.0.2 (linux64, gurobi_cl) logging started Tue Jun  9 01:08:28 2026

Set parameter LicenseID to value 938810
Set parameter LogFile to value "gurobi.log"
Using license file /home/users/a/agma/gurobi.lic
Set parameter WLSAccessID
Set parameter WLSAccessID
Set parameter WLSSecret
Set parameter WLSSecret
Set parameter LicenseID to value 938810
Set parameter WLSAccessID
Set parameter LicenseID to value 938810
Set parameter LogFile to value "gurobi.log"
Set parameter WLSSecret
Set parameter LogFile to value "gurobi.log"
Using license file /home/users/a/agma/gurobi.lic

Gurobi 12.0.2 (linux64, gurobi_cl) logging started Tue Jun  9 01:08:28 2026

Set parameter LicenseID to value 938810
Using license file /home/users/a/agma/gurobi.lic
Set parameter LogFile to value "gurobi.log"
Using license file /home/users/a/agma/gurobi.lic
Set parameter WLSAccessID
Set parameter WLSSecret
Set parameter LicenseID to value 938810
cial use only - registered to ag___@tu-berlin.de
Set parameter LogFile to value "gurobi.log"
Using license file /home/users/a/agma/gurobi.lic
Academic license 938810 - for non-commercial use only - registered to ag___@tu-berlin.de
Academic license 938810 - for non-commercial use only - registered to ag___@tu-berlin.de
Academic license 938810 - for non-commercial use only - registered to ag___@tu-berlin.de
Academic license 938810 - for non-commercial use only - registered to ag___@tu-berlin.de

Gurobi 12.0.2 (linux64, gurobi_cl) logging started Tue Jun  9 01:08:36 2026


Gurobi 12.0.2 (linux64, gurobi_cl) logging started Tue Jun  9 01:08:36 2026


Gurobi 12.0.2 (linux64, gurobi_cl) logging started Tue Jun  9 01:08:36 2026


Gurobi 12.0.2 (linux64, gurobi_cl) logging started Tue Jun  9 01:08:36 2026


Gurobi 12.0.2 (linux64, gurobi_cl) logging started Tue Jun  9 01:08:36 2026

Set parameter WLSAccessID
Set parameter WLSSecret
Set parameter WLSAccessID
 value 938810
Set parameter WLSAccessID
Set parameter WLSSecret
 value "gurobi.log"
Using license file /home/users/a/agma/gurobi.lic
Set parameter LicenseID to value 938810
Set parameter WLSAccessID
Set parameter LicenseID to value 938810
Set parameter WLSSecret
Set parameter WLSAccessID
Set parameter LogFile to value "gurobi.log"
Set parameter LogFile to value "gurobi.log"
Set parameter LicenseID to value 938810
Set parameter WLSSecret
Using license file /home/users/a/agma/gurobi.lic
Using license file /home/users/a/agma/gurobi.lic
Set parameter LogFile to value "gurobi.log"
Set parameter LicenseID to value 938810
Using license file /home/users/a/agma/gurobi.lic
Set parameter LogFile to value "gurobi.log"
Using license file /home/users/a/agma/gurobi.lic
Academic license 938810 - for non-commercial use only - registered to ag___@tu-berlin.de
Academic license 938810 - for non-commercial use only - registered to ag___@tu-berlin.de
Academic license 938810 - for non-commercial use only - registered to ag___@tu-berlin.de
Academic license 938810 - for non-commercial use only - registered to ag___@tu-berlin.de
Academic license 938810 - for non-commercial use only - registered to ag___@tu-berlin.de

Gurobi 12.0.2 (linux64, gurobi_cl) logging started Tue Jun  9 01:19:30 2026

Set parameter WLSAccessID
Set parameter WLSSecret
Set parameter LicenseID to value 938810
Set parameter LogFile to value "gurobi.log"
Using license file /home/users/a/agma/gurobi.lic
Academic license 938810 - for non-commercial use only - registered to ag___@tu-berlin.de

Gurobi 12.0.2 (linux64, gurobi_cl) logging started Tue Jun  9 01:19:37 2026

Set parameter WLSAccessID
Set parameter WLSSecret
Set parameter LicenseID to value 938810
Set parameter LogFile to value "gurobi.log"
Using license file /home/users/a/agma/gurobi.lic
Academic license 938810 - for non-commercial use only - registered to ag___@tu-berlin.de

Gurobi 12.0.2 (linux64, gurobi_cl) logging started Tue Jun  9 01:20:29 2026

Set parameter WLSAccessID
Set parameter WLSSecret
Set parameter LicenseID to value 938810
Set parameter LogFile to value "gurobi.log"
Using license file /home/users/a/agma/gurobi.lic
Academic license 938810 - for non-commercial use only - registered to ag___@tu-berlin.de

Gurobi 12.0.2 (linux64, gurobi_cl) logging started Tue Jun  9 01:20:37 2026

Set parameter WLSAccessID
Set parameter WLSSecret
Set parameter LicenseID to value 938810
Set parameter LogFile to value "gurobi.log"
Using license file /home/users/a/agma/gurobi.lic
Academic license 938810 - for non-commercial use only - registered to ag___@tu-berlin.de

Gurobi 12.0.2 (linux64, gurobi_cl) logging started Tue Jun  9 01:21:59 2026

Set parameter WLSAccessID
Set parameter WLSSecret
Set parameter LicenseID to value 938810
Set parameter LogFile to value "gurobi.log"
Using license file /home/users/a/agma/gurobi.lic
Academic license 938810 - for non-commercial use only - registered to ag___@tu-berlin.de

Gurobi 12.0.2 (linux64, gurobi_cl) logging started Tue Jun  9 01:22:07 2026

Set parameter WLSAccessID
Set parameter WLSSecret
Set parameter LicenseID to value 938810
Set parameter LogFile to value "gurobi.log"
Using license file /home/users/a/agma/gurobi.lic
Academic license 938810 - for non-commercial use only - registered to ag___@tu-berlin.de

Gurobi 12.0.2 (linux64, gurobi_cl) logging started Tue Jun  9 01:23:15 2026

Set parameter WLSAccessID
Set parameter WLSSecret
Set parameter LicenseID to value 938810
Set parameter LogFile to value "gurobi.log"
Using license file /home/users/a/agma/gurobi.lic
Academic license 938810 - for non-commercial use only - registered to ag___@tu-berlin.de

Gurobi 12.0.2 (linux64, gurobi_cl) logging started Tue Jun  9 01:23:23 2026

Set parameter WLSAccessID
Set parameter WLSSecret
Set parameter LicenseID to value 938810
Set parameter LogFile to value "gurobi.log"
Using license file /home/users/a/agma/gurobi.lic
Academic license 938810 - for non-commercial use only - registered to ag___@tu-berlin.de

Gurobi 12.0.2 (linux64, gurobi_cl) logging started Tue Jun  9 01:23:35 2026

Set parameter WLSAccessID
Set parameter WLSSecret
Set parameter LicenseID to value 938810
Set parameter LogFile to value "gurobi.log"
Using license file /home/users/a/agma/gurobi.lic
Academic license 938810 - for non-commercial use only - registered to ag___@tu-berlin.de

Gurobi 12.0.2 (linux64, gurobi_cl) logging started Tue Jun  9 01:23:43 2026

Set parameter WLSAccessID
Set parameter WLSSecret
Set parameter LicenseID to value 938810
Set parameter LogFile to value "gurobi.log"
Using license file /home/users/a/agma/gurobi.lic
Academic license 938810 - for non-commercial use only - registered to ag___@tu-berlin.de

Gurobi 12.0.2 (linux64, gurobi_cl) logging started Tue Jun  9 01:24:48 2026


Gurobi 12.0.2 (linux64, gurobi_cl) logging started Tue Jun  9 01:24:48 2026

Set parameter WLSAccessID
Set parameter WLSSecret
Set parameter WLSAccessID
Set parameter LicenseID to value 938810
Set parameter WLSSecret
Set parameter LicenseID to value 938810
Set parameter LogFile to value "gurobi.log"
Set parameter LogFile to value "gurobi.log"
Using license file /home/users/a/agma/gurobi.lic
Using license file /home/users/a/agma/gurobi.lic
Academic license 938810 - for non-commercial use only - registered to ag___@tu-berlin.de
Academic license 938810 - for non-commercial use only - registered to ag___@tu-berlin.de

Gurobi 12.0.2 (linux64, gurobi_cl) logging started Tue Jun  9 01:24:56 2026


Gurobi 12.0.2 (linux64, gurobi_cl) logging started Tue Jun  9 01:24:56 2026

Set parameter WLSAccessID
Set parameter WLSAccessID
Set parameter WLSSecret
Set parameter WLSSecret
Set parameter LicenseID to value 938810
Set parameter LicenseID to value 938810
Set parameter LogFile to value "gurobi.log"
Set parameter LogFile to value "gurobi.log"
Using license file /home/users/a/agma/gurobi.lic
Using license file /home/users/a/agma/gurobi.lic
Academic license 938810 - for non-commercial use only - registered to ag___@tu-berlin.de
Academic license 938810 - for non-commercial use only - registered to ag___@tu-berlin.de

Gurobi 12.0.2 (linux64, gurobi_cl) logging started Tue Jun  9 01:36:54 2026

Set parameter WLSAccessID
Set parameter WLSSecret
Set parameter LicenseID to value 938810
Set parameter LogFile to value "gurobi.log"
Using license file /home/users/a/agma/gurobi.lic
Academic license 938810 - for non-commercial use only - registered to ag___@tu-berlin.de

Gurobi 12.0.2 (linux64, gurobi_cl) logging started Tue Jun  9 01:38:39 2026

Set parameter WLSAccessID
Set parameter WLSSecret
Set parameter LicenseID to value 938810
Set parameter LogFile to value "gurobi.log"
Using license file /home/users/a/agma/gurobi.lic
Academic license 938810 - for non-commercial use only - registered to ag___@tu-berlin.de

Gurobi 12.0.2 (linux64, gurobi_cl) logging started Tue Jun  9 01:38:50 2026


Gurobi 12.0.2 (linux64, gurobi_cl) logging started Tue Jun  9 01:38:50 2026

Set parameter WLSAccessID
Set parameter WLSAccessID
Set parameter WLSSecret
Set parameter WLSSecret
Set parameter LicenseID to value 938810
Set parameter LicenseID to value 938810
Set parameter LogFile to value "gurobi.log"
Set parameter LogFile to value "gurobi.log"
Using license file /home/users/a/agma/gurobi.lic
Using license file /home/users/a/agma/gurobi.lic
Academic license 938810 - for non-commercial use only - registered to ag___@tu-berlin.de
Academic license 938810 - for non-commercial use only - registered to ag___@tu-berlin.de

Gurobi 12.0.2 (linux64, gurobi_cl) logging started Tue Jun  9 01:38:51 2026


Gurobi 12.0.2 (linux64, gurobi_cl) logging started Tue Jun  9 01:38:51 2026

Set parameter WLSAccessID
Set parameter WLSSecret
Set parameter LicenseID to value 938810
Set parameter WLSAccessID
Set parameter LogFile to value "gurobi.log"
Set parameter WLSSecret
Using license file /home/users/a/agma/gurobi.lic
Set parameter LicenseID to value 938810
Set parameter LogFile to value "gurobi.log"
Using license file /home/users/a/agma/gurobi.lic
Academic license 938810 - for non-commercial use only - registered to ag___@tu-berlin.de
Academic license 938810 - for non-commercial use only - registered to ag___@tu-berlin.de

Gurobi 12.0.2 (linux64, gurobi_cl) logging started Tue Jun  9 01:38:57 2026


Gurobi 12.0.2 (linux64, gurobi_cl) logging started Tue Jun  9 01:38:57 2026

Set parameter WLSAccessID
Set parameter WLSAccessID
Set parameter WLSSecret
Set parameter WLSSecret
Set parameter LicenseID to value 938810
Set parameter LicenseID to value 938810
Set parameter LogFile to value "gurobi.log"
Set parameter LogFile to value "gurobi.log"
Using license file /home/users/a/agma/gurobi.lic
Using license file /home/users/a/agma/gurobi.lic
Academic license 938810 - for non-commercial use only - registered to ag___@tu-berlin.de
Academic license 938810 - for non-commercial use only - registered to ag___@tu-berlin.de

Gurobi 12.0.2 (linux64, gurobi_cl) logging started Tue Jun  9 01:38:58 2026


Gurobi 12.0.2 (linux64, gurobi_cl) logging started Tue Jun  9 01:38:58 2026

Set parameter WLSAccessID
Set parameter WLSAccessID
Set parameter WLSSecret
Set parameter WLSSecret
Set parameter LicenseID to value 938810
Set parameter LicenseID to value 938810
Set parameter LogFile to value "gurobi.log"
Set parameter LogFile to value "gurobi.log"
Using license file /home/users/a/agma/gurobi.lic
Using license file /home/users/a/agma/gurobi.lic
Academic license 938810 - for non-commercial use only - registered to ag___@tu-berlin.de
Academic license 938810 - for non-commercial use only - registered to ag___@tu-berlin.de

Gurobi 12.0.2 (linux64, gurobi_cl) logging started Tue Jun  9 01:40:20 2026

Set parameter WLSAccessID
Set parameter WLSSecret
Set parameter LicenseID to value 938810
Set parameter LogFile to value "gurobi.log"
Using license file /home/users/a/agma/gurobi.lic
Academic license 938810 - for non-commercial use only - registered to ag___@tu-berlin.de

Gurobi 12.0.2 (linux64, gurobi_cl) logging started Tue Jun  9 01:40:22 2026


Gurobi 12.0.2 (linux64, gurobi_cl) logging started Tue Jun  9 01:40:22 2026


Gurobi 12.0.2 (linux64, gurobi_cl) logging started Tue Jun  9 01:40:22 2026

Set parameter WLSAccessID
Set parameter WLSAccessID
Set parameter WLSSecret
Set parameter WLSSecret
Set parameter LicenseID to value 938810
Set parameter WLSAccessID
Set parameter LicenseID to value 938810
Set parameter WLSSecret
Set parameter LogFile to value "gurobi.log"
Set parameter LogFile to value "gurobi.log"
Set parameter LicenseID to value 938810
Using license file /home/users/a/agma/gurobi.lic
Using license file /home/users/a/agma/gurobi.lic
Set parameter LogFile to value "gurobi.log"
Using license file /home/users/a/agma/gurobi.lic
Academic license 938810 - for non-commercial use only - registered to ag___@tu-berlin.de
Academic license 938810 - for non-commercial use only - registered to ag___@tu-berlin.de
Academic license 938810 - for non-commercial use only - registered to ag___@tu-berlin.de

Gurobi 12.0.2 (linux64, gurobi_cl) logging started Tue Jun  9 01:40:27 2026

Set parameter WLSAccessID
Set parameter WLSSecret
Set parameter LicenseID to value 938810
Set parameter LogFile to value "gurobi.log"
Using license file /home/users/a/agma/gurobi.lic
Academic license 938810 - for non-commercial use only - registered to ag___@tu-berlin.de

Gurobi 12.0.2 (linux64, gurobi_cl) logging started Tue Jun  9 01:40:30 2026


Gurobi 12.0.2 (linux64, gurobi_cl) logging started Tue Jun  9 01:40:30 2026


Gurobi 12.0.2 (linux64, gurobi_cl) logging started Tue Jun  9 01:40:30 2026

Set parameter WLSAccessID
Set parameter WLSAccessID
Set parameter WLSSecret
Set parameter WLSSecret
Set parameter LicenseID to value 938810
Set parameter WLSAccessID
Set parameter LicenseID to value 938810
Set parameter WLSSecret
Set parameter LogFile to value "gurobi.log"
Set parameter LogFile to value "gurobi.log"
Set parameter LicenseID to value 938810
Using license file /home/users/a/agma/gurobi.lic
Using license file /home/users/a/agma/gurobi.lic
Set parameter LogFile to value "gurobi.log"
Using license file /home/users/a/agma/gurobi.lic
Academic license 938810 - for non-commercial use only - registered to ag___@tu-berlin.de
Academic license 938810 - for non-commercial use only - registered to ag___@tu-berlin.de
Academic license 938810 - for non-commercial use only - registered to ag___@tu-berlin.de

Gurobi 12.0.2 (linux64, gurobi_cl) logging started Tue Jun  9 01:40:59 2026

Set parameter WLSAccessID
Set parameter WLSSecret
Set parameter LicenseID to value 938810
Set parameter LogFile to value "gurobi.log"
Using license file /home/users/a/agma/gurobi.lic
Academic license 938810 - for non-commercial use only - registered to ag___@tu-berlin.de

Gurobi 12.0.2 (linux64, gurobi_cl) logging started Tue Jun  9 01:40:59 2026


Gurobi 12.0.2 (linux64, gurobi_cl) logging started Tue Jun  9 01:40:59 2026


Gurobi 12.0.2 (linux64, gurobi_cl) logging started Tue Jun  9 01:40:59 2026

Set parameter WLSAccessID
Set parameter WLSAccessID
Set parameter WLSSecret
Set parameter WLSSecret
Set parameter WLSAccessID
Set parameter LicenseID to value 938810
Set parameter LicenseID to value 938810
Set parameter WLSSecret
Set parameter LogFile to value "gurobi.log"
Set parameter LogFile to value "gurobi.log"
Using license file /home/users/a/agma/gurobi.lic
Set parameter LicenseID to value 938810
Using license file /home/users/a/agma/gurobi.lic
Set parameter LogFile to value "gurobi.log"
Using license file /home/users/a/agma/gurobi.lic
Academic license 938810 - for non-commercial use only - registered to ag___@tu-berlin.de
Academic license 938810 - for non-commercial use only - registered to ag___@tu-berlin.de
Academic license 938810 - for non-commercial use only - registered to ag___@tu-berlin.de

Gurobi 12.0.2 (linux64, gurobi_cl) logging started Tue Jun  9 01:41:07 2026


Gurobi 12.0.2 (linux64, gurobi_cl) logging started Tue Jun  9 01:41:07 2026


Gurobi 12.0.2 (linux64, gurobi_cl) logging started Tue Jun  9 01:41:07 2026


Gurobi 12.0.2 (linux64, gurobi_cl) logging started Tue Jun  9 01:41:07 2026

Set parameter WLSAccessID
Set parameter WLSSecret
Set parameter WLSAccessID
Set parameter LicenseID to value 938810
Set parameter WLSSecret
Set parameter WLSAccessID
Set parameter LogFile to value "gurobi.log"
Set parameter LicenseID to value 938810
Set parameter WLSSecret
Set parameter WLSAccessID
Using license file /home/users/a/agma/gurobi.lic
Set parameter LogFile to value "gurobi.log"
Set parameter LicenseID to value 938810
Set parameter WLSSecret
Using license file /home/users/a/agma/gurobi.lic
Set parameter LogFile to value "gurobi.log"
Set parameter LicenseID to value 938810
Using license file /home/users/a/agma/gurobi.lic
Set parameter LogFile to value "gurobi.log"
Using license file /home/users/a/agma/gurobi.lic
Academic license 938810 - for non-commercial use only - registered to ag___@tu-berlin.de
Academic license 938810 - for non-commercial use only - registered to ag___@tu-berlin.de
Academic license 938810 - for non-commercial use only - registered to ag___@tu-berlin.de
Academic license 938810 - for non-commercial use only - registered to ag___@tu-berlin.de

Gurobi 12.0.2 (linux64, gurobi_cl) logging started Tue Jun  9 01:42:31 2026

Set parameter WLSAccessID
Set parameter WLSSecret
Set parameter LicenseID to value 938810
Set parameter LogFile to value "gurobi.log"
Using license file /home/users/a/agma/gurobi.lic
Academic license 938810 - for non-commercial use only - registered to ag___@tu-berlin.de

Gurobi 12.0.2 (linux64, gurobi_cl) logging started Tue Jun  9 01:42:38 2026

Set parameter WLSAccessID
Set parameter WLSSecret
Set parameter LicenseID to value 938810
Set parameter LogFile to value "gurobi.log"
Using license file /home/users/a/agma/gurobi.lic
Academic license 938810 - for non-commercial use only - registered to ag___@tu-berlin.de

Gurobi 12.0.2 (linux64, gurobi_cl) logging started Tue Jun  9 01:44:02 2026

Set parameter WLSAccessID
Set parameter WLSSecret
Set parameter LicenseID to value 938810
Set parameter LogFile to value "gurobi.log"
Using license file /home/users/a/agma/gurobi.lic
Academic license 938810 - for non-commercial use only - registered to ag___@tu-berlin.de

Gurobi 12.0.2 (linux64, gurobi_cl) logging started Tue Jun  9 01:44:02 2026

Set parameter WLSAccessID
Set parameter WLSSecret
Set parameter LicenseID to value 938810
Set parameter LogFile to value "gurobi.log"
Using license file /home/users/a/agma/gurobi.lic
Academic license 938810 - for non-commercial use only - registered to ag___@tu-berlin.de

Gurobi 12.0.2 (linux64, gurobi_cl) logging started Tue Jun  9 01:44:10 2026

Set parameter WLSAccessID
Set parameter WLSSecret
D
Set parameter WLSSecret
to value 938810
Set parameter LicenseID to value 938810
og"
Using license file /home/users/a/agma/gurobi.lic
Set parameter LogFile to value "gurobi.log"
Using license file /home/users/a/agma/gurobi.lic
Academic license 938810 - for non-commercial use only - registered to ag___@tu-berlin.de

Gurobi 12.0.2 (linux64, gurobi_cl) logging started Tue Jun  9 01:45:30 2026

Set parameter WLSAccessID
Set parameter WLSSecret
Set parameter LicenseID to value 938810
Set parameter LogFile to value "gurobi.log"
Using license file /home/users/a/agma/gurobi.lic
Academic license 938810 - for non-commercial use only - registered to ag___@tu-berlin.de

Gurobi 12.0.2 (linux64, gurobi_cl) logging started Tue Jun  9 01:45:38 2026

Set parameter WLSAccessID
Set parameter WLSSecret
Set parameter LicenseID to value 938810
Set parameter LogFile to value "gurobi.log"
Using license file /home/users/a/agma/gurobi.lic
Academic license 938810 - for non-commercial use only - registered to ag___@tu-berlin.de

Gurobi 12.0.2 (linux64, gurobi_cl) logging started Tue Jun  9 01:51:02 2026

Set parameter WLSAccessID
Set parameter WLSSecret
Set parameter LicenseID to value 938810
Set parameter LogFile to value "gurobi.log"
Using license file /home/users/a/agma/gurobi.lic
Academic license 938810 - for non-commercial use only - registered to ag___@tu-berlin.de

Gurobi 12.0.2 (linux64, gurobi_cl) logging started Tue Jun  9 01:54:26 2026

Set parameter WLSAccessID
Set parameter WLSSecret
Set parameter LicenseID to value 938810
Set parameter LogFile to value "gurobi.log"
Using license file /home/users/a/agma/gurobi.lic
Academic license 938810 - for non-commercial use only - registered to ag___@tu-berlin.de

Gurobi 12.0.2 (linux64, gurobi_cl) logging started Tue Jun  9 01:55:39 2026

Set parameter WLSAccessID
Set parameter WLSSecret
Set parameter LicenseID to value 938810
Set parameter LogFile to value "gurobi.log"
Using license file /home/users/a/agma/gurobi.lic
Academic license 938810 - for non-commercial use only - registered to ag___@tu-berlin.de

Gurobi 12.0.2 (linux64, gurobi_cl) logging started Tue Jun  9 01:56:12 2026

Set parameter WLSAccessID
Set parameter WLSSecret
Set parameter LicenseID to value 938810
Set parameter LogFile to value "gurobi.log"
Using license file /home/users/a/agma/gurobi.lic
Academic license 938810 - for non-commercial use only - registered to ag___@tu-berlin.de

Gurobi 12.0.2 (linux64, gurobi_cl) logging started Tue Jun  9 01:56:32 2026

Set parameter WLSAccessID
Set parameter WLSSecret
Set parameter LicenseID to value 938810
Set parameter LogFile to value "gurobi.log"
Using license file /home/users/a/agma/gurobi.lic
Academic license 938810 - for non-commercial use only - registered to ag___@tu-berlin.de

Gurobi 12.0.2 (linux64, gurobi_cl) logging started Tue Jun  9 02:11:30 2026

Set parameter WLSAccessID
Set parameter WLSSecret
Set parameter LicenseID to value 938810
Set parameter LogFile to value "gurobi.log"
Using license file /home/users/a/agma/gurobi.lic
Academic license 938810 - for non-commercial use only - registered to ag___@tu-berlin.de

Gurobi 12.0.2 (linux64, gurobi_cl) logging started Tue Jun  9 02:13:11 2026

Set parameter WLSAccessID
Set parameter WLSSecret
Set parameter LicenseID to value 938810
Set parameter LogFile to value "gurobi.log"
Using license file /home/users/a/agma/gurobi.lic
Academic license 938810 - for non-commercial use only - registered to ag___@tu-berlin.de

Gurobi 12.0.2 (linux64, gurobi_cl) logging started Tue Jun  9 02:15:33 2026

Set parameter WLSAccessID
Set parameter WLSSecret
Set parameter LicenseID to value 938810
Set parameter LogFile to value "gurobi.log"
Using license file /home/users/a/agma/gurobi.lic
Academic license 938810 - for non-commercial use only - registered to ag___@tu-berlin.de

Gurobi 12.0.2 (linux64, gurobi_cl) logging started Tue Jun  9 02:15:44 2026


Gurobi 12.0.2 (linux64, gurobi_cl) logging started Tue Jun  9 02:15:44 2026


Gurobi 12.0.2 (linux64, gurobi_cl) logging started Tue Jun  9 02:15:44 2026

Set parameter WLSAccessID
Set parameter WLSAccessID
Set parameter WLSSecret
Set parameter WLSAccessID
Set parameter WLSSecret
Set parameter LicenseID to value 938810
Set parameter WLSSecret
Set parameter LicenseID to value 938810
Set parameter LogFile to value "gurobi.log"
Set parameter LicenseID to value 938810
Set parameter LogFile to value "gurobi.log"
Using license file /home/users/a/agma/gurobi.lic
Set parameter LogFile to value "gurobi.log"
Using license file /home/users/a/agma/gurobi.lic
Using license file /home/users/a/agma/gurobi.lic
Academic license 938810 - for non-commercial use only - registered to ag___@tu-berlin.de
Academic license 938810 - for non-commercial use only - registered to ag___@tu-berlin.de
Academic license 938810 - for non-commercial use only - registered to ag___@tu-berlin.de

Gurobi 12.0.2 (linux64, gurobi_cl) logging started Tue Jun  9 02:15:44 2026

Set parameter WLSAccessID
Set parameter WLSSecret
Set parameter LicenseID to value 938810
Set parameter LogFile to value "gurobi.log"
Using license file /home/users/a/agma/gurobi.lic
Academic license 938810 - for non-commercial use only - registered to ag___@tu-berlin.de

Gurobi 12.0.2 (linux64, gurobi_cl) logging started Tue Jun  9 02:15:53 2026


Gurobi 12.0.2 (linux64, gurobi_cl) logging started Tue Jun  9 02:15:53 2026


Gurobi 12.0.2 (linux64, gurobi_cl) logging started Tue Jun  9 02:15:53 2026


Gurobi 12.0.2 (linux64, gurobi_cl) logging started Tue Jun  9 02:15:53 2026

Set parameter WLSAccessID
Set parameter WLSAccessID
Set parameter WLSSecret
Set parameter WLSSecret
Set parameter LicenseID to value 938810
Set parameter LicenseID to value 938810
Set parameter WLSAccessID
Set parameter WLSAccessID
Set parameter WLSSecret
Set parameter LogFile to value "gurobi.log"
Set parameter LogFile to value "gurobi.log"
Set parameter WLSSecret
Set parameter LicenseID to value 938810
Using license file /home/users/a/agma/gurobi.lic
Using license file /home/users/a/agma/gurobi.lic
Set parameter LicenseID to value 938810
Set parameter LogFile to value "gurobi.log"
Set parameter LogFile to value "gurobi.log"
Using license file /home/users/a/agma/gurobi.lic
Using license file /home/users/a/agma/gurobi.lic
Academic license 938810 - for non-commercial use only - registered to ag___@tu-berlin.de
Academic license 938810 - for non-commercial use only - registered to ag___@tu-berlin.de
Academic license 938810 - for non-commercial use only - registered to ag___@tu-berlin.de
Academic license 938810 - for non-commercial use only - registered to ag___@tu-berlin.de

Gurobi 12.0.2 (linux64, gurobi_cl) logging started Tue Jun  9 02:17:14 2026


Gurobi 12.0.2 (linux64, gurobi_cl) logging started Tue Jun  9 02:17:14 2026


Gurobi 12.0.2 (linux64, gurobi_cl) logging started Tue Jun  9 02:17:14 2026

Set parameter WLSAccessID
Set parameter WLSAccessID
Set parameter WLSSecret
Set parameter WLSSecret
Set parameter WLSAccessID
Set parameter LicenseID to value 938810

Gurobi 12.0.2 (linux64, gurobi_cl) logging started Tue Jun  9 02:17:14 2026

Set parameter LicenseID to value 938810
Set parameter WLSSecret
Set parameter LogFile to value "gurobi.log"
Set parameter LogFile to value "gurobi.log"
Set parameter LicenseID to value 938810
Using license file /home/users/a/agma/gurobi.lic
Using license file /home/users/a/agma/gurobi.lic
Set parameter LogFile to value "gurobi.log"
Set parameter WLSAccessID
Using license file /home/users/a/agma/gurobi.lic
Set parameter WLSSecret
Set parameter LicenseID to value 938810
Set parameter LogFile to value "gurobi.log"
Using license file /home/users/a/agma/gurobi.lic
Academic license 938810 - for non-commercial use only - registered to ag___@tu-berlin.de
Academic license 938810 - for non-commercial use only - registered to ag___@tu-berlin.de
Academic license 938810 - for non-commercial use only - registered to ag___@tu-berlin.de
Academic license 938810 - for non-commercial use only - registered to ag___@tu-berlin.de

Gurobi 12.0.2 (linux64, gurobi_cl) logging started Tue Jun  9 02:17:22 2026


Gurobi 12.0.2 (linux64, gurobi_cl) logging started Tue Jun  9 02:17:22 2026


Gurobi 12.0.2 (linux64, gurobi_cl) logging started Tue Jun  9 02:17:22 2026


Gurobi 12.0.2 (linux64, gurobi_cl) logging started Tue Jun  9 02:17:22 2026

Set parameter WLSAccessID
Set parameter WLSSecret
Set parameter WLSAccessID
Set parameter LicenseID to value 938810
Set parameter WLSSecret
Set parameter WLSAccessID
Set parameter WLSAccessID
Set parameter LicenseID to value 938810
Set parameter LogFile to value "gurobi.log"
Set parameter WLSSecret
Set parameter WLSSecret
Set parameter LogFile to value "gurobi.log"
Using license file /home/users/a/agma/gurobi.lic
Set parameter LicenseID to value 938810
Set parameter LicenseID to value 938810
Using license file /home/users/a/agma/gurobi.lic
Set parameter LogFile to value "gurobi.log"
Set parameter LogFile to value "gurobi.log"
Using license file /home/users/a/agma/gurobi.lic
Using license file /home/users/a/agma/gurobi.lic
Academic license 938810 - for non-commercial use only - registered to ag___@tu-berlin.de
Academic license 938810 - for non-commercial use only - registered to ag___@tu-berlin.de
Academic license 938810 - for non-commercial use only - registered to ag___@tu-berlin.de
Academic license 938810 - for non-commercial use only - registered to ag___@tu-berlin.de

Gurobi 12.0.2 (linux64, gurobi_cl) logging started Tue Jun  9 02:17:53 2026


Gurobi 12.0.2 (linux64, gurobi_cl) logging started Tue Jun  9 02:17:53 2026


Gurobi 12.0.2 (linux64, gurobi_cl) logging started Tue Jun  9 02:17:53 2026


Gurobi 12.0.2 (linux64, gurobi_cl) logging started Tue Jun  9 02:17:53 2026

Set parameter WLSAccessID
Set parameter WLSAccessID
Set parameter WLSSecret
Set parameter WLSSecret
Set parameter LicenseID to value 938810
Set parameter WLSAccessID
Set parameter LicenseID to value 938810
Set parameter WLSAccessID
Set parameter WLSSecret
Set parameter LogFile to value "gurobi.log"
Set parameter LogFile to value "gurobi.log"
Set parameter WLSSecret
Set parameter LicenseID to value 938810
Using license file /home/users/a/agma/gurobi.lic
Using license file /home/users/a/agma/gurobi.lic
Set parameter LicenseID to value 938810
Set parameter LogFile to value "gurobi.log"
Set parameter LogFile to value "gurobi.log"
Using license file /home/users/a/agma/gurobi.lic
Using license file /home/users/a/agma/gurobi.lic
Academic license 938810 - for non-commercial use only - registered to ag___@tu-berlin.de
Academic license 938810 - for non-commercial use only - registered to ag___@tu-berlin.de
Academic license 938810 - for non-commercial use only - registered to ag___@tu-berlin.de
Academic license 938810 - for non-commercial use only - registered to ag___@tu-berlin.de

Gurobi 12.0.2 (linux64, gurobi_cl) logging started Tue Jun  9 02:18:02 2026


Gurobi 12.0.2 (linux64, gurobi_cl) logging started Tue Jun  9 02:18:02 2026


Gurobi 12.0.2 (linux64, gurobi_cl) logging started Tue Jun  9 02:18:02 2026


Gurobi 12.0.2 (linux64, gurobi_cl) logging started Tue Jun  9 02:18:02 2026

Set parameter WLSAccessID
Set parameter WLSSecret
Set parameter LicenseID to value 938810
Set parameter LogFile to value "gurobi.log"
Set parameter WLSAccessID
Using license file /home/users/a/agma/gurobi.lic
Set parameter WLSAccessID
Set parameter WLSSecret
Set parameter WLSAccessID
Set parameter WLSSecret
Set parameter LicenseID to value 938810
Set parameter WLSSecret
Set parameter LicenseID to value 938810
Set parameter LogFile to value "gurobi.log"
Set parameter LicenseID to value 938810
Set parameter LogFile to value "gurobi.log"
Using license file /home/users/a/agma/gurobi.lic
Set parameter LogFile to value "gurobi.log"
Using license file /home/users/a/agma/gurobi.lic
Using license file /home/users/a/agma/gurobi.lic
Academic license 938810 - for non-commercial use only - registered to ag___@tu-berlin.de
Academic license 938810 - for non-commercial use only - registered to ag___@tu-berlin.de
Academic license 938810 - for non-commercial use only - registered to ag___@tu-berlin.de
Academic license 938810 - for non-commercial use only - registered to ag___@tu-berlin.de

Gurobi 12.0.2 (linux64, gurobi_cl) logging started Tue Jun  9 02:19:35 2026

Set parameter WLSAccessID
Set parameter WLSSecret
Set parameter LicenseID to value 938810
Set parameter LogFile to value "gurobi.log"
Using license file /home/users/a/agma/gurobi.lic
Academic license 938810 - for non-commercial use only - registered to ag___@tu-berlin.de

Gurobi 12.0.2 (linux64, gurobi_cl) logging started Tue Jun  9 02:19:44 2026

Set parameter WLSAccessID
Set parameter WLSSecret
Set parameter LicenseID to value 938810
Set parameter LogFile to value "gurobi.log"
Using license file /home/users/a/agma/gurobi.lic
Academic license 938810 - for non-commercial use only - registered to ag___@tu-berlin.de

Gurobi 12.0.2 (linux64, gurobi_cl) logging started Tue Jun  9 02:20:55 2026


Gurobi 12.0.2 (linux64, gurobi_cl) logging started Tue Jun  9 02:20:55 2026

Set parameter WLSAccessID
Set parameter WLSSecret
Set parameter WLSAccessID
Set parameter LicenseID to value 938810
Set parameter WLSSecret
Set parameter LicenseID to value 938810
Set parameter LogFile to value "gurobi.log"
Set parameter LogFile to value "gurobi.log"
Using license file /home/users/a/agma/gurobi.lic
Using license file /home/users/a/agma/gurobi.lic
Academic license 938810 - for non-commercial use only - registered to ag___@tu-berlin.de
Academic license 938810 - for non-commercial use only - registered to ag___@tu-berlin.de

Gurobi 12.0.2 (linux64, gurobi_cl) logging started Tue Jun  9 02:21:04 2026


Gurobi 12.0.2 (linux64, gurobi_cl) logging started Tue Jun  9 02:21:04 2026

Set parameter WLSAccessID
Set parameter WLSAccessID
Set parameter WLSSecret
Set parameter LicenseID to value 938810
Set parameter WLSSecret
Set parameter LicenseID to value 938810
Set parameter LogFile to value "gurobi.log"
Set parameter LogFile to value "gurobi.log"
Using license file /home/users/a/agma/gurobi.lic
Using license file /home/users/a/agma/gurobi.lic
Academic license 938810 - for non-commercial use only - registered to ag___@tu-berlin.de
Academic license 938810 - for non-commercial use only - registered to ag___@tu-berlin.de

Gurobi 12.0.2 (linux64, gurobi_cl) logging started Tue Jun  9 02:22:26 2026

Set parameter WLSAccessID
Set parameter WLSSecret
Set parameter LicenseID to value 938810
Set parameter LogFile to value "gurobi.log"
Using license file /home/users/a/agma/gurobi.lic
Academic license 938810 - for non-commercial use only - registered to ag___@tu-berlin.de

Gurobi 12.0.2 (linux64, gurobi_cl) logging started Tue Jun  9 02:22:33 2026

Set parameter WLSAccessID
Set parameter WLSSecret
Set parameter LicenseID to value 938810
Set parameter LogFile to value "gurobi.log"
Using license file /home/users/a/agma/gurobi.lic
Academic license 938810 - for non-commercial use only - registered to ag___@tu-berlin.de

Gurobi 12.0.2 (linux64, gurobi_cl) logging started Tue Jun  9 11:58:40 2026

Set parameter WLSAccessID
Set parameter WLSSecret
Set parameter LicenseID to value 938810
Set parameter LogFile to value "gurobi.log"
Using license file /home/users/a/agma/gurobi.lic
Academic license 938810 - for non-commercial use only - registered to ag___@tu-berlin.de

Gurobi 12.0.2 (linux64, gurobi_cl) logging started Tue Jun  9 12:02:25 2026

Set parameter WLSAccessID
Set parameter WLSSecret
Set parameter LicenseID to value 938810
Set parameter LogFile to value "gurobi.log"
Using license file /home/users/a/agma/gurobi.lic
Academic license 938810 - for non-commercial use only - registered to ag___@tu-berlin.de

Gurobi 12.0.2 (linux64, gurobi_cl) logging started Tue Jun  9 12:10:36 2026

Set parameter WLSAccessID
Set parameter WLSSecret
Set parameter LicenseID to value 938810
Set parameter LogFile to value "gurobi.log"
Using license file /home/users/a/agma/gurobi.lic
Academic license 938810 - for non-commercial use only - registered to ag___@tu-berlin.de

Gurobi 12.0.2 (linux64, gurobi_cl) logging started Tue Jun  9 12:20:02 2026

Set parameter WLSAccessID
Set parameter WLSSecret
Set parameter LicenseID to value 938810
Set parameter LogFile to value "gurobi.log"
Using license file /home/users/a/agma/gurobi.lic
Academic license 938810 - for non-commercial use only - registered to ag___@tu-berlin.de

Gurobi 12.0.2 (linux64, gurobi_cl) logging started Tue Jun  9 12:20:25 2026

Set parameter WLSAccessID
Set parameter WLSSecret
Set parameter LicenseID to value 938810
Set parameter LogFile to value "gurobi.log"
Using license file /home/users/a/agma/gurobi.lic
Academic license 938810 - for non-commercial use only - registered to ag___@tu-berlin.de

Gurobi 12.0.2 (linux64, gurobi_cl) logging started Tue Jun  9 12:20:27 2026

Set parameter WLSAccessID
Set parameter WLSSecret
Set parameter LicenseID to value 938810
Set parameter LogFile to value "gurobi.log"
Using license file /home/users/a/agma/gurobi.lic
Academic license 938810 - for non-commercial use only - registered to ag___@tu-berlin.de

Gurobi 12.0.2 (linux64, gurobi_cl) logging started Tue Jun  9 12:20:34 2026

Set parameter WLSAccessID
Set parameter WLSSecret
Set parameter LicenseID to value 938810
Set parameter LogFile to value "gurobi.log"
Using license file /home/users/a/agma/gurobi.lic
Academic license 938810 - for non-commercial use only - registered to ag___@tu-berlin.de

Gurobi 12.0.2 (linux64, gurobi_cl) logging started Tue Jun  9 12:20:36 2026

Set parameter WLSAccessID
Set parameter WLSSecret
Set parameter LicenseID to value 938810
Set parameter LogFile to value "gurobi.log"
Using license file /home/users/a/agma/gurobi.lic
Academic license 938810 - for non-commercial use only - registered to ag___@tu-berlin.de

Gurobi 12.0.2 (linux64, gurobi_cl) logging started Tue Jun  9 12:52:27 2026

Set parameter WLSAccessID
Set parameter WLSSecret
Set parameter LicenseID to value 938810
Set parameter LogFile to value "gurobi.log"
Using license file /home/users/a/agma/gurobi.lic
Academic license 938810 - for non-commercial use only - registered to ag___@tu-berlin.de

Gurobi 12.0.2 (linux64, gurobi_cl) logging started Tue Jun  9 12:53:10 2026

Set parameter WLSAccessID
Set parameter WLSSecret
Set parameter LicenseID to value 938810
Set parameter LogFile to value "gurobi.log"
Using license file /home/users/a/agma/gurobi.lic
Academic license 938810 - for non-commercial use only - registered to ag___@tu-berlin.de

Gurobi 12.0.2 (linux64, gurobi_cl) logging started Tue Jun  9 13:07:58 2026

Set parameter WLSAccessID
Set parameter WLSSecret
Set parameter LicenseID to value 938810
Set parameter LogFile to value "gurobi.log"
Using license file /home/users/a/agma/gurobi.lic
Academic license 938810 - for non-commercial use only - registered to ag___@tu-berlin.de

Gurobi 12.0.2 (linux64, gurobi_cl) logging started Tue Jun  9 13:15:58 2026

Set parameter WLSAccessID
Set parameter WLSSecret
Set parameter LicenseID to value 938810
Set parameter LogFile to value "gurobi.log"
Using license file /home/users/a/agma/gurobi.lic
Academic license 938810 - for non-commercial use only - registered to ag___@tu-berlin.de

Gurobi 12.0.2 (linux64, gurobi_cl) logging started Tue Jun  9 13:16:22 2026

Set parameter WLSAccessID
Set parameter WLSSecret
Set parameter LicenseID to value 938810
Set parameter LogFile to value "gurobi.log"
Using license file /home/users/a/agma/gurobi.lic
Academic license 938810 - for non-commercial use only - registered to ag___@tu-berlin.de

Gurobi 12.0.2 (linux64, gurobi_cl) logging started Tue Jun  9 13:30:52 2026

Set parameter WLSAccessID
Set parameter WLSSecret
Set parameter LicenseID to value 938810
Set parameter LogFile to value "gurobi.log"
Using license file /home/users/a/agma/gurobi.lic
Academic license 938810 - for non-commercial use only - registered to ag___@tu-berlin.de

Gurobi 12.0.2 (linux64, gurobi_cl) logging started Tue Jun  9 20:22:43 2026

Set parameter WLSAccessID
Set parameter WLSSecret
Set parameter LicenseID to value 938810
Set parameter LogFile to value "gurobi.log"
Using license file /home/users/a/agma/gurobi.lic
Academic license 938810 - for non-commercial use only - registered to ag___@tu-berlin.de

Gurobi 12.0.2 (linux64, gurobi_cl) logging started Tue Jun  9 20:30:44 2026

Set parameter WLSAccessID
Set parameter WLSSecret
Set parameter LicenseID to value 938810
Set parameter LogFile to value "gurobi.log"
Using license file /home/users/a/agma/gurobi.lic
Academic license 938810 - for non-commercial use only - registered to ag___@tu-berlin.de

Gurobi 12.0.2 (linux64, gurobi_cl) logging started Tue Jun  9 20:33:16 2026

Set parameter WLSAccessID
Set parameter WLSSecret
Set parameter LicenseID to value 938810
Set parameter LogFile to value "gurobi.log"
Using license file /home/users/a/agma/gurobi.lic
Academic license 938810 - for non-commercial use only - registered to ag___@tu-berlin.de

Gurobi 12.0.2 (linux64, gurobi_cl) logging started Tue Jun  9 20:33:35 2026

Set parameter WLSAccessID
Set parameter WLSSecret
Set parameter LicenseID to value 938810
Set parameter LogFile to value "gurobi.log"
Using license file /home/users/a/agma/gurobi.lic
Academic license 938810 - for non-commercial use only - registered to ag___@tu-berlin.de

Gurobi 12.0.2 (linux64, gurobi_cl) logging started Tue Jun  9 20:33:50 2026

Set parameter WLSAccessID
Set parameter WLSSecret
Set parameter LicenseID to value 938810
Set parameter LogFile to value "gurobi.log"
Using license file /home/users/a/agma/gurobi.lic
Academic license 938810 - for non-commercial use only - registered to ag___@tu-berlin.de

Gurobi 12.0.2 (linux64, gurobi_cl) logging started Tue Jun  9 20:43:20 2026

Set parameter WLSAccessID
Set parameter WLSSecret
Set parameter LicenseID to value 938810
Set parameter LogFile to value "gurobi.log"
Using license file /home/users/a/agma/gurobi.lic
Academic license 938810 - for non-commercial use only - registered to ag___@tu-berlin.de

Gurobi 12.0.2 (linux64, gurobi_cl) logging started Tue Jun  9 20:43:44 2026

Set parameter WLSAccessID
Set parameter WLSSecret
Set parameter LicenseID to value 938810
Set parameter LogFile to value "gurobi.log"
Using license file /home/users/a/agma/gurobi.lic
Academic license 938810 - for non-commercial use only - registered to ag___@tu-berlin.de

Gurobi 12.0.2 (linux64, gurobi_cl) logging started Tue Jun  9 20:44:32 2026

Set parameter WLSAccessID
Set parameter WLSSecret
Set parameter LicenseID to value 938810
Set parameter LogFile to value "gurobi.log"
Using license file /home/users/a/agma/gurobi.lic
Academic license 938810 - for non-commercial use only - registered to ag___@tu-berlin.de

Gurobi 12.0.2 (linux64, gurobi_cl) logging started Tue Jun  9 20:46:41 2026

Set parameter WLSAccessID
Set parameter WLSSecret
Set parameter LicenseID to value 938810
Set parameter LogFile to value "gurobi.log"
Using license file /home/users/a/agma/gurobi.lic
Academic license 938810 - for non-commercial use only - registered to ag___@tu-berlin.de

Gurobi 12.0.2 (linux64, gurobi_cl) logging started Tue Jun  9 20:47:01 2026

Set parameter WLSAccessID
Set parameter WLSSecret
Set parameter LicenseID to value 938810
Set parameter LogFile to value "gurobi.log"
Using license file /home/users/a/agma/gurobi.lic
Academic license 938810 - for non-commercial use only - registered to ag___@tu-berlin.de

Gurobi 12.0.2 (linux64, gurobi_cl) logging started Tue Jun  9 20:47:15 2026

Set parameter WLSAccessID
Set parameter WLSSecret
Set parameter LicenseID to value 938810
Set parameter LogFile to value "gurobi.log"
Using license file /home/users/a/agma/gurobi.lic
Academic license 938810 - for non-commercial use only - registered to ag___@tu-berlin.de

Gurobi 12.0.2 (linux64, gurobi_cl) logging started Tue Jun  9 20:48:30 2026

Set parameter WLSAccessID
Set parameter WLSSecret
Set parameter LicenseID to value 938810
Set parameter LogFile to value "gurobi.log"
Using license file /home/users/a/agma/gurobi.lic
Academic license 938810 - for non-commercial use only - registered to ag___@tu-berlin.de

Gurobi 12.0.2 (linux64, gurobi_cl) logging started Tue Jun  9 20:48:48 2026

Set parameter WLSAccessID
Set parameter WLSSecret
Set parameter LicenseID to value 938810
Set parameter LogFile to value "gurobi.log"
Using license file /home/users/a/agma/gurobi.lic
Academic license 938810 - for non-commercial use only - registered to ag___@tu-berlin.de

Gurobi 12.0.2 (linux64, gurobi_cl) logging started Tue Jun  9 20:50:01 2026

Set parameter WLSAccessID
Set parameter WLSSecret
Set parameter LicenseID to value 938810
Set parameter LogFile to value "gurobi.log"
Using license file /home/users/a/agma/gurobi.lic
Academic license 938810 - for non-commercial use only - registered to ag___@tu-berlin.de

Gurobi 12.0.2 (linux64, gurobi_cl) logging started Tue Jun  9 20:50:20 2026

Set parameter WLSAccessID
Set parameter WLSSecret
Set parameter LicenseID to value 938810
Set parameter LogFile to value "gurobi.log"
Using license file /home/users/a/agma/gurobi.lic
Academic license 938810 - for non-commercial use only - registered to ag___@tu-berlin.de

Gurobi 12.0.2 (linux64, gurobi_cl) logging started Tue Jun  9 20:52:43 2026

Set parameter WLSAccessID
Set parameter WLSSecret
Set parameter LicenseID to value 938810
Set parameter LogFile to value "gurobi.log"
Using license file /home/users/a/agma/gurobi.lic
Academic license 938810 - for non-commercial use only - registered to ag___@tu-berlin.de

Gurobi 12.0.2 (linux64, gurobi_cl) logging started Tue Jun  9 20:53:01 2026

Set parameter WLSAccessID
Set parameter WLSSecret
Set parameter LicenseID to value 938810
Set parameter LogFile to value "gurobi.log"
Using license file /home/users/a/agma/gurobi.lic
Academic license 938810 - for non-commercial use only - registered to ag___@tu-berlin.de

Gurobi 12.0.2 (linux64, gurobi_cl) logging started Tue Jun  9 20:55:04 2026

Set parameter WLSAccessID
Set parameter WLSSecret
Set parameter LicenseID to value 938810
Set parameter LogFile to value "gurobi.log"
Using license file /home/users/a/agma/gurobi.lic
Academic license 938810 - for non-commercial use only - registered to ag___@tu-berlin.de

Gurobi 12.0.2 (linux64, gurobi_cl) logging started Tue Jun  9 20:55:21 2026

Set parameter WLSAccessID
Set parameter WLSSecret
Set parameter LicenseID to value 938810
Set parameter LogFile to value "gurobi.log"
Using license file /home/users/a/agma/gurobi.lic
Academic license 938810 - for non-commercial use only - registered to ag___@tu-berlin.de

Gurobi 12.0.2 (linux64, gurobi_cl) logging started Tue Jun  9 21:07:31 2026

Set parameter WLSAccessID
Set parameter WLSSecret
Set parameter LicenseID to value 938810
Set parameter LogFile to value "gurobi.log"
Using license file /home/users/a/agma/gurobi.lic
Academic license 938810 - for non-commercial use only - registered to ag___@tu-berlin.de

Gurobi 12.0.2 (linux64, gurobi_cl) logging started Tue Jun  9 21:07:53 2026

Set parameter WLSAccessID
Set parameter WLSSecret
Set parameter LicenseID to value 938810
Set parameter LogFile to value "gurobi.log"
Using license file /home/users/a/agma/gurobi.lic
Academic license 938810 - for non-commercial use only - registered to ag___@tu-berlin.de

Gurobi 12.0.2 (linux64, gurobi_cl) logging started Tue Jun  9 21:08:02 2026


Gurobi 12.0.2 (linux64, gurobi_cl) logging started Tue Jun  9 21:08:02 2026


Gurobi 12.0.2 (linux64, gurobi_cl) logging started Tue Jun  9 21:08:02 2026


Gurobi 12.0.2 (linux64, gurobi_cl) logging started Tue Jun  9 21:08:02 2026

Set parameter WLSAccessID
Set parameter WLSSecret
Set parameter LicenseID to value 938810
Set parameter LogFile to value "gurobi.log"
Using license file /home/users/a/agma/gurobi.lic
Set parameter WLSAccessID
Set parameter WLSSecret
Set parameter LicenseID to value 938810
Set parameter LogFile to value "gurobi.log"
Using license file /home/users/a/agma/gurobi.lic
Set parameter WLSAccessID
Set parameter WLSSecret
Set parameter LicenseID to value 938810
Set parameter WLSAccessID
Academic license 938810 - for non-commercial use only - registered to ag___@tu-berlin.de
Academic license 938810 - for non-commercial use only - registered to ag___@tu-berlin.de
Set parameter LogFile to value "gurobi.log"
Using license file /home/users/a/agma/gurobi.lic
Set parameter WLSSecret
Set parameter LicenseID to value 938810
Academic license 938810 - for non-commercial use only - registered to ag___@tu-berlin.de
Set parameter LogFile to value "gurobi.log"
Using license file /home/users/a/agma/gurobi.lic
Academic license 938810 - for non-commercial use only - registered to ag___@tu-berlin.de

Gurobi 12.0.2 (linux64, gurobi_cl) logging started Tue Jun  9 21:08:03 2026

Set parameter WLSAccessID
Set parameter WLSSecret
Set parameter LicenseID to value 938810
Set parameter LogFile to value "gurobi.log"
Using license file /home/users/a/agma/gurobi.lic
Academic license 938810 - for non-commercial use only - registered to ag___@tu-berlin.de

Gurobi 12.0.2 (linux64, gurobi_cl) logging started Tue Jun  9 21:08:10 2026


Gurobi 12.0.2 (linux64, gurobi_cl) logging started Tue Jun  9 21:08:10 2026

Set parameter WLSAccessID
Set parameter WLSSecret
Set parameter LicenseID to value 938810
Set parameter WLSAccessID
Set parameter LogFile to value "gurobi.log"
Set parameter WLSSecret
Using license file /home/users/a/agma/gurobi.lic
Set parameter LicenseID to value 938810
Set parameter LogFile to value "gurobi.log"
Using license file /home/users/a/agma/gurobi.lic
Academic license 938810 - for non-commercial use only - registered to ag___@tu-berlin.de
Academic license 938810 - for non-commercial use only - registered to ag___@tu-berlin.de

Gurobi 12.0.2 (linux64, gurobi_cl) logging started Tue Jun  9 21:08:14 2026

Set parameter WLSAccessID
Set parameter WLSSecret
Set parameter LicenseID to value 938810
Set parameter LogFile to value "gurobi.log"
Using license file /home/users/a/agma/gurobi.lic
Academic license 938810 - for non-commercial use only - registered to ag___@tu-berlin.de

Gurobi 12.0.2 (linux64, gurobi_cl) logging started Tue Jun  9 21:08:25 2026

Set parameter WLSAccessID
Set parameter WLSSecret
Set parameter LicenseID to value 938810
Set parameter LogFile to value "gurobi.log"
Using license file /home/users/a/agma/gurobi.lic
Academic license 938810 - for non-commercial use only - registered to ag___@tu-berlin.de

Gurobi 12.0.2 (linux64, gurobi_cl) logging started Tue Jun  9 21:08:25 2026


Gurobi 12.0.2 (linux64, gurobi_cl) logging started Tue Jun  9 21:08:25 2026


Gurobi 12.0.2 (linux64, gurobi_cl) logging started Tue Jun  9 21:08:25 2026


Gurobi 12.0.2 (linux64, gurobi_cl) logging started Tue Jun  9 21:08:25 2026

Set parameter WLSAccessID
Set parameter WLSSecret
Set parameter LicenseID to value 938810
Set parameter LogFile to value "gurobi.log"
Using license file /home/users/a/agma/gurobi.lic
Set parameter WLSAccessID
Set parameter WLSSecret
Set parameter LicenseID to value 938810
Set parameter WLSAccessID
Set parameter WLSSecret
Set parameter WLSAccessID
Set parameter LogFile to value "gurobi.log"
Set parameter LicenseID to value 938810
Set parameter WLSSecret
Using license file /home/users/a/agma/gurobi.lic
Academic license 938810 - for non-commercial use only - registered to ag___@tu-berlin.de
Set parameter LicenseID to value 938810
Set parameter LogFile to value "gurobi.log"
Using license file /home/users/a/agma/gurobi.lic
Academic license 938810 - for non-commercial use only - registered to ag___@tu-berlin.de
Set parameter LogFile to value "gurobi.log"
Using license file /home/users/a/agma/gurobi.lic
Academic license 938810 - for non-commercial use only - registered to ag___@tu-berlin.de
Academic license 938810 - for non-commercial use only - registered to ag___@tu-berlin.de

Gurobi 12.0.2 (linux64, gurobi_cl) logging started Tue Jun  9 21:08:33 2026


Gurobi 12.0.2 (linux64, gurobi_cl) logging started Tue Jun  9 21:08:33 2026

Set parameter WLSAccessID
Set parameter WLSSecret
Set parameter LicenseID to value 938810
Set parameter LogFile to value "gurobi.log"
Using license file /home/users/a/agma/gurobi.lic
Set parameter WLSAccessID
Set parameter WLSSecret
Set parameter LicenseID to value 938810
Set parameter LogFile to value "gurobi.log"
Using license file /home/users/a/agma/gurobi.lic
Academic license 938810 - for non-commercial use only - registered to ag___@tu-berlin.de
Academic license 938810 - for non-commercial use only - registered to ag___@tu-berlin.de

Gurobi 12.0.2 (linux64, gurobi_cl) logging started Tue Jun  9 21:10:24 2026

Set parameter WLSAccessID
Set parameter WLSAccessID
Set parameter LicenseID to value 938810
Set parameter WLSSecret
Set parameter LicenseID to value 938810
Set parameter LogFile to value "gurobi.log"
Set parameter LogFile to value "gurobi.log"
.lic
Using license file /home/users/a/agma/gurobi.lic

Gurobi 12.0.2 (linux64, gurobi_cl) logging started Tue Jun  9 21:10:24 2026

Academic license 938810 - for non-commercial use only - registered to ag___@tu-berlin.de
Academic license 938810 - for non-commercial use only - registered to ag___@tu-berlin.de
Set parameter WLSAccessID
Set parameter WLSSecret
Set parameter LicenseID to value 938810
Set parameter LogFile to value "gurobi.log"
Using license file /home/users/a/agma/gurobi.lic
Academic license 938810 - for non-commercial use only - registered to ag___@tu-berlin.de

Gurobi 12.0.2 (linux64, gurobi_cl) logging started Tue Jun  9 21:10:26 2026


Gurobi 12.0.2 (linux64, gurobi_cl) logging started Tue Jun  9 21:10:26 2026


Gurobi 12.0.2 (linux64, gurobi_cl) logging started Tue Jun  9 21:10:26 2026

Set parameter WLSAccessID
Set parameter WLSSecret
Set parameter LicenseID to value 938810
Set parameter LogFile to value "gurobi.log"
Using license file /home/users/a/agma/gurobi.lic
Set parameter WLSAccessID
Set parameter WLSAccessID
Set parameter WLSSecret
Set parameter WLSSecret
Set parameter LicenseID to value 938810
Set parameter LicenseID to value 938810
Set parameter LogFile to value "gurobi.log"
Set parameter LogFile to value "gurobi.log"
Using license file /home/users/a/agma/gurobi.lic
Using license file /home/users/a/agma/gurobi.lic
Academic license 938810 - for non-commercial use only - registered to ag___@tu-berlin.de
Academic license 938810 - for non-commercial use only - registered to ag___@tu-berlin.de
Academic license 938810 - for non-commercial use only - registered to ag___@tu-berlin.de

Gurobi 12.0.2 (linux64, gurobi_cl) logging started Tue Jun  9 21:10:28 2026


Gurobi 12.0.2 (linux64, gurobi_cl) logging started Tue Jun  9 21:10:28 2026

Set parameter WLSAccessID
Set parameter WLSSecret
Set parameter LicenseID to value 938810
Set parameter WLSAccessID
Set parameter LogFile to value "gurobi.log"
Set parameter WLSSecret
Using license file /home/users/a/agma/gurobi.lic
Set parameter LicenseID to value 938810
Set parameter LogFile to value "gurobi.log"
Using license file /home/users/a/agma/gurobi.lic
Academic license 938810 - for non-commercial use only - registered to ag___@tu-berlin.de
Academic license 938810 - for non-commercial use only - registered to ag___@tu-berlin.de

Gurobi 12.0.2 (linux64, gurobi_cl) logging started Tue Jun  9 21:10:45 2026


Gurobi 12.0.2 (linux64, gurobi_cl) logging started Tue Jun  9 21:10:45 2026


Gurobi 12.0.2 (linux64, gurobi_cl) logging started Tue Jun  9 21:10:45 2026

Set parameter WLSAccessID
Set parameter WLSSecret
Set parameter WLSAccessISeSet parameter LicenseID to value 93881Set parameter WLSSecret
Set parameter LogFile to value "gurobi.log"
Using license file /home/users/a/agma/gurobi.lic
Set parameter LogFile to value "gurobi.log"
Using license file /home/users/a/agma/gurobi.lic
Academic license 938810 - for non-commercial use only - registered to ag___@tu-berlin.de
Academic license 938810 - for non-commercial use only - registered to ag___@tu-berlin.de

Gurobi 12.0.2 (linux64, gurobi_cl) logging started Tue Jun  9 21:10:48 2026


Gurobi 12.0.2 (linux64, gurobi_cl) logging started Tue Jun  9 21:10:48 2026


Gurobi 12.0.2 (linux64, gurobi_cl) logging started Tue Jun  9 21:10:48 2026

Set parameter WLSAccessID
Set parameter WLSSecret
Set parameter WLSAccessID
Set parameter LicenseID to value 938810
Set parameter WLSAccessID
Set parameter WLSSecret
Set parameter LogFile to value "gurobi.log"
Set parameter WLSSecret
Set parameter LicenseID to value 938810
Using license file /home/users/a/agma/gurobi.lic
Set parameter LicenseID to value 938810
Set parameter LogFile to value "gurobi.log"
Set parameter LogFile to value "gurobi.log"
Using license file /home/users/a/agma/gurobi.lic
Using license file /home/users/a/agma/gurobi.lic
Academic license 938810 - for non-commercial use only - registered to ag___@tu-berlin.de
Academic license 938810 - for non-commercial use only - registered to ag___@tu-berlin.de
Academic license 938810 - for non-commercial use only - registered to ag___@tu-berlin.de

Gurobi 12.0.2 (linux64, gurobi_cl) logging started Tue Jun  9 21:10:50 2026


Gurobi 12.0.2 (linux64, gurobi_cl) logging started Tue Jun  9 21:10:50 2026

Set parameter WLSAccessID
Set parameter WLSAccessID
Set parameter WLSSecret
Set parameter WLSSecret
Set parameter LicenseID to value 938810
Set parameter LicenseID to value 938810
Set parameter LogFile to value "gurobi.log"
Set parameter LogFile to value "gurobi.log"
Using license file /home/users/a/agma/gurobi.lic
Using license file /home/users/a/agma/gurobi.lic
Academic license 938810 - for non-commercial use only - registered to ag___@tu-berlin.de
Academic license 938810 - for non-commercial use only - registered to ag___@tu-berlin.de

Gurobi 12.0.2 (linux64, gurobi_cl) logging started Tue Jun  9 21:11:49 2026

Set parameter WLSAccessID
Set parameter WLSSecret
Set parameter LicenseID to value 938810
Set parameter LogFile to value "gurobi.log"
Using license file /home/users/a/agma/gurobi.lic
Academic license 938810 - for non-commercial use only - registered to ag___@tu-berlin.de

Gurobi 12.0.2 (linux64, gurobi_cl) logging started Tue Jun  9 21:11:50 2026

Set parameter WLSAccessID
Set parameter WLSSecret
Set parameter LicenseID to value 938810
Set parameter LogFile to value "gurobi.log"
Using license file /home/users/a/agma/gurobi.lic
Academic license 938810 - for non-commercial use only - registered to ag___@tu-berlin.de

Gurobi 12.0.2 (linux64, gurobi_cl) logging started Tue Jun  9 21:12:08 2026

Set parameter WLSAccessID
Set parameter WLSSecret
Set parameter LicenseID to value 938810
Set parameter LogFile to value "gurobi.log"
Using license file /home/users/a/agma/gurobi.lic
Academic license 938810 - for non-commercial use only - registered to ag___@tu-berlin.de

Gurobi 12.0.2 (linux64, gurobi_cl) logging started Tue Jun  9 21:12:09 2026

Set parameter WLSAccessID
Set parameter WLSSecret
Set parameter LicenseID to value 938810
Set parameter LogFile to value "gurobi.log"
Using license file /home/users/a/agma/gurobi.lic
Academic license 938810 - for non-commercial use only - registered to ag___@tu-berlin.de

Gurobi 12.0.2 (linux64, gurobi_cl) logging started Tue Jun  9 21:12:37 2026

Set parameter WLSAccessID
Set parameter WLSSecret
Set parameter LicenseID to value 938810
Set parameter LogFile to value "gurobi.log"
Using license file /home/users/a/agma/gurobi.lic

Gurobi 12.0.2 (linux64, gurobi_cl) logging started Tue Jun  9 21:12:37 2026

Academic license 938810 - for non-commercial use only - registered to ag___@tu-berlin.de
Set parameter WLSAccessID
Set parameter WLSSecret
Set parameter LicenseID to value 938810
Set parameter LogFile to value "gurobi.log"
Using license file /home/users/a/agma/gurobi.lic
Academic license 938810 - for non-commercial use only - registered to ag___@tu-berlin.de

Gurobi 12.0.2 (linux64, gurobi_cl) logging started Tue Jun  9 21:12:37 2026

Set parameter WLSAccessID
Set parameter WLSSecret
Set parameter LicenseID to value 938810
Set parameter LogFile to value "gurobi.log"
Using license file /home/users/a/agma/gurobi.lic
Academic license 938810 - for non-commercial use only - registered to ag___@tu-berlin.de

Gurobi 12.0.2 (linux64, gurobi_cl) logging started Tue Jun  9 21:12:37 2026

Set parameter WLSAccessID
Set parameter WLSSecret
Set parameter LicenseID to value 938810
Set parameter LogFile to value "gurobi.log"
Using license file /home/users/a/agma/gurobi.lic
Academic license 938810 - for non-commercial use only - registered to ag___@tu-berlin.de

Gurobi 12.0.2 (linux64, gurobi_cl) logging started Tue Jun  9 21:12:38 2026


Gurobi 12.0.2 (linux64, gurobi_cl) logging started Tue Jun  9 21:12:38 2026

Set parameter WLSAccessID
Set parameter WLSSecret
Set parameter LicenseID to value 938810
Set parameter LogFile to value "gurobi.log"
Set parameter WLSAccessID
Set parameter WLSSecret
Using license file /home/users/a/agma/gurobi.lic
Set parameter LicenseID to value 938810
Set parameter LogFile to value "gurobi.log"
Using license file /home/users/a/agma/gurobi.lic
Academic license 938810 - for non-commercial use only - registered to ag___@tu-berlin.de
Academic license 938810 - for non-commercial use only - registered to ag___@tu-berlin.de

Gurobi 12.0.2 (linux64, gurobi_cl) logging started Tue Jun  9 21:13:00 2026


Gurobi 12.0.2 (linux64, gurobi_cl) logging started Tue Jun  9 21:13:00 2026


Gurobi 12.0.2 (linux64, gurobi_cl) logging started Tue Jun  9 21:13:00 2026


Gurobi 12.0.2 (linux64, gurobi_cl) logging started Tue Jun  9 21:13:00 2026

Set parameter WLSAccessID
Set parameter WLSSecret
Set parameter LicenseID to value 938810
Set parameter LogFile to value "gurobi.log"
Using license file /home/users/a/agma/gurobi.lic
Set parameter WLSAccessID
Set parameter WLSSecret
Set parameter LicenseID to value 938810
Set parameter WLSAccessID
Set parameter WLSSecret
Set parameter WLSAccessID
Set parameter LogFile to value "gurobi.log"
Using license file /home/users/a/agma/gurobi.lic
Set parameter LicenseID to value 938810
Set parameter WLSSecret
Academic license 938810 - for non-commercial use only - registered to ag___@tu-berlin.de
Set parameter LogFile to value "gurobi.log"
Using license file /home/users/a/agma/gurobi.lic
Set parameter LicenseID to value 938810
Academic license 938810 - for non-commercial use only - registered to ag___@tu-berlin.de
Set parameter LogFile to value "gurobi.log"
Using license file /home/users/a/agma/gurobi.lic
Academic license 938810 - for non-commercial use only - registered to ag___@tu-berlin.de
Academic license 938810 - for non-commercial use only - registered to ag___@tu-berlin.de

Gurobi 12.0.2 (linux64, gurobi_cl) logging started Tue Jun  9 21:13:01 2026

Set parameter WLSAccessID
Set parameter WLSSecret
Set parameter LicenseID to value 938810
Set parameter LogFile to value "gurobi.log"
Using license file /home/users/a/agma/gurobi.lic
Academic license 938810 - for non-commercial use only - registered to ag___@tu-berlin.de

Gurobi 12.0.2 (linux64, gurobi_cl) logging started Tue Jun  9 21:13:02 2026

Set parameter WLSAccessID
Set parameter WLSSecret
Set parameter LicenseID to value 938810
Set parameter LogFile to value "gurobi.log"
Using license file /home/users/a/agma/gurobi.lic
Academic license 938810 - for non-commercial use only - registered to ag___@tu-berlin.de

Gurobi 12.0.2 (linux64, gurobi_cl) logging started Tue Jun  9 21:14:03 2026

Set parameter WLSAccessID
Set parameter WLSSecret
Set parameter LicenseID to value 938810
Set parameter LogFile to value "gurobi.log"
Using license file /home/users/a/agma/gurobi.lic
Academic license 938810 - for non-commercial use only - registered to ag___@tu-berlin.de

Gurobi 12.0.2 (linux64, gurobi_cl) logging started Tue Jun  9 21:14:18 2026

Set parameter WLSAccessID
Set parameter WLSSecret
Set parameter LicenseID to value 938810
Set parameter LogFile to value "gurobi.log"
Using license file /home/users/a/agma/gurobi.lic
Academic license 938810 - for non-commercial use only - registered to ag___@tu-berlin.de

Gurobi 12.0.2 (linux64, gurobi_cl) logging started Tue Jun  9 21:15:37 2026

Set parameter WLSAccessID
Set parameter WLSSecret
Set parameter LicenseID to value 938810
Set parameter LogFile to value "gurobi.log"
Using license file /home/users/a/agma/gurobi.lic
Academic license 938810 - for non-commercial use only - registered to ag___@tu-berlin.de

Gurobi 12.0.2 (linux64, gurobi_cl) logging started Tue Jun  9 21:15:55 2026

Set parameter WLSAccessID
Set parameter WLSSecret
Set parameter LicenseID to value 938810
Set parameter LogFile to value "gurobi.log"
Using license file /home/users/a/agma/gurobi.lic
Academic license 938810 - for non-commercial use only - registered to ag___@tu-berlin.de

Gurobi 12.0.2 (linux64, gurobi_cl) logging started Tue Jun  9 21:16:15 2026

Set parameter WLSAccessID
Set parameter WLSSecret
Set parameter LicenseID to value 938810
Set parameter LogFile to value "gurobi.log"
Using license file /home/users/a/agma/gurobi.lic
Academic license 938810 - for non-commercial use only - registered to ag___@tu-berlin.de

Gurobi 12.0.2 (linux64, gurobi_cl) logging started Tue Jun  9 21:16:15 2026

Set parameter WLSAccessID
Set parameter WLSSecret
Set parameter LicenseID to value 938810
Set parameter LogFile to value "gurobi.log"
Using license file /home/users/a/agma/gurobi.lic
Academic license 938810 - for non-commercial use only - registered to ag___@tu-berlin.de

Gurobi 12.0.2 (linux64, gurobi_cl) logging started Tue Jun  9 21:16:34 2026

Set parameter WLSAccessID
Set parameter WLSSecret
Set parameter LicenseID to value 938810
Set parameter LogFile to value "gurobi.log"
Using license file /home/users/a/agma/gurobi.lic
Academic license 938810 - for non-commercial use only - registered to ag___@tu-berlin.de

Gurobi 12.0.2 (linux64, gurobi_cl) logging started Tue Jun  9 21:16:34 2026

Set parameter WLSAccessID
Set parameter WLSSecret
Set parameter LicenseID to value 938810
Set parameter LogFile to value "gurobi.log"
Using license file /home/users/a/agma/gurobi.lic
Academic license 938810 - for non-commercial use only - registered to ag___@tu-berlin.de

Gurobi 12.0.2 (linux64, gurobi_cl) logging started Tue Jun  9 21:17:46 2026

Set parameter WLSAccessID
Set parameter WLSSecret
Set parameter LicenseID to value 938810
Set parameter LogFile to value "gurobi.log"
Using license file /home/users/a/agma/gurobi.lic
Academic license 938810 - for non-commercial use only - registered to ag___@tu-berlin.de

Gurobi 12.0.2 (linux64, gurobi_cl) logging started Tue Jun  9 21:17:47 2026

Set parameter WLSAccessID
Set parameter WLSSecret
Set parameter LicenseID to value 938810
Set parameter LogFile to value "gurobi.log"
Using license file /home/users/a/agma/gurobi.lic
Academic license 938810 - for non-commercial use only - registered to ag___@tu-berlin.de

Gurobi 12.0.2 (linux64, gurobi_cl) logging started Tue Jun  9 21:18:01 2026

Set parameter WLSAccessID
Set parameter WLSSecret
Set parameter LicenseID to value 938810
Set parameter LogFile to value "gurobi.log"
Using license file /home/users/a/agma/gurobi.lic
Academic license 938810 - for non-commercial use only - registered to ag___@tu-berlin.de

Gurobi 12.0.2 (linux64, gurobi_cl) logging started Tue Jun  9 21:18:03 2026

Set parameter WLSAccessID
Set parameter WLSSecret
Set parameter LicenseID to value 938810
Set parameter LogFile to value "gurobi.log"
Using license file /home/users/a/agma/gurobi.lic
Academic license 938810 - for non-commercial use only - registered to ag___@tu-berlin.de

Gurobi 12.0.2 (linux64, gurobi_cl) logging started Tue Jun  9 21:18:25 2026

Set parameter WLSAccessID
Set parameter WLSSecret
Set parameter LicenseID to value 938810
Set parameter LogFile to value "gurobi.log"
Using license file /home/users/a/agma/gurobi.lic
Academic license 938810 - for non-commercial use only - registered to ag___@tu-berlin.de

Gurobi 12.0.2 (linux64, gurobi_cl) logging started Tue Jun  9 21:18:26 2026

Set parameter WLSAccessID
Set parameter WLSSecret
Set parameter LicenseID to value 938810
Set parameter LogFile to value "gurobi.log"
Using license file /home/users/a/agma/gurobi.lic
Academic license 938810 - for non-commercial use only - registered to ag___@tu-berlin.de

Gurobi 12.0.2 (linux64, gurobi_cl) logging started Tue Jun  9 21:18:45 2026

Set parameter WLSAccessID
Set parameter WLSSecret
Set parameter LicenseID to value 938810
Set parameter LogFile to value "gurobi.log"
Using license file /home/users/a/agma/gurobi.lic
Academic license 938810 - for non-commercial use only - registered to ag___@tu-berlin.de

Gurobi 12.0.2 (linux64, gurobi_cl) logging started Tue Jun  9 21:18:45 2026

Set parameter WLSAccessID
Set parameter WLSSecret
Set parameter LicenseID to value 938810
Set parameter LogFile to value "gurobi.log"
Using license file /home/users/a/agma/gurobi.lic
Academic license 938810 - for non-commercial use only - registered to ag___@tu-berlin.de

Gurobi 12.0.2 (linux64, gurobi_cl) logging started Tue Jun  9 21:19:56 2026

Set parameter WLSAccessID
Set parameter WLSSecret
Set parameter LicenseID to value 938810
Set parameter LogFile to value "gurobi.log"
Using license file /home/users/a/agma/gurobi.lic
Academic license 938810 - for non-commercial use only - registered to ag___@tu-berlin.de

Gurobi 12.0.2 (linux64, gurobi_cl) logging started Tue Jun  9 21:19:56 2026

Set parameter WLSAccessID
Set parameter WLSSecret
Set parameter LicenseID to value 938810
Set parameter LogFile to value "gurobi.log"
Using license file /home/users/a/agma/gurobi.lic
Academic license 938810 - for non-commercial use only - registered to ag___@tu-berlin.de

Gurobi 12.0.2 (linux64, gurobi_cl) logging started Tue Jun  9 21:20:13 2026

Set parameter WLSAccessID
Set parameter WLSSecret
Set parameter LicenseID to value 938810
Set parameter LogFile to value "gurobi.log"
Using license file /home/users/a/agma/gurobi.lic
Academic license 938810 - for non-commercial use only - registered to ag___@tu-berlin.de

Gurobi 12.0.2 (linux64, gurobi_cl) logging started Tue Jun  9 21:20:16 2026

Set parameter WLSAccessID
Set parameter WLSSecret
Set parameter LicenseID to value 938810
Set parameter LogFile to value "gurobi.log"
Using license file /home/users/a/agma/gurobi.lic
Academic license 938810 - for non-commercial use only - registered to ag___@tu-berlin.de

Gurobi 12.0.2 (linux64, gurobi_cl) logging started Tue Jun  9 21:20:38 2026

Set parameter WLSAccessID
Set parameter WLSSecret
Set parameter LicenseID to value 938810
Set parameter LogFile to value "gurobi.log"
Using license file /home/users/a/agma/gurobi.lic
Academic license 938810 - for non-commercial use only - registered to ag___@tu-berlin.de

Gurobi 12.0.2 (linux64, gurobi_cl) logging started Tue Jun  9 21:20:38 2026

Set parameter WLSAccessID
Set parameter WLSSecret
Set parameter LicenseID to value 938810
Set parameter LogFile to value "gurobi.log"
Using license file /home/users/a/agma/gurobi.lic
Academic license 938810 - for non-commercial use only - registered to ag___@tu-berlin.de

Gurobi 12.0.2 (linux64, gurobi_cl) logging started Tue Jun  9 21:20:54 2026

Set parameter WLSAccessID
Set parameter WLSSecret
Set parameter LicenseID to value 938810
Set parameter LogFile to value "gurobi.log"
Using license file /home/users/a/agma/gurobi.lic
Academic license 938810 - for non-commercial use only - registered to ag___@tu-berlin.de

Gurobi 12.0.2 (linux64, gurobi_cl) logging started Tue Jun  9 21:20:55 2026

Set parameter WLSAccessID
Set parameter WLSSecret
Set parameter LicenseID to value 938810
Set parameter LogFile to value "gurobi.log"
Using license file /home/users/a/agma/gurobi.lic
Academic license 938810 - for non-commercial use only - registered to ag___@tu-berlin.de

Gurobi 12.0.2 (linux64, gurobi_cl) logging started Tue Jun  9 21:22:08 2026

Set parameter WLSAccessID
Set parameter WLSSecret
Set parameter LicenseID to value 938810
Set parameter LogFile to value "gurobi.log"
Using license file /home/users/a/agma/gurobi.lic
Academic license 938810 - for non-commercial use only - registered to ag___@tu-berlin.de

Gurobi 12.0.2 (linux64, gurobi_cl) logging started Tue Jun  9 21:22:08 2026

Set parameter WLSAccessID
Set parameter WLSSecret
Set parameter LicenseID to value 938810
Set parameter LogFile to value "gurobi.log"
Using license file /home/users/a/agma/gurobi.lic
Academic license 938810 - for non-commercial use only - registered to ag___@tu-berlin.de

Gurobi 12.0.2 (linux64, gurobi_cl) logging started Tue Jun  9 21:22:25 2026

Set parameter WLSAccessID
Set parameter WLSSecret
Set parameter LicenseID to value 938810
Set parameter LogFile to value "gurobi.log"
Using license file /home/users/a/agma/gurobi.lic
Academic license 938810 - for non-commercial use only - registered to ag___@tu-berlin.de

Gurobi 12.0.2 (linux64, gurobi_cl) logging started Tue Jun  9 21:22:27 2026

Set parameter WLSAccessID
Set parameter WLSSecret
Set parameter LicenseID to value 938810
Set parameter LogFile to value "gurobi.log"
Using license file /home/users/a/agma/gurobi.lic
Academic license 938810 - for non-commercial use only - registered to ag___@tu-berlin.de

Gurobi 12.0.2 (linux64, gurobi_cl) logging started Tue Jun  9 21:22:48 2026

Set parameter WLSAccessID
Set parameter WLSSecret
Set parameter LicenseID to value 938810
Set parameter LogFile to value "gurobi.log"
Using license file /home/users/a/agma/gurobi.lic
Academic license 938810 - for non-commercial use only - registered to ag___@tu-berlin.de

Gurobi 12.0.2 (linux64, gurobi_cl) logging started Tue Jun  9 21:23:07 2026

Set parameter WLSAccessID
Set parameter WLSSecret
Set parameter LicenseID to value 938810
Set parameter LogFile to value "gurobi.log"
Using license file /home/users/a/agma/gurobi.lic
Academic license 938810 - for non-commercial use only - registered to ag___@tu-berlin.de

Gurobi 12.0.2 (linux64, gurobi_cl) logging started Tue Jun  9 21:24:19 2026

Set parameter WLSAccessID
Set parameter WLSSecret
Set parameter LicenseID to value 938810
Set parameter LogFile to value "gurobi.log"
Using license file /home/users/a/agma/gurobi.lic
Academic license 938810 - for non-commercial use only - registered to ag___@tu-berlin.de

Gurobi 12.0.2 (linux64, gurobi_cl) logging started Tue Jun  9 21:24:36 2026

Set parameter WLSAccessID
Set parameter WLSSecret
Set parameter LicenseID to value 938810
Set parameter LogFile to value "gurobi.log"
Using license file /home/users/a/agma/gurobi.lic
Academic license 938810 - for non-commercial use only - registered to ag___@tu-berlin.de

Gurobi 12.0.2 (linux64, gurobi_cl) logging started Tue Jun  9 22:07:42 2026

Set parameter WLSAccessID
Set parameter WLSSecret
Set parameter LicenseID to value 938810
Set parameter LogFile to value "gurobi.log"
Using license file /home/users/a/agma/gurobi.lic

Gurobi 12.0.2 (linux64, gurobi_cl) logging started Tue Jun  9 22:08:08 2026

Set parameter WLSAccessID
Set parameter WLSSecret
Set parameter LicenseID to value 938810
Set parameter LogFile to value "gurobi.log"
Using license file /home/users/a/agma/gurobi.lic

Gurobi 12.0.2 (linux64, gurobi_cl) logging started Tue Jun  9 22:08:08 2026

Set parameter WLSAccessID
Set parameter WLSSecret
Set parameter LicenseID to value 938810
Set parameter LogFile to value "gurobi.log"
Using license file /home/users/a/agma/gurobi.lic

Gurobi 12.0.2 (linux64, gurobi_cl) logging started Tue Jun  9 22:08:08 2026

Set parameter WLSAccessID
Set parameter WLSSecret
Set parameter LicenseID to value 938810
Set parameter LogFile to value "gurobi.log"
Using license file /home/users/a/agma/gurobi.lic

Gurobi 12.0.2 (linux64, gurobi_cl) logging started Tue Jun  9 22:08:08 2026


Gurobi 12.0.2 (linux64, gurobi_cl) logging started Tue Jun  9 22:08:08 2026


Gurobi 12.0.2 (linux64, gurobi_cl) logging started Tue Jun  9 22:08:08 2026


Gurobi 12.0.2 (linux64, gurobi_cl) logging started Tue Jun  9 22:08:08 2026

Set parameter WLSAccessID
Set parameter WLSAccessID
Set parameter WLSSecret
Set parameter WLSAccessID
Set parameter WLSSecret
Set parameter WLSSecret
Set parameter WLSAccessID
Set parameter LicenseID to value 938810
Set parameter LicenseID to value 938810
Set parameter LicenseID to value 938810
Set parameter WLSSecret
Set parameter LogFile to value "gurobi.log"
Set parameter LogFile to value "gurobi.log"
Set parameter LicenseID to value 938810
Set parameter LogFile to value "gurobi.log"
Using license file /home/users/a/agma/gurobi.lic
Using license file /home/users/a/agma/gurobi.lic
Set parameter LogFile to value "gurobi.log"
Using license file /home/users/a/agma/gurobi.lic
Using license file /home/users/a/agma/gurobi.lic

Gurobi 12.0.2 (linux64, gurobi_cl) logging started Tue Jun  9 22:08:17 2026

Set parameter WLSAccessID
Set parameter WLSSecret
Set parameter LicenseID to value 938810
Set parameter LogFile to value "gurobi.log"
Using license file /home/users/a/agma/gurobi.lic

Gurobi 12.0.2 (linux64, gurobi_cl) logging started Tue Jun  9 22:08:29 2026

Set parameter WLSAccessID
Set parameter WLSSecret
Set parameter LicenseID to value 938810
Set parameter LogFile to value "gurobi.log"
Using license file /home/users/a/agma/gurobi.lic

Gurobi 12.0.2 (linux64, gurobi_cl) logging started Tue Jun  9 22:08:29 2026

Set parameter WLSAccessID
Set parameter WLSSecret
Set parameter LicenseID to value 938810
Set parameter LogFile to value "gurobi.log"
Using license file /home/users/a/agma/gurobi.lic

Gurobi 12.0.2 (linux64, gurobi_cl) logging started Tue Jun  9 22:08:31 2026

Set parameter WLSAccessID
Set parameter WLSSecret
Set parameter LicenseID to value 938810
Set parameter LogFile to value "gurobi.log"
Using license file /home/users/a/agma/gurobi.lic

Gurobi 12.0.2 (linux64, gurobi_cl) logging started Tue Jun  9 22:08:32 2026


Gurobi 12.0.2 (linux64, gurobi_cl) logging started Tue Jun  9 22:08:32 2026


Gurobi 12.0.2 (linux64, gurobi_cl) logging started Tue Jun  9 22:08:32 2026


Gurobi 12.0.2 (linux64, gurobi_cl) logging started Tue Jun  9 22:08:32 2026

Set parameter WLSAccessID
Set parameter WLSSecret
Set parameter LicenseID to value 938810
Set parameter LogFile to value "gurobi.log"
Using license file /home/users/a/agma/gurobi.lic
Set parameter WLSAccessID
Set parameter WLSSecret
Set parameter LicenseID to value 938810
Set parameter LogFile to value "gurobi.log"
Using license file /home/users/a/agma/gurobi.lic
Set parameter WLSAccessID
Set parameter WLSSecret
Set parameter LicenseID to value 938810
Set parameter WLSAccessID
Set parameter LogFile to value "gurobi.log"
Set parameter WLSSecret
Using license file /home/users/a/agma/gurobi.lic
Set parameter LicenseID to value 938810
Set parameter LogFile to value "gurobi.log"
Using license file /home/users/a/agma/gurobi.lic

Gurobi 12.0.2 (linux64, gurobi_cl) logging started Tue Jun  9 22:08:40 2026

Set parameter WLSAccessID
Set parameter WLSSecret
Set parameter LicenseID to value 938810
Set parameter LogFile to value "gurobi.log"
Using license file /home/users/a/agma/gurobi.lic

Gurobi 12.0.2 (linux64, gurobi_cl) logging started Tue Jun  9 22:10:37 2026


Gurobi 12.0.2 (linux64, gurobi_cl) logging started Tue Jun  9 22:10:37 2026

Set parameter WLSAccessID
Set parameter WLSSecret
Set parameter LicenseID to value 938810
Set parameter LogFile to value "gurobi.log"

Gurobi 12.0.2 (linux64, gurobi_cl) logging started Tue Jun  9 22:10:37 2026

Set parameter WLSAccessID
Set parameter WLSSecret
Set parameter LicenseID to value 938810

Gurobi 12.0.2 (linux64, gurobi_cl) logging started Tue Jun  9 22:10:37 2026

Set parameter LogFile to value "gurobi.log"
Set parameter WLSAccessID
sers/a/agma/gurobi.lic
Set parameter WLSSecret
Set parameter LicenseID to value 938810
Set parameter LogFile to value "gurobi.log"
Set parameter WLSAccessID
sers/a/agma/gurobi.lic
Set parameter WLSSecret
Set parameter LicenseID to value 938810
Set parameter LogFile to value "gurobi.log"
Using license file /home/users/a/agma/gurobi.lic

Gurobi 12.0.2 (linux64, gurobi_cl) logging started Tue Jun  9 22:10:37 2026


Gurobi 12.0.2 (linux64, gurobi_cl) logging started Tue Jun  9 22:10:37 2026


Gurobi 12.0.2 (linux64, gurobi_cl) logging started Tue Jun  9 22:10:37 2026


Gurobi 12.0.2 (linux64, gurobi_cl) logging started Tue Jun  9 22:10:37 2026

Set parameter WLSAccessID
Set parameter WLSSecret
Set parameter LicenseID to value 938810
Set parameter LogFile to value "gurobi.log"
Using license file /home/users/a/agma/gurobi.lic
Set parameter WLSAccessID
Set parameter WLSSecret
Set parameter WLSAccessID
Set parameter LicenseID to value 938810
Set parameter WLSSecret
Set parameter WLSAccessID
Set parameter WLSSecret
Set parameter LogFile to value "gurobi.log"
Using license file /home/users/a/agma/gurobi.lic
Set parameter LicenseID to value 938810
Set parameter LicenseID to value 938810
Set parameter LogFile to value "gurobi.log"
Set parameter LogFile to value "gurobi.log"
Using license file /home/users/a/agma/gurobi.lic
Using license file /home/users/a/agma/gurobi.lic

Gurobi 12.0.2 (linux64, gurobi_cl) logging started Tue Jun  9 22:10:58 2026


Gurobi 12.0.2 (linux64, gurobi_cl) logging started Tue Jun  9 22:10:58 2026

Set parameter WLSAccessID
Set parameter WLSSecret
Set parameter LicenseID to value 938810
Set parameter WLSAccessID
Set parameter WLSSecret
Set parameter LicenseID to value 938810
og"
Using license file /home/users/a/agma/gurobi.lic
Set parameter LogFile to value "gurobi.log"
Using license file /home/users/a/agma/gurobi.lic

Gurobi 12.0.2 (linux64, gurobi_cl) logging started Tue Jun  9 22:10:58 2026

Set parameter WLSAccessID
Set parameter WLSSecret
Set parameter LicenseID to value 938810
Set parameter LogFile to value "gurobi.log"
Using license file /home/users/a/agma/gurobi.lic

Gurobi 12.0.2 (linux64, gurobi_cl) logging started Tue Jun  9 22:10:59 2026


Gurobi 12.0.2 (linux64, gurobi_cl) logging started Tue Jun  9 22:10:59 2026


Gurobi 12.0.2 (linux64, gurobi_cl) logging started Tue Jun  9 22:10:59 2026


Gurobi 12.0.2 (linux64, gurobi_cl) logging started Tue Jun  9 22:10:59 2026

Set parameter WLSAccessID
Set parameter WLSSecret
Set parameter LicenseID to value 938810
Set parameter LogFile to value "gurobi.log"
Using license file /home/users/a/agma/gurobi.lic
Set parameter WLSAccessID
Set parameter WLSSecret
Set parameter WLSAccessID
Set parameter LicenseID to value 938810
Set parameter WLSSecret

Gurobi 12.0.2 (linux64, gurobi_cl) logging started Tue Jun  9 22:10:59 2026

Set parameter LogFile to value "gurobi.log"
Using license file /home/users/a/agma/gurobi.lic
Set parameter LicenseID to value 938810
Set parameter WLSSecret
Set parameter LogFile to value "gurobi.log"
Set parameter LicenseID to value 938810
Using license file /home/users/a/agma/gurobi.lic
Set parameter LogFile to value "gurobi.log"
Using license file /home/users/a/agma/gurobi.lic
Set parameter LicenseID to value 938810
Set parameter LogFile to value "gurobi.log"
Using license file /home/users/a/agma/gurobi.lic

Gurobi 12.0.2 (linux64, gurobi_cl) logging started Tue Jun  9 22:12:04 2026


Gurobi 12.0.2 (linux64, gurobi_cl) logging started Tue Jun  9 22:12:04 2026

Set parameter WLSAccessID
Set parameter WLSSecret
Set parameter LicenseID to value 938810
Set parameter WLSAccessID
Set parameter WLSSecret
Set parameter LogFile to value "gurobi.log"
Using license file /home/users/a/agma/gurobi.lic
Set parameter LogFile to value "gurobi.log"
Using license file /home/users/a/agma/gurobi.lic

Gurobi 12.0.2 (linux64, gurobi_cl) logging started Tue Jun  9 22:12:04 2026

Set parameter WLSAccessID
Set parameter WLSSecret
Set parameter LicenseID to value 938810

Gurobi 12.0.2 (linux64, gurobi_cl) logging started Tue Jun  9 22:12:04 2026

Set parameter LogFile to value "gurobi.log"
Using license file /home/users/a/agma/gurobi.lic
Set parameter WLSAccessID
Set parameter WLSSecret
Set parameter LicenseID to value 938810
Set parameter LogFile to value "gurobi.log"
Using license file /home/users/a/agma/gurobi.lic

Gurobi 12.0.2 (linux64, gurobi_cl) logging started Tue Jun  9 22:12:04 2026


Gurobi 12.0.2 (linux64, gurobi_cl) logging started Tue Jun  9 22:12:04 2026


Gurobi 12.0.2 (linux64, gurobi_cl) logging started Tue Jun  9 22:12:04 2026

Set parameter WLSAccessID
Set parameter WLSSecret
Set parameter LicenseID to value 938810
Set parameter WLSAccessID
Set parameter WLSSecret
Set parameter LicenseID to value 938810
Set parameter LogFile to value "gurobi.log"
Using license file /home/users/a/agma/gurobi.lic
Set parameter WLSAccessID
Set parameter WLSSecret
Set parameter LogFile to value "gurobi.log"
Using license file /home/users/a/agma/gurobi.lic
Set parameter LicenseID to value 938810
Set parameter LogFile to value "gurobi.log"
Using license file /home/users/a/agma/gurobi.lic

Gurobi 12.0.2 (linux64, gurobi_cl) logging started Tue Jun  9 22:12:25 2026

Set parameter WLSAccessID
Set parameter WLSSecret
Set parameter LicenseID to value 938810
Set parameter LogFile to value "gurobi.log"
Using license file /home/users/a/agma/gurobi.lic

Gurobi 12.0.2 (linux64, gurobi_cl) logging started Tue Jun  9 22:12:25 2026


Gurobi 12.0.2 (linux64, gurobi_cl) logging started Tue Jun  9 22:12:25 2026

Set parameter WLSAccessID
Set parameter WLSSecret
Set parameter LicenseID to value 938810
Set parameter LogFile to value "gurobi.log"
Set parameter WLSAccessID
sers/a/agma/gurobi.lic
Set parameter WLSSecret
Set parameter LicenseID to value 938810
Set parameter LogFile to value "gurobi.log"
Using license file /home/users/a/agma/gurobi.lic

Gurobi 12.0.2 (linux64, gurobi_cl) logging started Tue Jun  9 22:12:26 2026

Set parameter WLSAccessID
Set parameter WLSSecret
Set parameter LicenseID to value 938810
Set parameter LogFile to value "gurobi.log"
Using license file /home/users/a/agma/gurobi.lic

Gurobi 12.0.2 (linux64, gurobi_cl) logging started Tue Jun  9 22:12:48 2026


Gurobi 12.0.2 (linux64, gurobi_cl) logging started Tue Jun  9 22:12:48 2026


Gurobi 12.0.2 (linux64, gurobi_cl) logging started Tue Jun  9 22:12:48 2026

Set parameter WLSAccessID
Set parameter WLSSecret
Set parameter WLSAccessID
Set parameter WLSSecret
Set parameter WLSAccessID
Set parameter LicenseID to value 938810
Set parameter LicenseID to value 938810
Set parameter WLSSecret
Set parameter LicenseID to value 938810
Set parameter LogFile to value "gurobi.log"
Using license file /home/users/a/agma/gurobi.lic
Set parameter LogFile to value "gurobi.log"
Using license file /home/users/a/agma/gurobi.lic
Set parameter LogFile to value "gurobi.log"
Using license file /home/users/a/agma/gurobi.lic

Gurobi 12.0.2 (linux64, gurobi_cl) logging started Tue Jun  9 22:12:53 2026

Set parameter WLSAccessID
Set parameter WLSSecret
Set parameter LicenseID to value 938810
Set parameter LogFile to value "gurobi.log"
Using license file /home/users/a/agma/gurobi.lic

Gurobi 12.0.2 (linux64, gurobi_cl) logging started Tue Jun  9 22:13:15 2026

Set parameter WLSAccessID
Set parameter WLSSecret
Set parameter LicenseID to value 938810
Set parameter LogFile to value "gurobi.log"
Using license file /home/users/a/agma/gurobi.lic

Gurobi 12.0.2 (linux64, gurobi_cl) logging started Tue Jun  9 22:18:24 2026

Set parameter WLSAccessID
Set parameter WLSSecret
Set parameter LicenseID to value 938810
Set parameter LogFile to value "gurobi.log"
Using license file /home/users/a/agma/gurobi.lic

Gurobi 12.0.2 (linux64, gurobi_cl) logging started Tue Jun  9 22:18:45 2026

Set parameter WLSAccessID
Set parameter WLSSecret
Set parameter LicenseID to value 938810
Set parameter LogFile to value "gurobi.log"
Using license file /home/users/a/agma/gurobi.lic

Gurobi 12.0.2 (linux64, gurobi_cl) logging started Tue Jun  9 22:18:46 2026

Set parameter WLSAccessID
Set parameter WLSSecret
Set parameter LicenseID to value 938810
Set parameter LogFile to value "gurobi.log"
Using license file /home/users/a/agma/gurobi.lic

Gurobi 12.0.2 (linux64, gurobi_cl) logging started Tue Jun  9 22:18:46 2026

Set parameter WLSAccessID
Set parameter WLSSecret
Set parameter LicenseID to value 938810
Set parameter LogFile to value "gurobi.log"
Using license file /home/users/a/agma/gurobi.lic

Gurobi 12.0.2 (linux64, gurobi_cl) logging started Tue Jun  9 22:18:46 2026

Set parameter WLSAccessID
Set parameter WLSSecret
Set parameter LicenseID to value 938810
Set parameter LogFile to value "gurobi.log"
Using license file /home/users/a/agma/gurobi.lic

Gurobi 12.0.2 (linux64, gurobi_cl) logging started Tue Jun  9 22:18:46 2026


Gurobi 12.0.2 (linux64, gurobi_cl) logging started Tue Jun  9 22:18:46 2026


Gurobi 12.0.2 (linux64, gurobi_cl) logging started Tue Jun  9 22:18:46 2026

Set parameter WLSAccessID
Set parameter WLSAccessID
Set parameter WLSSecret
Set parameter WLSSecret
Set parameter WLSAccessID
Set parameter LicenseID to value 938810
Set parameter LicenseID to value 938810
Set parameter WLSSecret
Set parameter LogFile to value "gurobi.log"
Using license file /home/users/a/agma/gurobi.lic
Set parameter LicenseID to value 938810
Set parameter LogFile to value "gurobi.log"
Set parameter LogFile to value "gurobi.log"
Using license file /home/users/a/agma/gurobi.lic
Using license file /home/users/a/agma/gurobi.lic

Gurobi 12.0.2 (linux64, gurobi_cl) logging started Tue Jun  9 22:18:46 2026

Set parameter WLSAccessID
Set parameter WLSSecret
Set parameter LicenseID to value 938810
Set parameter LogFile to value "gurobi.log"
Using license file /home/users/a/agma/gurobi.lic

Gurobi 12.0.2 (linux64, gurobi_cl) logging started Tue Jun  9 22:19:03 2026


Gurobi 12.0.2 (linux64, gurobi_cl) logging started Tue Jun  9 22:19:03 2026

Set parameter WLSAccessID
Set parameter WLSSecret
Set parameter LicenseID to value 938810
Set parameter LogFile to value "gurobi.log"
Set parameter WLSAccessID
sers/a/agma/gurobi.lic
Set parameter WLSSecret
Set parameter LicenseID to value 938810
Set parameter LogFile to value "gurobi.log"
Using license file /home/users/a/agma/gurobi.lic

Gurobi 12.0.2 (linux64, gurobi_cl) logging started Tue Jun  9 22:19:04 2026

Set parameter WLSAccessID
Set parameter WLSSecret
Set parameter LicenseID to value 938810
Set parameter LogFile to value "gurobi.log"
Using license file /home/users/a/agma/gurobi.lic

Gurobi 12.0.2 (linux64, gurobi_cl) logging started Tue Jun  9 22:19:04 2026

Set parameter WLSAccessID
Set parameter WLSSecret
Set parameter LicenseID to value 938810
Set parameter LogFile to value "gurobi.log"
Using license file /home/users/a/agma/gurobi.lic

Gurobi 12.0.2 (linux64, gurobi_cl) logging started Tue Jun  9 22:19:05 2026


Gurobi 12.0.2 (linux64, gurobi_cl) logging started Tue Jun  9 22:19:05 2026


Gurobi 12.0.2 (linux64, gurobi_cl) logging started Tue Jun  9 22:19:05 2026


Gurobi 12.0.2 (linux64, gurobi_cl) logging started Tue Jun  9 22:19:05 2026

Set parameter WLSAccessID
Set parameter WLSSecret
Set parameter LicenseID to value 938810
Set parameter LogFile to value "gurobi.log"
Using license file /home/users/a/agma/gurobi.lic
Set parameter WLSAccessID
Set parameter WLSSecret
Set parameter LicenseID to value 938810
Set parameter WLSAccessID
Set parameter WLSAccessID
Set parameter LogFile to value "gurobi.log"
Set parameter WLSSecret
Set parameter WLSSecret
Using license file /home/users/a/agma/gurobi.lic
Set parameter LicenseID to value 938810
Set parameter LicenseID to value 938810
Set parameter LogFile to value "gurobi.log"
Using license file /home/users/a/agma/gurobi.lic
Set parameter LogFile to value "gurobi.log"
Using license file /home/users/a/agma/gurobi.lic

Gurobi 12.0.2 (linux64, gurobi_cl) logging started Tue Jun  9 22:20:16 2026

Set parameter WLSAccessID
Set parameter WLSSecret
Set parameter LicenseID to value 938810
Set parameter LogFile to value "gurobi.log"
Using license file /home/users/a/agma/gurobi.lic

Gurobi 12.0.2 (linux64, gurobi_cl) logging started Tue Jun  9 22:20:17 2026


Gurobi 12.0.2 (linux64, gurobi_cl) logging started Tue Jun  9 22:20:17 2026

Set parameter WLSAccessID
Set parameter WLSAccessID
Set parameter WLSSecret
Set parameter WLSSecret
Set parameter LicenseID to value 938810
Set parameter LicenseID to value 938810
Set parameter LogFile to value "gurobi.log"
Using license file /home/users/a/agma/gurobi.lic
Set parameter LogFile to value "gurobi.log"
Using license file /home/users/a/agma/gurobi.lic

Gurobi 12.0.2 (linux64, gurobi_cl) logging started Tue Jun  9 22:20:31 2026

Set parameter WLSAccessID
Set parameter WLSSecret
Set parameter LicenseID to value 938810
Set parameter LogFile to value "gurobi.log"
Using license file /home/users/a/agma/gurobi.lic

Gurobi 12.0.2 (linux64, gurobi_cl) logging started Tue Jun  9 22:20:32 2026


Gurobi 12.0.2 (linux64, gurobi_cl) logging started Tue Jun  9 22:20:32 2026

Set parameter WLSAccessID
Set parameter WLSAccessID
Set parameter WLSSecret
Set parameter WLSSecret
Set parameter LicenseID to value 938810
Set parameter LicenseID to value 938810
Set parameter LogFile to value "gurobi.log"
Set parameter LogFile to value "gurobi.log"
Using license file /home/users/a/agma/gurobi.lic
Using license file /home/users/a/agma/gurobi.lic

Gurobi 12.0.2 (linux64, gurobi_cl) logging started Tue Jun  9 22:21:17 2026


Gurobi 12.0.2 (linux64, gurobi_cl) logging started Tue Jun  9 22:21:17 2026

Set parameter WLSAccessID
Set parameter WLSSecret
Set parameter LicenseID to value 938810
Set parameter WLSAccessID
Set parameter LogFile to value "gurobi.log"
Set parameter WLSSecret
Using license file /home/users/a/agma/gurobi.lic
Set parameter LicenseID to value 938810
Set parameter LogFile to value "gurobi.log"
Using license file /home/users/a/agma/gurobi.lic

Gurobi 12.0.2 (linux64, gurobi_cl) logging started Tue Jun  9 22:21:17 2026


Gurobi 12.0.2 (linux64, gurobi_cl) logging started Tue Jun  9 22:21:17 2026

Set parameter WLSAccessID
Set parameter WLSSecret
Set parameter WLSAccessID
Set parameter WLSSecret
Set parameter LicenseID to value 938810
Set parameter LicenseID to value 938810
Set parameter LogFile to value "gurobi.log"
Using license file /home/users/a/agma/gurobi.lic
Set parameter LogFile to value "gurobi.log"
Using license file /home/users/a/agma/gurobi.lic

Gurobi 12.0.2 (linux64, gurobi_cl) logging started Tue Jun  9 22:21:17 2026

Set parameter WLSAccessID
Set parameter WLSSecret
Set parameter LicenseID to value 938810
Set parameter LogFile to value "gurobi.log"
Using license file /home/users/a/agma/gurobi.lic

Gurobi 12.0.2 (linux64, gurobi_cl) logging started Tue Jun  9 22:21:37 2026

Set parameter WLSAccessID
Set parameter WLSSecret
Set parameter LicenseID to value 938810
Set parameter LogFile to value "gurobi.log"

Gurobi 12.0.2 (linux64, gurobi_cl) logging started Tue Jun  9 22:21:38 2026

Using license file /home/users/a/agma/gurobi.lic
Set parameter WLSAccessID
Set parameter WLSSecret
Set parameter LicenseID to value 938810
Set parameter LogFile to value "gurobi.log"
Using license file /home/users/a/agma/gurobi.lic

Gurobi 12.0.2 (linux64, gurobi_cl) logging started Tue Jun  9 22:21:38 2026

Set parameter WLSAccessID
Set parameter WLSSecret
Set parameter LicenseID to value 938810
Set parameter LogFile to value "gurobi.log"
Using license file /home/users/a/agma/gurobi.lic

Gurobi 12.0.2 (linux64, gurobi_cl) logging started Tue Jun  9 22:21:38 2026


Gurobi 12.0.2 (linux64, gurobi_cl) logging started Tue Jun  9 22:21:38 2026

Set parameter WLSAccessID
Set parameter WLSSecret
Set parameter LicenseID to value 938810
Set parameter LogFile to value "gurobi.log"
Set parameter WLSAccessID
Set parameter WLSSecret
Using license file /home/users/a/agma/gurobi.lic
Set parameter LicenseID to value 938810
Set parameter LogFile to value "gurobi.log"
Using license file /home/users/a/agma/gurobi.lic

Gurobi 12.0.2 (linux64, gurobi_cl) logging started Tue Jun  9 22:21:46 2026


Gurobi 12.0.2 (linux64, gurobi_cl) logging started Tue Jun  9 22:21:46 2026

Set parameter WLSAccessID
Set parameter WLSSecret
Set parameter LicenseID to value 938810
Set parameter WLSAccessID
Set parameter WLSSecret
Set parameter LogFile to value "gurobi.log"
Set parameter LicenseID to value 938810
Using license file /home/users/a/agma/gurobi.lic
Set parameter LogFile to value "gurobi.log"
Using license file /home/users/a/agma/gurobi.lic

Gurobi 12.0.2 (linux64, gurobi_cl) logging started Tue Jun  9 22:21:47 2026

Set parameter WLSAccessID
Set parameter WLSSecret
Set parameter LicenseID to value 938810
Set parameter LogFile to value "gurobi.log"
Using license file /home/users/a/agma/gurobi.lic

Gurobi 12.0.2 (linux64, gurobi_cl) logging started Tue Jun  9 22:22:09 2026

Set parameter WLSAccessID
Set parameter WLSSecret
Set parameter LicenseID to value 938810
Set parameter LogFile to value "gurobi.log"
Using license file /home/users/a/agma/gurobi.lic

Gurobi 12.0.2 (linux64, gurobi_cl) logging started Tue Jun  9 22:22:09 2026


Gurobi 12.0.2 (linux64, gurobi_cl) logging started Tue Jun  9 22:22:09 2026

Set parameter WLSAccessID
Set parameter WLSSecret
Set parameter LicenseID to value 938810
Set parameter LogFile to value "gurobi.log"
Using license file /home/users/a/agma/gurobi.lic
Set parameter WLSAccessID
Set parameter WLSSecret
Set parameter LicenseID to value 938810
Set parameter LogFile to value "gurobi.log"
Using license file /home/users/a/agma/gurobi.lic

Gurobi 12.0.2 (linux64, gurobi_cl) logging started Tue Jun  9 22:23:15 2026


Gurobi 12.0.2 (linux64, gurobi_cl) logging started Tue Jun  9 22:23:15 2026

Set parameter WLSAccessID
Set parameter WLSSecret
Set parameter LicenseID to value 938810
Set parameter LogFile to value "gurobi.log"
Using license file /home/users/a/agma/gurobi.lic
Set parameter WLSAccessID
Set parameter WLSSecret
Set parameter LicenseID to value 938810
Set parameter LogFile to value "gurobi.log"
Using license file /home/users/a/agma/gurobi.lic
Academic license 938810 - for non-commercial use only - registered to ag___@tu-berlin.de
Academic license 938810 - for non-commercial use only - registered to ag___@tu-berlin.de

Gurobi 12.0.2 (linux64, gurobi_cl) logging started Tue Jun  9 22:23:16 2026

Set parameter WLSAccessID
Set parameter WLSSecret
Set parameter LicenseID to value 938810
Set parameter LogFile to value "gurobi.log"
Using license file /home/users/a/agma/gurobi.lic
Academic license 938810 - for non-commercial use only - registered to ag___@tu-berlin.de

Gurobi 12.0.2 (linux64, gurobi_cl) logging started Tue Jun  9 22:23:16 2026

Set parameter WLSAccessID
Set parameter WLSSecret
Set parameter LicenseID to value 938810
Set parameter LogFile to value "gurobi.log"
Using license file /home/users/a/agma/gurobi.lic
Academic license 938810 - for non-commercial use only - registered to ag___@tu-berlin.de

Gurobi 12.0.2 (linux64, gurobi_cl) logging started Tue Jun  9 22:23:17 2026

Set parameter WLSAccessID
Set parameter WLSSecret
Set parameter LicenseID to value 938810
Set parameter LogFile to value "gurobi.log"
Using license file /home/users/a/agma/gurobi.lic
Academic license 938810 - for non-commercial use only - registered to ag___@tu-berlin.de

Gurobi 12.0.2 (linux64, gurobi_cl) logging started Tue Jun  9 22:23:33 2026


Gurobi 12.0.2 (linux64, gurobi_cl) logging started Tue Jun  9 22:23:33 2026

Set parameter WLSAccessID
Set parameter WLSSecret
Set parameter WLSAccessID
Set parameter LicenseID to value 938810
Set parameter WLSSecret
Set parameter LicenseID to value 938810
Set parameter LogFile to value "gurobi.log"
Using license file /home/users/a/agma/gurobi.lic
Set parameter LogFile to value "gurobi.log"
Using license file /home/users/a/agma/gurobi.lic
Academic license 938810 - for non-commercial use only - registered to ag___@tu-berlin.de
Academic license 938810 - for non-commercial use only - registered to ag___@tu-berlin.de

Gurobi 12.0.2 (linux64, gurobi_cl) logging started Tue Jun  9 22:23:34 2026

Set parameter WLSAccessID
Set parameter WLSSecret
Set parameter LicenseID to value 938810
Set parameter LogFile to value "gurobi.log"
Using license file /home/users/a/agma/gurobi.lic
Academic license 938810 - for non-commercial use only - registered to ag___@tu-berlin.de

Gurobi 12.0.2 (linux64, gurobi_cl) logging started Tue Jun  9 22:23:34 2026

Set parameter WLSAccessID
Set parameter WLSSecret
Set parameter LicenseID to value 938810
Set parameter LogFile to value "gurobi.log"
Using license file /home/users/a/agma/gurobi.lic
Academic license 938810 - for non-commercial use only - registered to ag___@tu-berlin.de

Gurobi 12.0.2 (linux64, gurobi_cl) logging started Tue Jun  9 22:23:35 2026

Set parameter WLSAccessID
Set parameter WLSSecret
Set parameter LicenseID to value 938810
Set parameter LogFile to value "gurobi.log"
Using license file /home/users/a/agma/gurobi.lic
Academic license 938810 - for non-commercial use only - registered to ag___@tu-berlin.de

Gurobi 12.0.2 (linux64, gurobi_cl) logging started Tue Jun  9 22:24:54 2026

Set parameter WLSAccessID
Set parameter WLSSecret
Set parameter LicenseID to value 938810
Set parameter LogFile to value "gurobi.log"
Using license file /home/users/a/agma/gurobi.lic
Academic license 938810 - for non-commercial use only - registered to ag___@tu-berlin.de

Gurobi 12.0.2 (linux64, gurobi_cl) logging started Tue Jun  9 22:25:11 2026

Set parameter WLSAccessID
Set parameter WLSSecret
Set parameter LicenseID to value 938810
Set parameter LogFile to value "gurobi.log"
Using license file /home/users/a/agma/gurobi.lic
Academic license 938810 - for non-commercial use only - registered to ag___@tu-berlin.de

Gurobi 12.0.2 (linux64, gurobi_cl) logging started Tue Jun  9 22:38:44 2026

Set parameter WLSAccessID
Set parameter WLSSecret
Set parameter LicenseID to value 938810
Set parameter LogFile to value "gurobi.log"
Using license file /home/users/a/agma/gurobi.lic
Academic license 938810 - for non-commercial use only - registered to ag___@tu-berlin.de

Gurobi 12.0.2 (linux64, gurobi_cl) logging started Tue Jun  9 22:42:26 2026

Set parameter WLSAccessID
Set parameter WLSSecret
Set parameter LicenseID to value 938810
Set parameter LogFile to value "gurobi.log"
Using license file /home/users/a/agma/gurobi.lic
Academic license 938810 - for non-commercial use only - registered to ag___@tu-berlin.de

Gurobi 12.0.2 (linux64, gurobi_cl) logging started Tue Jun  9 22:43:16 2026


Gurobi 12.0.2 (linux64, gurobi_cl) logging started Tue Jun  9 22:43:16 2026

Set parameter WLSAccessID
Set parameter WLSAccessID
Set parameter WLSSecret
to value 938810
Set parameter LicenseID to value 938810
Set parameter LogFile to value "gurobi.log"
Using license file /home/users/a/agma/gurobi.lic
Set parameter LogFile to value "gurobi.log"
.lic
Using license file /home/users/a/agma/gurobi.lic
Academic license 938810 - for non-commercial use only - registered to ag___@tu-berlin.de
Academic license 938810 - for non-commercial use only - registered to ag___@tu-berlin.de

Gurobi 12.0.2 (linux64, gurobi_cl) logging started Tue Jun  9 22:43:17 2026

Set parameter WLSAccessID
Set parameter WLSSecret
Set parameter LicenseID to value 938810
Set parameter LogFile to value "gurobi.log"
Using license file /home/users/a/agma/gurobi.lic
Academic license 938810 - for non-commercial use only - registered to ag___@tu-berlin.de

Gurobi 12.0.2 (linux64, gurobi_cl) logging started Tue Jun  9 22:43:18 2026


Gurobi 12.0.2 (linux64, gurobi_cl) logging started Tue Jun  9 22:43:18 2026


Gurobi 12.0.2 (linux64, gurobi_cl) logging started Tue Jun  9 22:43:18 2026


Gurobi 12.0.2 (linux64, gurobi_cl) logging started Tue Jun  9 22:43:18 2026

Set parameter WLSAccessID
Set parameter WLSSecret
Set parameter LicenseID to value 938810
Set parameter LogFile to value "gurobi.log"
Using license file /home/users/a/agma/gurobi.lic
Set parameter WLSAccessID
Set parameter WLSSecret
Set parameter WLSAccessID
Set parameter WLSSecret
Set parameter WLSAccessID
Set parameter WLSSecret
Set parameter LicenseID to value 938810
Set parameter LicenseID to value 938810
Set parameter LicenseID to value 938810
Set parameter LogFile to value "gurobi.log"
Set parameter LogFile to value "gurobi.log"
Using license file /home/users/a/agma/gurobi.lic
Set parameter LogFile to value "gurobi.log"
Using license file /home/users/a/agma/gurobi.lic
Using license file /home/users/a/agma/gurobi.lic

Gurobi 12.0.2 (linux64, gurobi_cl) logging started Tue Jun  9 22:43:37 2026

Set parameter WLSAccessID
Set parameter WLSSecret
D
Set parameter WLSSecret
Set parameter LicenseID Set parameter LicenseID to value 938810
Set parameter LicenseID to value 938810
Set parameter LogFile to value "gurobi.log"
Using license file /home/users/a/agma/gurobi.lic
Using license file /home/users/a/agma/gurobi.lic
Academic license 938810 - for non-commercial use only - registered to ag___@tu-berlin.de
Academic license 938810 - for non-commercial use only - registered to ag___@tu-berlin.de

Gurobi 12.0.2 (linux64, gurobi_cl) logging started Tue Jun  9 22:43:38 2026

Set parameter WLSAccessID
Set parameter WLSSecret
Set parameter LicenseID to value 938810
Set parameter LogFile to value "gurobi.log"
Using license file /home/users/a/agma/gurobi.lic
Academic license 938810 - for non-commercial use only - registered to ag___@tu-berlin.de

Gurobi 12.0.2 (linux64, gurobi_cl) logging started Tue Jun  9 22:43:44 2026


Gurobi 12.0.2 (linux64, gurobi_cl) logging started Tue Jun  9 22:43:44 2026

Set parameter WLSAccessID

Gurobi 12.0.2 (linux64, gurobi_cl) logging started Tue Jun  9 22:43:44 2026

Set parameter WLSSecret

Gurobi 12.0.2 (linux64, gurobi_cl) logging started Tue Jun  9 22:43:44 2026

Set parameter LicenseID to value 938810
Set parameter WLSAccessID
Set parameter WLSSecret
Set parameter LogFile to value "gurobi.log"
Set parameter LicenseID to value 938810
Using license file /home/users/a/agma/gurobi.lic
Set parameter LogFile to value "gurobi.log"
Set parameter WLSAccessID
Set parameter WLSSecret
Set parameter WLSAccessID
Using license file /home/users/a/agma/gurobi.lic
Set parameter LicenseID to value 938810
Set parameter WLSSecret
Set parameter LogFile to value "gurobi.log"
Set parameter LicenseID to value 938810
Using license file /home/users/a/agma/gurobi.lic
Set parameter LogFile to value "gurobi.log"
Using license file /home/users/a/agma/gurobi.lic

Gurobi 12.0.2 (linux64, gurobi_cl) logging started Tue Jun  9 22:45:49 2026

Set parameter WLSAccessID
Set parameter WLSSecret
Set parameter LicenseID to value 938810
Set parameter LogFile to value "gurobi.log"
Using license file /home/users/a/agma/gurobi.lic
Academic license 938810 - for non-commercial use only - registered to ag___@tu-berlin.de
Academic license 938810 - for non-commercial use only - registered to ag___@tu-berlin.de

Gurobi 12.0.2 (linux64, gurobi_cl) logging started Tue Jun  9 22:45:49 2026

Set parameter WLSAccessID
Set parameter WLSSecret
Set parameter LicenseID to value 938810
Set parameter LogFile to value "gurobi.log"
Using license file /home/users/a/agma/gurobi.lic
Academic license 938810 - for non-commercial use only - registered to ag___@tu-berlin.de

Gurobi 12.0.2 (linux64, gurobi_cl) logging started Tue Jun  9 22:45:49 2026

Set parameter WLSAccessID
Set parameter WLSSecret
Set parameter LicenseID to value 938810
Set parameter LogFile to value "gurobi.log"
Using license file /home/users/a/agma/gurobi.lic
Academic license 938810 - for non-commercial use only - registered to ag___@tu-berlin.de

Gurobi 12.0.2 (linux64, gurobi_cl) logging started Tue Jun  9 22:45:50 2026


Gurobi 12.0.2 (linux64, gurobi_cl) logging started Tue Jun  9 22:45:50 2026


Gurobi 12.0.2 (linux64, gurobi_cl) logging started Tue Jun  9 22:45:50 2026

Set parameter WLSAccessID
Set parameter WLSSecret
Set parameter LicenseID to value 938810
Set parameter WLSAccessID
Set parameter WLSSecret
Set parameter LogFile to value "gurobi.log"
Set parameter WLSAccessID
Set parameter LicenseID to value 938810
Using license file /home/users/a/agma/gurobi.lic
Set parameter WLSSecret
Set parameter LogFile to value "gurobi.log"
Set parameter LicenseID to value 938810
Using license file /home/users/a/agma/gurobi.lic
Set parameter LogFile to value "gurobi.log"

Gurobi 12.0.2 (linux64, gurobi_cl) logging started Tue Jun  9 22:45:50 2026

Using license file /home/users/a/agma/gurobi.lic
Set parameter WLSAccessID
Set parameter WLSSecret
Set parameter LicenseID to value 938810
Set parameter LogFile to value "gurobi.log"
Using license file /home/users/a/agma/gurobi.lic

Gurobi 12.0.2 (linux64, gurobi_cl) logging started Tue Jun  9 22:46:07 2026

Set parameter WLSAccessID
Set parameter WLSSecret
Set parameter LicenseID to value 938810
Set parameter LogFile to value "gurobi.log"
Set parameter LogFile to value "gurobi.log"
Using license file /home/users/a/agma/gurobi.lic
Using license file /home/users/a/agma/gurobi.lic
Academic license 938810 - for non-commercial use only - registered to ag___@tu-berlin.de
Academic license 938810 - for non-commercial use only - registered to ag___@tu-berlin.de

Gurobi 12.0.2 (linux64, gurobi_cl) logging started Tue Jun  9 22:46:07 2026

Set parameter WLSAccessID
Set parameter WLSSecret
Set parameter LicenseID to value 938810
Set parameter LogFile to value "gurobi.log"
Using license file /home/users/a/agma/gurobi.lic
Academic license 938810 - for non-commercial use only - registered to ag___@tu-berlin.de

Gurobi 12.0.2 (linux64, gurobi_cl) logging started Tue Jun  9 22:46:11 2026


Gurobi 12.0.2 (linux64, gurobi_cl) logging started Tue Jun  9 22:46:11 2026


Gurobi 12.0.2 (linux64, gurobi_cl) logging started Tue Jun  9 22:46:11 2026


Gurobi 12.0.2 (linux64, gurobi_cl) logging started Tue Jun  9 22:46:11 2026

Set parameter WLSAccessID
Set parameter WLSSecret
Set parameter LicenseID to value 938810
Set parameter LogFile to value "gurobi.log"
Using license file /home/users/a/agma/gurobi.lic
Set parameter WLSAccessID
Set parameter WLSSecret
Set parameter WLSAccessID
Set parameter LicenseID to value 938810
Set parameter WLSAccessID
Set parameter WLSSecret
Set parameter LogFile to value "gurobi.log"
Set parameter WLSSecret
Set parameter LicenseID to value 938810
Using license file /home/users/a/agma/gurobi.lic
Set parameter LicenseID to value 938810
Set parameter LogFile to value "gurobi.log"
Set parameter LogFile to value "gurobi.log"
Using license file /home/users/a/agma/gurobi.lic
Using license file /home/users/a/agma/gurobi.lic

Gurobi 12.0.2 (linux64, gurobi_cl) logging started Tue Jun  9 22:53:03 2026

Set parameter WLSAccessID
Set parameter WLSSecret
Set parameter LicenseID to value 938810
Set parameter LogFile to value "gurobi.log"
Using license file /home/users/a/agma/gurobi.lic
Academic license 938810 - for non-commercial use only - registered to ag___@tu-berlin.de

Gurobi 12.0.2 (linux64, gurobi_cl) logging started Tue Jun  9 22:59:42 2026

Set parameter WLSAccessID
Set parameter WLSSecret
Set parameter LicenseID to value 938810
Set parameter LogFile to value "gurobi.log"
Using license file /home/users/a/agma/gurobi.lic
Academic license 938810 - for non-commercial use only - registered to ag___@tu-berlin.de

Gurobi 12.0.2 (linux64, gurobi_cl) logging started Tue Jun  9 23:00:20 2026


Gurobi 12.0.2 (linux64, gurobi_cl) logging started Tue Jun  9 23:00:20 2026


Gurobi 12.0.2 (linux64, gurobi_cl) logging started Tue Jun  9 23:00:20 2026


Gurobi 12.0.2 (linux64, gurobi_cl) logging started Tue Jun  9 23:00:20 2026


Gurobi 12.0.2 (linux64, gurobi_cl) logging started Tue Jun  9 23:00:20 2026


Gurobi 12.0.2 (linux64, gurobi_cl) logging started Tue Jun  9 23:00:20 2026

Set parameter WLSAccessID
Set parameter WLSSecret
D
Set parameter WLSSecret
Set parameter LicenseID to value 938810
Set parameter LicenseID to value 938810
Set parameter LicenseID to value 938810
Set parameter LogFile to value "gurobi.log"
Set parameter LogFile to value "gurobi.log"
Using license file /home/users/a/agma/gurobi.lic
Using license file /home/users/a/agma/gurobi.lic
Using license file /home/users/a/agma/gurobi.lic
Set parameter WLSAccessID
Set parameter WLSSecret
Set parameter LicenseID to value 938810
Set parameter LogFile to value "gurobi.log"
Using license file /home/users/a/agma/gurobi.lic
Set parameter WLSAccessID
Set parameter WLSSecret
Academic license 938810 - for non-commercial use only - registered to ag___@tu-berlin.de
Academic license 938810 - Academic license 938810 - for non-commercial use only - registeSet parameter LicenseID to value 938810
Set parameter WLSAccessID
Set parameter WLSSecret
Set parameter LogFile to value "gurobi.log"
Set parameter WLSSecret
Set parameter LicenseID to value 938810
Set parameter LicenseID to value 938810
Using license file /home/users/a/agma/gurobi.lic
Academic license 938810 - for non-commercial use only - registered to ag___@tu-berlin.de
Set parameter LogFile to value "gurobi.log"
Using license file /home/users/a/agma/gurobi.lic
Set parameter LogFile to value "gurobi.log"
Academic license 938810 - for non-commercial use only - registered to ag___@tu-berlin.de
Using license file /home/users/a/agma/gurobi.lic
Academic license 938810 - for non-commercial use only - registered to ag___@tu-berlin.de
Academic license 938810 - for non-commercial use only - registered to ag___@tu-berlin.de

Gurobi 12.0.2 (linux64, gurobi_cl) logging started Tue Jun  9 23:00:21 2026

Set parameter WLSAccessID
Set parameter WLSSecret
Set parameter LicenseID to value 938810
Set parameter LogFile to value "gurobi.log"
Using license file /home/users/a/agma/gurobi.lic

Gurobi 12.0.2 (linux64, gurobi_cl) logging started Tue Jun  9 23:00:42 2026


Gurobi 12.0.2 (linux64, gurobi_cl) logging started Tue Jun  9 23:00:42 2026


Gurobi 12.0.2 (linux64, gurobi_cl) logging started Tue Jun  9 23:00:42 2026

Set parameter WLSAccessID
Set parameter WLSSecret
Set parameter LicenseID to value 938810
Set parameter LogFile to value "gurobi.log"
Set parameter WLSAccessID
Using license file /home/users/a/agma/gurobi.lic
Set parameter WLSSecret
Set parameter LicenseID to value 938810
Set parameter WLSAccessID
alue "gurobi.log"
Using license file /home/users/a/agma/gurobi.lic
Set parameter WLSSecret
Set parameter LicenseID to value 938810
Set parameter LogFile to value "gurobi.log"
Using license file /home/users/a/agma/gurobi.lic
Academic license 938810 - for non-commercial use only - registered to ag___@tu-berlin.de
Academic license 938810 - for non-commercial use only - registered to ag___@tu-berlin.de
Academic license 938810 - for non-commercial use only - registered to ag___@tu-berlin.de

Gurobi 12.0.2 (linux64, gurobi_cl) logging started Tue Jun  9 23:00:42 2026


Gurobi 12.0.2 (linux64, gurobi_cl) logging started Tue Jun  9 23:00:42 2026


Gurobi 12.0.2 (linux64, gurobi_cl) logging started Tue Jun  9 23:00:42 2026


Gurobi 12.0.2 (linux64, gurobi_cl) logging started Tue Jun  9 23:00:42 2026

Set parameter WLSAccessID
Set parameter WLSSecret
Set parameter LicenseID to value 938810
Set parameter LogFile to value "gurobi.log"
Set parameter WLSAccessID
Using license file /home/users/a/agma/gurobi.lic
Set parameter WLSSecret
Set parameter WLSAccessID
Set parameter LicenseID to value 938810
Set parameter WLSSecret
Set parameter WLSAccessID
Set parameter WLSSecret
Set parameter LogFile to value "gurobi.log"
Set parameter LicenseID to value 938810
Set parameter LicenseID to value 938810
Using license file /home/users/a/agma/gurobi.lic
Set parameter LogFile to value "gurobi.log"
Using license file /home/users/a/agma/gurobi.lic
Set parameter LogFile to value "gurobi.log"
Using license file /home/users/a/agma/gurobi.lic
Academic license 938810 - for non-commercial use only - registered to ag___@tu-berlin.de
Academic license 938810 - for non-commercial use only - registered to ag___@tu-berlin.de
Academic license 938810 - for non-commercial use only - registered to ag___@tu-berlin.de
Academic license 938810 - for non-commercial use only - registered to ag___@tu-berlin.de

Gurobi 12.0.2 (linux64, gurobi_cl) logging started Tue Jun  9 23:00:45 2026

Set parameter WLSAccessID
Set parameter WLSSecret
Set parameter LicenseID to value 938810
Set parameter LogFile to value "gurobi.log"
Using license file /home/users/a/agma/gurobi.lic

Gurobi 12.0.2 (linux64, gurobi_cl) logging started Tue Jun  9 23:02:49 2026

Set parameter WLSAccessID
Set parameter WLSSecret
Set parameter LicenseID to value 938810
Set parameter LogFile to value "gurobi.log"
Set parameter LogFile to value "gurobi.log"
Using license file /home/users/a/agma/gurobi.lic
Academic license 938810 - for non-commercial use only - registered to ag___@tu-berlin.de
Academic license 938810 - for non-commercial use only - registered to ag___@tu-berlin.de

Gurobi 12.0.2 (linux64, gurobi_cl) logging started Tue Jun  9 23:02:49 2026

Set parameter WLSAccessID
Set parameter WLSSecret
Set parameter LicenseID to value 938810
Set parameter LogFile to value "gurobi.log"
Using license file /home/users/a/agma/gurobi.lic
Academic license 938810 - for non-commercial use only - registered to ag___@tu-berlin.de

Gurobi 12.0.2 (linux64, gurobi_cl) logging started Tue Jun  9 23:02:50 2026


Gurobi 12.0.2 (linux64, gurobi_cl) logging started Tue Jun  9 23:02:50 2026


Gurobi 12.0.2 (linux64, gurobi_cl) logging started Tue Jun  9 23:02:50 2026


Gurobi 12.0.2 (linux64, gurobi_cl) logging started Tue Jun  9 23:02:50 2026

Set parameter WLSAccessID
Set parameter WLSSecret
Set parameter LicenseID to value 938810
Set parameter LogFile to value "gurobi.log"
Using license file /home/users/a/agma/gurobi.lic
Set parameter WLSAccessID
Set parameter WLSSecret
Set parameter WLSAccessID
Set parameter LicenseID to value 938810
Set parameter WLSSecret
Set parameter LicenseID to value 938810
Set parameter WLSAccessID
Set parameter LogFile to value "gurobi.log"
Academic license 938810 - for non-commercial use only - registered to ag___@tu-berlin.de
Set parameter LogFile to value "gurobi.log"
Set parameter WLSSecret
Using license file /home/users/a/agma/gurobi.lic
Using license file /home/users/a/agma/gurobi.lic
Set parameter LicenseID to value 938810
Set parameter LogFile to value "gurobi.log"
Using license file /home/users/a/agma/gurobi.lic
Academic license 938810 - for non-commercial use only - registered to ag___@tu-berlin.de
Academic license 938810 - for non-commercial use only - registered to ag___@tu-berlin.de
Academic license 938810 - for non-commercial use only - registered to ag___@tu-berlin.de

Gurobi 12.0.2 (linux64, gurobi_cl) logging started Tue Jun  9 23:02:50 2026

Set parameter WLSAccessID
Set parameter WLSSecret
Set parameter LicenseID to value 938810
Set parameter LogFile to value "gurobi.log"
Using license file /home/users/a/agma/gurobi.lic

Gurobi 12.0.2 (linux64, gurobi_cl) logging started Tue Jun  9 23:03:09 2026

Set parameter WLSAccessID
Set parameter WLSSecret
Set parameter LicenseID to value 938810
Set parameter LogFile to value "gurobi.log"
Using license file /home/users/a/agma/gurobi.lic
Academic license 938810 - for non-commercial use only - registered to ag___@tu-berlin.de

Gurobi 12.0.2 (linux64, gurobi_cl) logging started Tue Jun  9 23:03:10 2026

Set parameter WLSAccessID
Set parameter WLSSecret
Set parameter LicenseID to value 938810
Set parameter LogFile to value "gurobi.log"
Using license file /home/users/a/agma/gurobi.lic
Academic license 938810 - for non-commercial use only - registered to ag___@tu-berlin.de

Gurobi 12.0.2 (linux64, gurobi_cl) logging started Tue Jun  9 23:03:10 2026


Gurobi 12.0.2 (linux64, gurobi_cl) logging started Tue Jun  9 23:03:10 2026


Gurobi 12.0.2 (linux64, gurobi_cl) logging started Tue Jun  9 23:03:10 2026


Gurobi 12.0.2 (linux64, gurobi_cl) logging started Tue Jun  9 23:03:10 2026

Set parameter WLSAccessID
Set parameter WLSSecret
Set parameter LicenseID to value 938810
Set parameter LogFile to value "gurobi.log"
Using license file /home/users/a/agma/gurobi.lic
Set parameter WLSAccessID
Set parameter WLSSecret
Set parameter LicenseID to value 938810
Set parameter WLSAccessID
Set parameter WLSAccessID
Set parameter LogFile to value "gurobi.log"
Set parameter WLSSecret
Set parameter WLSSecret
Using license file /home/users/a/agma/gurobi.lic
Set parameter LicenseID to value 938810
Set parameter LicenseID to value 938810
Set parameter LogFile to value "gurobi.log"
Set parameter LogFile to value "gurobi.log"
Using license file /home/users/a/agma/gurobi.lic
Academic license 938810 - for non-commercial use only - registered to ag___@tu-berlin.de
Academic license 938810 - for non-commercial use only - registered to ag___@tu-berlin.de
Using license file /home/users/a/agma/gurobi.lic
Academic license 938810 - for non-commercial use only - registered to ag___@tu-berlin.de
Academic license 938810 - for non-commercial use only - registered to ag___@tu-berlin.de

Gurobi 12.0.2 (linux64, gurobi_cl) logging started Tue Jun  9 23:03:11 2026

Set parameter WLSAccessID
Set parameter WLSSecret
Set parameter LicenseID to value 938810
Set parameter LogFile to value "gurobi.log"
Using license file /home/users/a/agma/gurobi.lic
Academic license 938810 - for non-commercial use only - registered to ag___@tu-berlin.de

Gurobi 12.0.2 (linux64, gurobi_cl) logging started Tue Jun  9 23:03:12 2026

Set parameter WLSAccessID
Set parameter WLSSecret
Set parameter LicenseID to value 938810
Set parameter LogFile to value "gurobi.log"
Using license file /home/users/a/agma/gurobi.lic

Gurobi 12.0.2 (linux64, gurobi_cl) logging started Tue Jun  9 23:04:18 2026

Set parameter WLSAccessID
Set parameter WLSSecret
Set parameter LicenseID to value 938810
Set parameter LogFile to value "gurobi.log"
Using license file /home/users/a/agma/gurobi.lic
Academic license 938810 - for non-commercial use only - registered to ag___@tu-berlin.de

Gurobi 12.0.2 (linux64, gurobi_cl) logging started Tue Jun  9 23:04:31 2026

Set parameter WLSAccessID
Set parameter WLSSecret
Set parameter LicenseID to value 938810
Set parameter LogFile to value "gurobi.log"
Using license file /home/users/a/agma/gurobi.lic
Academic license 938810 - for non-commercial use only - registered to ag___@tu-berlin.de

Gurobi 12.0.2 (linux64, gurobi_cl) logging started Tue Jun  9 23:04:47 2026

Set parameter WLSAccessID
Set parameter WLSSecret
D
Set parameter LicenseID to value 938810
Set parameter LicenseID to value 938810
Set parameter LogFile to value "gurobi.log"
Set parameter LogFile to value "gurobi.log"
Using license file /home/users/a/agma/gurobi.lic
Using license file /home/users/a/agma/gurobi.lic
Academic license 938810 - for non-commercial use only - registered to ag___@tu-berlin.de
Academic license 938810 - for non-commercial use only - registered to ag___@tu-berlin.de

Gurobi 12.0.2 (linux64, gurobi_cl) logging started Tue Jun  9 23:04:48 2026

Set parameter WLSAccessID
Set parameter WLSSecret
Set parameter LicenseID to value 938810
Set parameter LogFile to value "gurobi.log"
Using license file /home/users/a/agma/gurobi.lic
Academic license 938810 - for non-commercial use only - registered to ag___@tu-berlin.de

Gurobi 12.0.2 (linux64, gurobi_cl) logging started Tue Jun  9 23:04:48 2026


Gurobi 12.0.2 (linux64, gurobi_cl) logging started Tue Jun  9 23:04:48 2026


Gurobi 12.0.2 (linux64, gurobi_cl) logging started Tue Jun  9 23:04:48 2026


Gurobi 12.0.2 (linux64, gurobi_cl) logging started Tue Jun  9 23:04:48 2026

Set parameter WLSAccessID
Set parameter WLSSecret
Set parameter LicenseID to value 938810
Set parameter LogFile to value "gurobi.log"
Using license file /home/users/a/agma/gurobi.lic
Set parameter WLSAccessID
Set parameter WLSSecret
Set parameter LicenseID to value 938810
Set parameter WLSAccessID
Set parameter LogFile to value "gurobi.log"
Set parameter WLSSecret
Using license file /home/users/a/agma/gurobi.lic
Set parameter WLSAccessID
Set parameter LicenseID to value 938810
Set parameter WLSSecret
Set parameter LogFile to value "gurobi.log"
Academic license 938810 - for non-commercial use only - registered to ag___@tu-berlin.de
Set parameter LicenseID to value 938810
Academic license 938810 - for non-commercial use only - registered to ag___@tu-berlin.de
Using license file /home/users/a/agma/gurobi.lic
Set parameter LogFile to value "gurobi.log"
Using license file /home/users/a/agma/gurobi.lic
Academic license 938810 - for non-commercial use only - registered to ag___@tu-berlin.de
Academic license 938810 - for non-commercial use only - registered to ag___@tu-berlin.de

Gurobi 12.0.2 (linux64, gurobi_cl) logging started Tue Jun  9 23:05:06 2026

Set parameter WLSAccessID
Set parameter WLSSecret
D
Set parameter LicenseID to value 938810
Set parameter LicenseID to value 938810
Set parameter LogFile to value "gurobi.log"
Using license file /home/users/a/agma/gurobi.lic
Using license file /home/users/a/agma/gurobi.lic
Academic license 938810 - for non-commercial use only - registered to ag___@tu-berlin.de
Academic license 938810 - for non-commercial use only - registered to ag___@tu-berlin.de

Gurobi 12.0.2 (linux64, gurobi_cl) logging started Tue Jun  9 23:05:07 2026

Set parameter WLSAccessID
Set parameter WLSSecret
Set parameter LicenseID to value 938810
Set parameter LogFile to value "gurobi.log"
Using license file /home/users/a/agma/gurobi.lic
Academic license 938810 - for non-commercial use only - registered to ag___@tu-berlin.de

Gurobi 12.0.2 (linux64, gurobi_cl) logging started Tue Jun  9 23:05:07 2026


Gurobi 12.0.2 (linux64, gurobi_cl) logging started Tue Jun  9 23:05:07 2026


Gurobi 12.0.2 (linux64, gurobi_cl) logging started Tue Jun  9 23:05:07 2026


Gurobi 12.0.2 (linux64, gurobi_cl) logging started Tue Jun  9 23:05:07 2026

Set parameter WLSAccessID
Set parameter WLSSecret
Set parameter LicenseID to value 938810
Set parameter LogFile to value "gurobi.log"
Using license file /home/users/a/agma/gurobi.lic
Set parameter WLSAccessID
Set parameter WLSAccessID
Set parameter WLSSecret
Set parameter WLSSecret
Set parameter WLSAccessID
Set parameter LicenseID to value 938810
Set parameter LicenseID to value 938810
Set parameter WLSSecret
Set parameter LogFile to value "gurobi.log"
Set parameter LogFile to value "gurobi.log"
Using license file /home/users/a/agma/gurobi.lic
Set parameter LicenseID to value 938810
Using license file /home/users/a/agma/gurobi.lic
Set parameter LogFile to value "gurobi.log"
Using license file /home/users/a/agma/gurobi.lic
Academic license 938810 - for non-commercial use only - registered to ag___@tu-berlin.de
Academic license 938810 - for non-commercial use only - registered to ag___@tu-berlin.de
Academic license 938810 - for non-commercial use only - registered to ag___@tu-berlin.de
Academic license 938810 - for non-commercial use only - registered to ag___@tu-berlin.de

Gurobi 12.0.2 (linux64, gurobi_cl) logging started Tue Jun  9 23:07:21 2026

Set parameter WLSAccessID
Set parameter WLSSecret
Set parameter LicenseID to value 938810
Set parameter LogFile to value "gurobi.log"
Using license file /home/users/a/agma/gurobi.lic
Academic license 938810 - for non-commercial use only - registered to ag___@tu-berlin.de

Gurobi 12.0.2 (linux64, gurobi_cl) logging started Tue Jun  9 23:07:44 2026

Set parameter WLSAccessID
Set parameter WLSSecret
Set parameter LicenseID to value 938810
Set parameter LogFile to value "gurobi.log"
Using license file /home/users/a/agma/gurobi.lic
Academic license 938810 - for non-commercial use only - registered to ag___@tu-berlin.de

Gurobi 12.0.2 (linux64, gurobi_cl) logging started Tue Jun  9 23:34:37 2026

Set parameter WLSAccessID
Set parameter WLSSecret
Set parameter LicenseID to value 938810
Set parameter LogFile to value "gurobi.log"
Using license file /home/users/a/agma/gurobi.lic
Academic license 938810 - for non-commercial use only - registered to ag___@tu-berlin.de

Gurobi 12.0.2 (linux64, gurobi_cl) logging started Wed Jun 10 00:08:32 2026

Set parameter WLSAccessID
Set parameter WLSSecret
Set parameter LicenseID to value 938810
Set parameter LogFile to value "gurobi.log"
Using license file /home/users/a/agma/gurobi.lic
Academic license 938810 - for non-commercial use only - registered to ag___@tu-berlin.de

Gurobi 12.0.2 (linux64, gurobi_cl) logging started Wed Jun 10 01:31:27 2026

Set parameter WLSAccessID
Set parameter WLSSecret
Set parameter LicenseID to value 938810
Set parameter LogFile to value "gurobi.log"
Using license file /home/users/a/agma/gurobi.lic
Academic license 938810 - for non-commercial use only - registered to ag___@tu-berlin.de

Gurobi 12.0.2 (linux64, gurobi_cl) logging started Wed Jun 10 01:31:57 2026

Set parameter WLSAccessID
Set parameter WLSSecret
Set parameter LicenseID to value 938810
Set parameter LogFile to value "gurobi.log"
Using license file /home/users/a/agma/gurobi.lic
Academic license 938810 - for non-commercial use only - registered to ag___@tu-berlin.de

Gurobi 12.0.2 (linux64, gurobi_cl) logging started Wed Jun 10 01:32:59 2026

Set parameter WLSAccessID
Set parameter WLSSecret
Set parameter LicenseID to value 938810
Set parameter LogFile to value "gurobi.log"
Using license file /home/users/a/agma/gurobi.lic
Academic license 938810 - for non-commercial use only - registered to ag___@tu-berlin.de

Gurobi 12.0.2 (linux64, gurobi_cl) logging started Wed Jun 10 01:50:06 2026

Set parameter WLSAccessID
Set parameter WLSSecret
Set parameter LicenseID to value 938810
Set parameter LogFile to value "gurobi.log"
Using license file /home/users/a/agma/gurobi.lic
Academic license 938810 - for non-commercial use only - registered to ag___@tu-berlin.de

Gurobi 12.0.2 (linux64, gurobi_cl) logging started Wed Jun 10 02:12:28 2026

Set parameter WLSAccessID
Set parameter WLSSecret
Set parameter LicenseID to value 938810
Set parameter LogFile to value "gurobi.log"
Using license file /home/users/a/agma/gurobi.lic
Academic license 938810 - for non-commercial use only - registered to ag___@tu-berlin.de

Gurobi 12.0.2 (linux64, gurobi_cl) logging started Wed Jun 10 02:27:32 2026

Set parameter WLSAccessID
Set parameter WLSSecret
Set parameter LicenseID to value 938810
Set parameter LogFile to value "gurobi.log"
Using license file /home/users/a/agma/gurobi.lic
Academic license 938810 - for non-commercial use only - registered to ag___@tu-berlin.de

Gurobi 12.0.2 (linux64, gurobi_cl) logging started Wed Jun 10 02:27:57 2026


Gurobi 12.0.2 (linux64, gurobi_cl) logging started Wed Jun 10 02:27:57 2026

Set parameter WLSAccessID
Set parameter WLSSecret
Set parameter LicenseID to value 938810
Set parameter WLSAccessID
Set parameter LogFile to value "gurobi.log"
Set parameter WLSSecret
Set parameter LicenseID to value 938810
robi.lic
Set parameter LogFile to value "gurobi.log"
Using license file /home/users/a/agma/gurobi.lic
Academic license 938810 - for non-commercial use only - registered to ag___@tu-berlin.de

Gurobi 12.0.2 (linux64, gurobi_cl) logging started Wed Jun 10 02:27:57 2026

Set parameter WLSAccessID
Set parameter WLSSecret
Set parameter LicenseID to value 938810
Set parameter LogFile to value "gurobi.log"
Using license file /home/users/a/agma/gurobi.lic
Academic license 938810 - for non-commercial use only - registered to ag___@tu-berlin.de

Gurobi 12.0.2 (linux64, gurobi_cl) logging started Wed Jun 10 02:27:58 2026

Set parameter WLSAccessID
Set parameter WLSSecret
Set parameter LicenseID to value 938810
Set parameter LogFile to value "gurobi.log"
Using license file /home/users/a/agma/gurobi.lic
Academic license 938810 - for non-commercial use only - registered to ag___@tu-berlin.de

Gurobi 12.0.2 (linux64, gurobi_cl) logging started Wed Jun 10 02:28:06 2026


Gurobi 12.0.2 (linux64, gurobi_cl) logging started Wed Jun 10 02:28:06 2026


Gurobi 12.0.2 (linux64, gurobi_cl) logging started Wed Jun 10 02:28:06 2026


Gurobi 12.0.2 (linux64, gurobi_cl) logging started Wed Jun 10 02:28:06 2026

Set parameter WLSAccessID
Set parameter WLSSecret
Set parameter LicenseID to value 938810
Set parameter LogFile to value "gurobi.log"
Using license file /home/users/a/agma/gurobi.lic
Set parameter WLSAccessID
Set parameter WLSSecret
Set parameter LicenseID to value 938810
Set parameter LogFile to value "gurobi.log"
Using license file /home/users/a/agma/gurobi.lic
Set parameter WLSAccessID
Set parameter WLSSecret
Set parameter LicenseID to value 938810
Set parameter WLSAccessID
Set parameter LogFile to value "gurobi.log"
Set parameter WLSSecret
Using license file /home/users/a/agma/gurobi.lic
Set parameter LicenseID to value 938810
Set parameter LogFile to value "gurobi.log"
Using license file /home/users/a/agma/gurobi.lic

Gurobi 12.0.2 (linux64, gurobi_cl) logging started Wed Jun 10 02:28:19 2026

Set parameter WLSAccessID
Set parameter WLSSecret
Set parameter LicenseID to value 938810
Set parameter LogFile to value "gurobi.log"
Using license file /home/users/a/agma/gurobi.lic
Set parameter LogFile to value "gurobi.log"
Using license file /home/users/a/agma/gurobi.lic
Academic license 938810 - for non-commercial use only - registered to ag___@tu-berlin.de
Academic license 938810 - for non-commercial use only - registered to ag___@tu-berlin.de

Gurobi 12.0.2 (linux64, gurobi_cl) logging started Wed Jun 10 02:28:20 2026

Set parameter WLSAccessID
Set parameter WLSSecret
Set parameter LicenseID to value 938810
Set parameter LogFile to value "gurobi.log"
Using license file /home/users/a/agma/gurobi.lic
Academic license 938810 - for non-commercial use only - registered to ag___@tu-berlin.de

Gurobi 12.0.2 (linux64, gurobi_cl) logging started Wed Jun 10 02:28:21 2026

Set parameter WLSAccessID
Set parameter WLSSecret
Set parameter LicenseID to value 938810
Set parameter LogFile to value "gurobi.log"
Using license file /home/users/a/agma/gurobi.lic
Academic license 938810 - for non-commercial use only - registered to ag___@tu-berlin.de

Gurobi 12.0.2 (linux64, gurobi_cl) logging started Wed Jun 10 02:28:36 2026


Gurobi 12.0.2 (linux64, gurobi_cl) logging started Wed Jun 10 02:28:36 2026

Set parameter WLSAccessID
Set parameter WLSSecret
Set parameter LicenseID to value 938810
Set parameter WLSAccessID
Set parameter LogFile to value "gurobi.log"
Set parameter WLSSecret
Using license file /home/users/a/agma/gurobi.lic
Set parameter LicenseID to value 938810
Set parameter LogFile to value "gurobi.log"
Using license file /home/users/a/agma/gurobi.lic

Gurobi 12.0.2 (linux64, gurobi_cl) logging started Wed Jun 10 02:28:36 2026

Set parameter WLSAccessID
Set parameter WLSSecret
Set parameter LicenseID to value 938810
Set parameter LogFile to value "gurobi.log"
Using license file /home/users/a/agma/gurobi.lic

Gurobi 12.0.2 (linux64, gurobi_cl) logging started Wed Jun 10 02:28:36 2026

Set parameter WLSAccessID
Set parameter WLSSecret
Set parameter LicenseID to value 938810
Set parameter LogFile to value "gurobi.log"
Using license file /home/users/a/agma/gurobi.lic

Gurobi 12.0.2 (linux64, gurobi_cl) logging started Wed Jun 10 02:30:26 2026

Set parameter WLSAccessID
Set parameter WLSSecret
Set parameter LicenseID to value 938810
Set parameter LogFile to value "gurobi.log"
Using license file /home/users/a/agma/gurobi.lic
Academic license 938810 - for non-commercial use only - registered to ag___@tu-berlin.de

Gurobi 12.0.2 (linux64, gurobi_cl) logging started Wed Jun 10 02:30:27 2026

Set parameter WLSAccessID
Set parameter WLSSecret
Set parameter LicenseID to value 938810
Set parameter LogFile to value "gurobi.log"
Using license file /home/users/a/agma/gurobi.lic
Academic license 938810 - for non-commercial use only - registered to ag___@tu-berlin.de

Gurobi 12.0.2 (linux64, gurobi_cl) logging started Wed Jun 10 02:30:27 2026


Gurobi 12.0.2 (linux64, gurobi_cl) logging started Wed Jun 10 02:30:27 2026

Set parameter WLSAccessID
Set parameter WLSSecret
Set parameter LicenseID to value 938810
Set parameter LogFile to value "gurobi.log"
Set parameter WLSAccessID
Using license file /home/users/a/agma/gurobi.lic
Set parameter WLSSecret
Set parameter LicenseID to value 938810
Set parameter LogFile to value "gurobi.log"
Using license file /home/users/a/agma/gurobi.lic
Academic license 938810 - for non-commercial use only - registered to ag___@tu-berlin.de
Academic license 938810 - for non-commercial use only - registered to ag___@tu-berlin.de

Gurobi 12.0.2 (linux64, gurobi_cl) logging started Wed Jun 10 02:30:29 2026


Gurobi 12.0.2 (linux64, gurobi_cl) logging started Wed Jun 10 02:30:29 2026


Gurobi 12.0.2 (linux64, gurobi_cl) logging started Wed Jun 10 02:30:29 2026


Gurobi 12.0.2 (linux64, gurobi_cl) logging started Wed Jun 10 02:30:29 2026

Set parameter WLSAccessID
Set parameter WLSSecret
Set parameter LicenseID to value 938810
Set parameter LogFile to value "gurobi.log"
Using license file /home/users/a/agma/gurobi.lic
Set parameter WLSAccessID
Set parameter WLSSecret
Set parameter LicenseID to value 938810
Set parameter WLSAccessID
Set parameter LogFile to value "gurobi.log"
Using license file /home/users/a/agma/gurobi.lic
Set parameter WLSSecret
Set parameter LicenseID to value 938810
Set parameter LogFile to value "gurobi.log"
Using license file /home/users/a/agma/gurobi.lic
Set parameter WLSAccessID
Set parameter WLSSecret
Set parameter LicenseID to value 938810
Set parameter LogFile to value "gurobi.log"
Using license file /home/users/a/agma/gurobi.lic

Gurobi 12.0.2 (linux64, gurobi_cl) logging started Wed Jun 10 02:30:47 2026

Set parameter WLSAccessID
Set parameter WLSSecret
Set parameter LicenseID to value 938810
Set parameter LogFile to value "gurobi.log"
Using license file /home/users/a/agma/gurobi.lic
Academic license 938810 - for non-commercial use only - registered to ag___@tu-berlin.de

Gurobi 12.0.2 (linux64, gurobi_cl) logging started Wed Jun 10 02:30:47 2026

Set parameter WLSAccessID
Set parameter WLSSecret
Set parameter LicenseID to value 938810
Set parameter LogFile to value "gurobi.log"
Using license file /home/users/a/agma/gurobi.lic
ed Wed Jun 10 02:30:47 2026

Academic license 938810 - for non-commercial use only - registered to ag___@tu-berlin.de
Set parameter WLSAccessID
Set parameter WLSSecret
Set parameter LicenseID to value 938810
Set parameter LogFile to value "gurobi.log"
Using license file /home/users/a/agma/gurobi.lic
Academic license 938810 - for non-commercial use only - registered to ag___@tu-berlin.de

Gurobi 12.0.2 (linux64, gurobi_cl) logging started Wed Jun 10 02:30:47 2026

Set parameter WLSAccessID
Set parameter WLSSecret
Set parameter LicenseID to value 938810
Set parameter LogFile to value "gurobi.log"
Using license file /home/users/a/agma/gurobi.lic
Academic license 938810 - for non-commercial use only - registered to ag___@tu-berlin.de

Gurobi 12.0.2 (linux64, gurobi_cl) logging started Wed Jun 10 02:31:08 2026

Set parameter WLSAccessID
Set parameter WLSSecret
Set parameter LicenseID to value 938810
Set parameter LogFile to value "gurobi.log"
Using license file /home/users/a/agma/gurobi.lic

Gurobi 12.0.2 (linux64, gurobi_cl) logging started Wed Jun 10 02:31:09 2026

Set parameter WLSAccessID
Set parameter WLSSecret
Set parameter LicenseID to value 938810
Set parameter LogFile to value "gurobi.log"
Using license file /home/users/a/agma/gurobi.lic

Gurobi 12.0.2 (linux64, gurobi_cl) logging started Wed Jun 10 02:31:09 2026

Set parameter WLSAccessID
Set parameter WLSSecret
Set parameter LicenseID to value 938810
Set parameter LogFile to value "gurobi.log"
Using license file /home/users/a/agma/gurobi.lic

Gurobi 12.0.2 (linux64, gurobi_cl) logging started Wed Jun 10 02:31:09 2026

Set parameter WLSAccessID
Set parameter WLSSecret
Set parameter LicenseID to value 938810
Set parameter LogFile to value "gurobi.log"
Using license file /home/users/a/agma/gurobi.lic

Gurobi 12.0.2 (linux64, gurobi_cl) logging started Wed Jun 10 02:31:55 2026

Set parameter WLSAccessID
Set parameter WLSSecret
Set parameter LicenseID to value 938810
Set parameter LogFile to value "gurobi.log"
Using license file /home/users/a/agma/gurobi.lic
Academic license 938810 - for non-commercial use only - registered to ag___@tu-berlin.de

Gurobi 12.0.2 (linux64, gurobi_cl) logging started Wed Jun 10 02:31:58 2026

Set parameter WLSAccessID
Set parameter WLSSecret
Set parameter LicenseID to value 938810
Set parameter LogFile to value "gurobi.log"
Using license file /home/users/a/agma/gurobi.lic
Academic license 938810 - for non-commercial use only - registered to ag___@tu-berlin.de

Gurobi 12.0.2 (linux64, gurobi_cl) logging started Wed Jun 10 02:31:58 2026

Set parameter WLSAccessID
Set parameter WLSSecret
Set parameter LicenseID to value 938810
Set parameter LogFile to value "gurobi.log"
Using license file /home/users/a/agma/gurobi.lic
Academic license 938810 - for non-commercial use only - registered to ag___@tu-berlin.de

Gurobi 12.0.2 (linux64, gurobi_cl) logging started Wed Jun 10 02:31:58 2026

Set parameter WLSAccessID
Set parameter WLSSecret
Set parameter LicenseID to value 938810
Set parameter LogFile to value "gurobi.log"
Using license file /home/users/a/agma/gurobi.lic
Academic license 938810 - for non-commercial use only - registered to ag___@tu-berlin.de

Gurobi 12.0.2 (linux64, gurobi_cl) logging started Wed Jun 10 02:32:14 2026

Set parameter WLSAccessID
Set parameter WLSSecret
Set parameter LicenseID to value 938810
Set parameter LogFile to value "gurobi.log"
Using license file /home/users/a/agma/gurobi.lic
Academic license 938810 - for non-commercial use only - registered to ag___@tu-berlin.de

Gurobi 12.0.2 (linux64, gurobi_cl) logging started Wed Jun 10 02:32:15 2026

Set parameter WLSAccessID
Set parameter WLSSecret
Set parameter LicenseID to value 938810
Set parameter LogFile to value "gurobi.log"
Using license file /home/users/a/agma/gurobi.lic
Academic license 938810 - for non-commercial use only - registered to ag___@tu-berlin.de

Gurobi 12.0.2 (linux64, gurobi_cl) logging started Wed Jun 10 02:32:16 2026

Set parameter WLSAccessID
Set parameter WLSSecret
Set parameter LicenseID to value 938810
Set parameter LogFile to value "gurobi.log"
Using license file /home/users/a/agma/gurobi.lic
Academic license 938810 - for non-commercial use only - registered to ag___@tu-berlin.de

Gurobi 12.0.2 (linux64, gurobi_cl) logging started Wed Jun 10 02:32:16 2026

Set parameter WLSAccessID
Set parameter WLSSecret
Set parameter LicenseID to value 938810
Set parameter LogFile to value "gurobi.log"
Using license file /home/users/a/agma/gurobi.lic
Academic license 938810 - for non-commercial use only - registered to ag___@tu-berlin.de

Gurobi 12.0.2 (linux64, gurobi_cl) logging started Wed Jun 10 02:32:38 2026


Gurobi 12.0.2 (linux64, gurobi_cl) logging started Wed Jun 10 02:32:38 2026


Gurobi 12.0.2 (linux64, gurobi_cl) logging started Wed Jun 10 02:32:38 2026


Gurobi 12.0.2 (linux64, gurobi_cl) logging started Wed Jun 10 02:32:38 2026

Set parameter WLSAccessID
Set parameter WLSSecret
Set parameter LicenseID to value 938810
Set parameter WLSAccessID
Set parameter WLSSecret
Set parameter LogFile to value "gurobi.log"
Using license file /home/users/a/agma/gurobi.lic
Set parameter LicenseID to value 938810
Set parameter LogFile to value "gurobi.log"
Using license file /home/users/a/agma/gurobi.lic
Set parameter WLSAccessID
Set parameter WLSSecret
Set parameter LicenseID to value 938810
Set parameter WLSAccessID
Set parameter LogFile to value "gurobi.log"
Using license file /home/users/a/agma/gurobi.lic
Set parameter WLSSecret
Academic license 938810 - for non-commercial use only - registered to ag___@tu-berlin.de
Academic license 938810 - for non-commercial use only - registered to ag___@tu-berlin.de
Set parameter LicenseID to value 938810
Academic license 938810 - for non-commercial use only - registered to ag___@tu-berlin.de
Set parameter LogFile to value "gurobi.log"
Using license file /home/users/a/agma/gurobi.lic
Academic license 938810 - for non-commercial use only - registered to ag___@tu-berlin.de

Gurobi 12.0.2 (linux64, gurobi_cl) logging started Wed Jun 10 02:33:07 2026


Gurobi 12.0.2 (linux64, gurobi_cl) logging started Wed Jun 10 02:33:07 2026


Gurobi 12.0.2 (linux64, gurobi_cl) logging started Wed Jun 10 02:33:07 2026


Gurobi 12.0.2 (linux64, gurobi_cl) logging started Wed Jun 10 02:33:07 2026

Set parameter WLSAccessID
Set parameter WLSSecret
Set parameter WLSAccessID
Set parameter WLSSecret
Set parameter WLSAccessID
Set parameter LicenseID to value 938810
Set parameter WLSAccessID
Set parameter WLSSecret
Set parameter LicenseID to value 938810
Set parameter WLSSecret
Set parameter LogFile to value "gurobi.log"
Set parameter LicenseID to value 938810
Set parameter LogFile to value "gurobi.log"
Using license file /home/users/a/agma/gurobi.lic
Set parameter LicenseID to value 938810
Using license file /home/users/a/agma/gurobi.lic
Set parameter LogFile to value "gurobi.log"
Using license file /home/users/a/agma/gurobi.lic
Set parameter LogFile to value "gurobi.log"
Using license file /home/users/a/agma/gurobi.lic
Academic license 938810 - for non-commercial use only - registered to ag___@tu-berlin.de
Academic license 938810 - for non-commercial use only - registered to ag___@tu-berlin.de
Academic license 938810 - for non-commercial use only - registered to ag___@tu-berlin.de
Academic license 938810 - for non-commercial use only - registered to ag___@tu-berlin.de

Gurobi 12.0.2 (linux64, gurobi_cl) logging started Wed Jun 10 02:34:15 2026

Set parameter WLSAccessID
Set parameter WLSSecret
Set parameter LicenseID to value 938810
Set parameter LogFile to value "gurobi.log"
Using license file /home/users/a/agma/gurobi.lic

Gurobi 12.0.2 (linux64, gurobi_cl) logging started Wed Jun 10 02:34:15 2026

Set parameter WLSAccessID
Set parameter WLSSecret
Set parameter LicenseID to value 938810
Set parameter LogFile to value "gurobi.log"
Using license file /home/users/a/agma/gurobi.lic

Gurobi 12.0.2 (linux64, gurobi_cl) logging started Wed Jun 10 02:34:37 2026

Set parameter WLSAccessID
Set parameter WLSSecret
Set parameter LicenseID to value 938810
Set parameter LogFile to value "gurobi.log"
Using license file /home/users/a/agma/gurobi.lic

Gurobi 12.0.2 (linux64, gurobi_cl) logging started Wed Jun 10 02:34:37 2026

Set parameter WLSAccessID
Set parameter WLSSecret
Set parameter LicenseID to value 938810
Set parameter LogFile to value "gurobi.log"
Using license file /home/users/a/agma/gurobi.lic

Gurobi 12.0.2 (linux64, gurobi_cl) logging started Wed Jun 10 10:29:34 2026

Set parameter WLSAccessID
Set parameter WLSSecret
Set parameter LicenseID to value 938810
Set parameter LogFile to value "gurobi.log"
Using license file /home/users/a/agma/gurobi.lic
Academic license 938810 - for non-commercial use only - registered to ag___@tu-berlin.de

Gurobi 12.0.2 (linux64, gurobi_cl) logging started Wed Jun 10 10:29:57 2026

Set parameter WLSAccessID
Set parameter WLSSecret
Set parameter LicenseID to value 938810
Set parameter LicenseID to value 938810
Set parameter LogFile to value "gurobi.log"
Using license file /home/users/a/agma/gurobi.lic
Using license file /home/users/a/agma/gurobi.lic
Academic license 938810 - for non-commercial use only - registered to ag___@tu-berlin.de
Academic license 938810 - for non-commercial use only - registered to ag___@tu-berlin.de

Gurobi 12.0.2 (linux64, gurobi_cl) logging started Wed Jun 10 10:29:57 2026

Set parameter WLSAccessID
Set parameter WLSSecret
Set parameter LicenseID to value 938810
Set parameter LogFile to value "gurobi.log"
Using license file /home/users/a/agma/gurobi.lic
Academic license 938810 - for non-commercial use only - registered to ag___@tu-berlin.de

Gurobi 12.0.2 (linux64, gurobi_cl) logging started Wed Jun 10 10:30:02 2026


Gurobi 12.0.2 (linux64, gurobi_cl) logging started Wed Jun 10 10:30:02 2026

Set parameter WLSAccessID
Set parameter WLSSecret
Set parameter LicenseID to value 938810
Set parameter LogFile to value "gurobi.log"
Using license file /home/users/a/agma/gurobi.lic
Set parameter WLSAccessID
Set parameter WLSSecret
Set parameter LicenseID to value 938810
Set parameter LogFile to value "gurobi.log"
Using license file /home/users/a/agma/gurobi.lic
Academic license 938810 - for non-commercial use only - registered to ag___@tu-berlin.de
Academic license 938810 - for non-commercial use only - registered to ag___@tu-berlin.de

Gurobi 12.0.2 (linux64, gurobi_cl) logging started Wed Jun 10 10:30:02 2026

Set parameter WLSAccessID
Set parameter WLSSecret
Set parameter LicenseID to value 938810
Set parameter LogFile to value "gurobi.log"
Using license file /home/users/a/agma/gurobi.lic
Academic license 938810 - for non-commercial use only - registered to ag___@tu-berlin.de

Gurobi 12.0.2 (linux64, gurobi_cl) logging started Wed Jun 10 10:30:02 2026

Set parameter WLSAccessID
Set parameter WLSSecret
Set parameter LicenseID to value 938810
Set parameter LogFile to value "gurobi.log"
Using license file /home/users/a/agma/gurobi.lic
Academic license 938810 - for non-commercial use only - registered to ag___@tu-berlin.de

Gurobi 12.0.2 (linux64, gurobi_cl) logging started Wed Jun 10 10:30:18 2026

Set parameter WLSAccessID
Set parameter WLSSecret
Set parameter LicenseID to value 938810
Set parameter LogFile to value "gurobi.log"
Using license file /home/users/a/agma/gurobi.lic

Gurobi 12.0.2 (linux64, gurobi_cl) logging started Wed Jun 10 10:30:19 2026

Set parameter WLSAccessID
Set parameter WLSSecret
Set parameter LicenseID to value 938810
Set parameter LogFile to value "gurobi.log"
Using license file /home/users/a/agma/gurobi.lic
Academic license 938810 - for non-commercial use only - registered to ag___@tu-berlin.de

Gurobi 12.0.2 (linux64, gurobi_cl) logging started Wed Jun 10 10:30:19 2026

Set parameter WLSAccessID
Set parameter WLSSecret
Set parameter LicenseID to value 938810
Set parameter LogFile to value "gurobi.log"
Using license file /home/users/a/agma/gurobi.lic

Gurobi 12.0.2 (linux64, gurobi_cl) logging started Wed Jun 10 10:30:19 2026

Academic license 938810 - for non-commercial use only - registered to ag___@tu-berlin.de
Set parameter WLSAccessID
Set parameter WLSSecret
Set parameter LicenseID to value 938810
Set parameter LogFile to value "gurobi.log"
Using license file /home/users/a/agma/gurobi.lic
Academic license 938810 - for non-commercial use only - registered to ag___@tu-berlin.de

Gurobi 12.0.2 (linux64, gurobi_cl) logging started Wed Jun 10 10:30:35 2026


Gurobi 12.0.2 (linux64, gurobi_cl) logging started Wed Jun 10 10:30:35 2026

Set parameter WLSAccessID
Set parameter WLSSecret
Set parameter LicenseID to value 938810
Set parameter LogFile to value "gurobi.log"
Set parameter WLSAccessID
Using license file /home/users/a/agma/gurobi.lic
Set parameter WLSSecret
Set parameter LicenseID to value 938810
Set parameter LogFile to value "gurobi.log"
Using license file /home/users/a/agma/gurobi.lic
Academic license 938810 - for non-commercial use only - registered to ag___@tu-berlin.de
Academic license 938810 - for non-commercial use only - registered to ag___@tu-berlin.de

Gurobi 12.0.2 (linux64, gurobi_cl) logging started Wed Jun 10 10:30:35 2026

Set parameter WLSAccessID
Set parameter WLSSecret
Set parameter LicenseID to value 938810
Set parameter LogFile to value "gurobi.log"
Using license file /home/users/a/agma/gurobi.lic
Academic license 938810 - for non-commercial use only - registered to ag___@tu-berlin.de

Gurobi 12.0.2 (linux64, gurobi_cl) logging started Wed Jun 10 10:30:35 2026

Set parameter WLSAccessID
Set parameter WLSSecret
Set parameter LicenseID to value 938810
Set parameter LogFile to value "gurobi.log"
Using license file /home/users/a/agma/gurobi.lic
Academic license 938810 - for non-commercial use only - registered to ag___@tu-berlin.de

Gurobi 12.0.2 (linux64, gurobi_cl) logging started Wed Jun 10 10:30:39 2026

Set parameter WLSAccessID
Set parameter WLSSecret
Set parameter LicenseID to value 938810
Set parameter LogFile to value "gurobi.log"
Using license file /home/users/a/agma/gurobi.lic

Gurobi 12.0.2 (linux64, gurobi_cl) logging started Wed Jun 10 10:31:25 2026

Set parameter WLSAccessID
Set parameter WLSAccessID
Set parameter WLSSecret
to value 938810
Set parameter LicenseID to value 938810
Set parameter LogFile to value "gurobi.log"
Using license file /home/users/a/agma/gurobi.lic
Using license file /home/users/a/agma/gurobi.lic
Academic license 938810 - for non-commercial use only - registered to ag___@tu-berlin.de
Academic license 938810 - for non-commercial use only - registered to ag___@tu-berlin.de

Gurobi 12.0.2 (linux64, gurobi_cl) logging started Wed Jun 10 10:31:42 2026

Set parameter WLSAccessID
Set parameter WLSAccessID
Set parameter WLSSecret
to value 938810
Set parameter LicenseID to value 938810
Set parameter LogFile to value "gurobi.log"
Using license file /home/users/a/agma/gurobi.lic
Using license file /home/users/a/agma/gurobi.lic
Academic license 938810 - for non-commercial use only - registered to ag___@tu-berlin.de
Academic license 938810 - for non-commercial use only - registered to ag___@tu-berlin.de

Gurobi 12.0.2 (linux64, gurobi_cl) logging started Wed Jun 10 10:32:07 2026

Set parameter WLSAccessID
Set parameter WLSSecret
Set parameter LicenseID to value 938810
Set parameter LogFile to value "gurobi.log"
Using license file /home/users/a/agma/gurobi.lic
Academic license 938810 - for non-commercial use only - registered to ag___@tu-berlin.de

Gurobi 12.0.2 (linux64, gurobi_cl) logging started Wed Jun 10 10:32:10 2026


Gurobi 12.0.2 (linux64, gurobi_cl) logging started Wed Jun 10 10:32:10 2026


Gurobi 12.0.2 (linux64, gurobi_cl) logging started Wed Jun 10 10:32:10 2026


Gurobi 12.0.2 (linux64, gurobi_cl) logging started Wed Jun 10 10:32:10 2026

Set parameter WLSAccessID
Set parameter WLSSecret
Set parameter LicenseID to value 938810
Set parameter LogFile to value "gurobi.log"
Using license file /home/users/a/agma/gurobi.lic
Set parameter WLSAccessID
Set parameter WLSSecret
Set parameter LicenseID to value 938810
Set parameter LogFile to value "gurobi.log"
Using license file /home/users/a/agma/gurobi.lic
Set parameter WLSAccessID
Set parameter WLSSecret
Set parameter LicenseID to value 938810
Set parameter WLSAccessID
Set parameter LogFile to value "gurobi.log"
Using license file /home/users/a/agma/gurobi.lic
Set parameter WLSSecret
Academic license 938810 - for non-commercial use only - registered to ag___@tu-berlin.de
Set parameter LicenseID to value 938810
Academic license 938810 - for non-commercial use only - registered to ag___@tu-berlin.de
Set parameter LogFile to value "gurobi.log"
Academic license 938810 - for non-commercial use only - registered to ag___@tu-berlin.de
Using license file /home/users/a/agma/gurobi.lic
Academic license 938810 - for non-commercial use only - registered to ag___@tu-berlin.de

Gurobi 12.0.2 (linux64, gurobi_cl) logging started Wed Jun 10 10:32:12 2026

Set parameter WLSAccessID
Set parameter WLSSecret
Set parameter LicenseID to value 938810
Set parameter LogFile to value "gurobi.log"
Using license file /home/users/a/agma/gurobi.lic

Gurobi 12.0.2 (linux64, gurobi_cl) logging started Wed Jun 10 10:32:26 2026

Set parameter WLSAccessID
Set parameter WLSSecret
Set parameter LicenseID to value 938810
Set parameter LogFile to value "gurobi.log"
Using license file /home/users/a/agma/gurobi.lic
Academic license 938810 - for non-commercial use only - registered to ag___@tu-berlin.de

Gurobi 12.0.2 (linux64, gurobi_cl) logging started Wed Jun 10 10:32:32 2026


Gurobi 12.0.2 (linux64, gurobi_cl) logging started Wed Jun 10 10:32:32 2026


Gurobi 12.0.2 (linux64, gurobi_cl) logging started Wed Jun 10 10:32:32 2026


Gurobi 12.0.2 (linux64, gurobi_cl) logging started Wed Jun 10 10:32:32 2026

Set parameter WLSAccessID
Set parameter WLSSecret
Set parameter LicenseID to value 938810
Set parameter WLSAccessID
Set parameter LogFile to value "gurobi.log"
Set parameter WLSSecret
Set parameter LicenseID to value 938810
Set parameter WLSAccessID
Using license file /home/users/a/agma/gurobi.lic
Set parameter WLSAccessID
Set parameter LogFile to value "gurobi.log"
Using license file /home/users/a/agma/gurobi.lic
Set parameter WLSSecret
Set parameter WLSSecret
Set parameter LicenseID to value 938810
Set parameter LicenseID to value 938810
Set parameter LogFile to value "gurobi.log"
Set parameter LogFile to value "gurobi.log"
Using license file /home/users/a/agma/gurobi.lic
Using license file /home/users/a/agma/gurobi.lic
Academic license 938810 - for non-commercial use only - registered to ag___@tu-berlin.de
Academic license 938810 - for non-commercial use only - registered to ag___@tu-berlin.de
Academic license 938810 - for non-commercial use only - registered to ag___@tu-berlin.de
Academic license 938810 - for non-commercial use only - registered to ag___@tu-berlin.de

Gurobi 12.0.2 (linux64, gurobi_cl) logging started Wed Jun 10 10:32:37 2026

Set parameter WLSAccessID
Set parameter WLSSecret
Set parameter LicenseID to value 938810
Set parameter LogFile to value "gurobi.log"
Using license file /home/users/a/agma/gurobi.lic

Gurobi 12.0.2 (linux64, gurobi_cl) logging started Wed Jun 10 10:32:49 2026

Set parameter WLSAccessID
Set parameter WLSSecret
Set parameter LicenseID to value 938810
Set parameter LicenseID to value 938810
Set parameter LogFile to value "gurobi.log"
Set parameter LogFile to value "gurobi.log"
.lic
Using license file /home/users/a/agma/gurobi.lic
Academic license 938810 - for non-commercial use only - registered to ag___@tu-berlin.de
Academic license 938810 - for non-commercial use only - registered to ag___@tu-berlin.de

Gurobi 12.0.2 (linux64, gurobi_cl) logging started Wed Jun 10 10:33:08 2026

Set parameter WLSAccessID
Set parameter WLSSecret
Set parameter LicenseID to value 938810
Set parameter LogFile to value "gurobi.log"
Using license file /home/users/a/agma/gurobi.lic
Academic license 938810 - for non-commercial use only - registered to ag___@tu-berlin.de
Academic license 938810 - for non-commercial use only - registered to ag___@tu-berlin.de

Gurobi 12.0.2 (linux64, gurobi_cl) logging started Wed Jun 10 10:34:18 2026


Gurobi 12.0.2 (linux64, gurobi_cl) logging started Wed Jun 10 10:34:18 2026


Gurobi 12.0.2 (linux64, gurobi_cl) logging started Wed Jun 10 10:34:18 2026

Set parameter WLSAccessID
Set parameter WLSSecret
Set parameter LicenseID to value 938810
Set parameter WLSAccessID
Set parameter LogFile to value "gurobi.log"
Set parameter WLSSecret
Using license file /home/users/a/agma/gurobi.lic
Set parameter LicenseID to value 938810
Set parameter LogFile to value "gurobi.log"
Using license file /home/users/a/agma/gurobi.lic
Set parameter WLSAccessID
Set parameter WLSSecret
Set parameter LicenseID to value 938810
Set parameter LogFile to value "gurobi.log"
Using license file /home/users/a/agma/gurobi.lic
Academic license 938810 - for non-commercial use only - registered to ag___@tu-berlin.de
Academic license 938810 - for non-commercial use only - registered to ag___@tu-berlin.de
Academic license 938810 - for non-commercial use only - registered to ag___@tu-berlin.de

Gurobi 12.0.2 (linux64, gurobi_cl) logging started Wed Jun 10 10:34:18 2026


Gurobi 12.0.2 (linux64, gurobi_cl) logging started Wed Jun 10 10:34:18 2026

Set parameter WLSAccessID
Set parameter WLSSecret
Set parameter LicenseID to value 938810
Set parameter WLSAccessID
Set parameter WLSSecret
Set parameter LogFile to value "gurobi.log"
Set parameter LicenseID to value 938810
Using license file /home/users/a/agma/gurobi.lic
Set parameter LogFile to value "gurobi.log"
Using license file /home/users/a/agma/gurobi.lic
Academic license 938810 - for non-commercial use only - registered to ag___@tu-berlin.de
Academic license 938810 - for non-commercial use only - registered to ag___@tu-berlin.de

Gurobi 12.0.2 (linux64, gurobi_cl) logging started Wed Jun 10 10:34:20 2026

Set parameter WLSAccessID
Set parameter WLSSecret
Set parameter LicenseID to value 938810
Set parameter LogFile to value "gurobi.log"
Using license file /home/users/a/agma/gurobi.lic

Gurobi 12.0.2 (linux64, gurobi_cl) logging started Wed Jun 10 10:34:35 2026

Set parameter WLSAccessID
Set parameter WLSSecret
Set parameter LicenseID to value 938810
Set parameter LogFile to value "gurobi.log"
Using license file /home/users/a/agma/gurobi.lic

Gurobi 12.0.2 (linux64, gurobi_cl) logging started Wed Jun 10 10:34:35 2026

Set parameter WLSAccessID
Set parameter WLSSecret
Set parameter LicenseID to value 938810
Set parameter LogFile to value "gurobi.log"
Using license file /home/users/a/agma/gurobi.lic
Academic license 938810 - for non-commercial use only - registered to ag___@tu-berlin.de
Academic license 938810 - for non-commercial use only - registered to ag___@tu-berlin.de

Gurobi 12.0.2 (linux64, gurobi_cl) logging started Wed Jun 10 10:34:36 2026


Gurobi 12.0.2 (linux64, gurobi_cl) logging started Wed Jun 10 10:34:36 2026


Gurobi 12.0.2 (linux64, gurobi_cl) logging started Wed Jun 10 10:34:36 2026

Set parameter WLSAccessID
Set parameter WLSSecret
Set parameter LicenseID to value 938810
Set parameter LogFile to value "gurobi.log"
Using license file /home/users/a/agma/gurobi.lic
Set parameter WLSAccessID
Set parameter WLSSecret
Set parameter LicenseID to value 938810
Set parameter LogFile to value "gurobi.log"
Set parameter WLSAccessID
Set parameter WLSSecret
Using license file /home/users/a/agma/gurobi.lic
Academic license 938810 - for non-commercial use only - registered to ag___@tu-berlin.de
Set parameter LicenseID to value 938810
Academic license 938810 - for non-commercial use only - registered to ag___@tu-berlin.de
Set parameter LogFile to value "gurobi.log"
Using license file /home/users/a/agma/gurobi.lic
Academic license 938810 - for non-commercial use only - registered to ag___@tu-berlin.de

Gurobi 12.0.2 (linux64, gurobi_cl) logging started Wed Jun 10 10:34:41 2026

Set parameter WLSAccessID
Set parameter WLSSecret
Set parameter LicenseID to value 938810
Set parameter LogFile to value "gurobi.log"
Using license file /home/users/a/agma/gurobi.lic

Gurobi 12.0.2 (linux64, gurobi_cl) logging started Wed Jun 10 10:35:05 2026

Set parameter WLSAccessID
Set parameter WLSSecret
Set parameter LicenseID to value 938810
Set parameter LogFile to value "gurobi.log"
Using license file /home/users/a/agma/gurobi.lic
Academic license 938810 - for non-commercial use only - registered to ag___@tu-berlin.de

Gurobi 12.0.2 (linux64, gurobi_cl) logging started Wed Jun 10 10:35:11 2026

Set parameter WLSAccessID
Set parameter WLSSecret
Set parameter LicenseID to value 938810
Set parameter LogFile to value "gurobi.log"
Using license file /home/users/a/agma/gurobi.lic
Academic license 938810 - for non-commercial use only - registered to ag___@tu-berlin.de

Gurobi 12.0.2 (linux64, gurobi_cl) logging started Wed Jun 10 10:35:27 2026

Set parameter WLSAccessID
Set parameter WLSSecret
Set parameter LicenseID to value 938810
Set parameter LogFile to value "gurobi.log"
Using license file /home/users/a/agma/gurobi.lic
Academic license 938810 - for non-commercial use only - registered to ag___@tu-berlin.de

Gurobi 12.0.2 (linux64, gurobi_cl) logging started Wed Jun 10 10:35:32 2026

Set parameter WLSAccessID
Set parameter WLSSecret
Set parameter LicenseID to value 938810
Set parameter LogFile to value "gurobi.log"
Using license file /home/users/a/agma/gurobi.lic
Academic license 938810 - for non-commercial use only - registered to ag___@tu-berlin.de

Gurobi 12.0.2 (linux64, gurobi_cl) logging started Wed Jun 10 10:37:10 2026

Set parameter WLSAccessID
Set parameter WLSSecret
Set parameter LicenseID to value 938810
Set parameter LogFile to value "gurobi.log"
Using license file /home/users/a/agma/gurobi.lic
Academic license 938810 - for non-commercial use only - registered to ag___@tu-berlin.de

Gurobi 12.0.2 (linux64, gurobi_cl) logging started Wed Jun 10 10:37:10 2026


Gurobi 12.0.2 (linux64, gurobi_cl) logging started Wed Jun 10 10:37:10 2026

Set parameter WLSAccessID
Set parameter WLSSecret
Set parameter LicenseID to value 938810
Set parameter LogFile to value "gurobi.log"
Using license file /home/users/a/agma/gurobi.lic
Set parameter WLSAccessID
Set parameter WLSSecret
Set parameter LicenseID to value 938810
Set parameter LogFile to value "gurobi.log"
Using license file /home/users/a/agma/gurobi.lic
Academic license 938810 - for non-commercial use only - registered to ag___@tu-berlin.de
Academic license 938810 - for non-commercial use only - registered to ag___@tu-berlin.de

Gurobi 12.0.2 (linux64, gurobi_cl) logging started Wed Jun 10 10:37:10 2026

Set parameter WLSAccessID
Set parameter WLSSecret
Set parameter LicenseID to value 938810
Set parameter LogFile to value "gurobi.log"
Using license file /home/users/a/agma/gurobi.lic
Academic license 938810 - for non-commercial use only - registered to ag___@tu-berlin.de

Gurobi 12.0.2 (linux64, gurobi_cl) logging started Wed Jun 10 10:37:29 2026

Set parameter WLSAccessID
Set parameter WLSSecret
Set parameter LicenseID to value 938810
Set parameter LogFile to value "gurobi.log"
Using license file /home/users/a/agma/gurobi.lic
Academic license 938810 - for non-commercial use only - registered to ag___@tu-berlin.de
Academic license 938810 - for non-commercial use only - registered to ag___@tu-berlin.de

Gurobi 12.0.2 (linux64, gurobi_cl) logging started Wed Jun 10 10:37:30 2026

Set parameter WLSAccessID
Set parameter WLSSecret
Set parameter LicenseID to value 938810
Set parameter LogFile to value "gurobi.log"
Using license file /home/users/a/agma/gurobi.lic
Academic license 938810 - for non-commercial use only - registered to ag___@tu-berlin.de

Gurobi 12.0.2 (linux64, gurobi_cl) logging started Wed Jun 10 10:37:30 2026

Set parameter WLSAccessID
Set parameter WLSSecret
Set parameter LicenseID to value 938810
Set parameter LogFile to value "gurobi.log"
Using license file /home/users/a/agma/gurobi.lic
Academic license 938810 - for non-commercial use only - registered to ag___@tu-berlin.de

Gurobi 12.0.2 (linux64, gurobi_cl) logging started Wed Jun 10 10:41:47 2026

Set parameter WLSAccessID
Set parameter WLSSecret
Set parameter LicenseID to value 938810
Set parameter LogFile to value "gurobi.log"
Using license file /home/users/a/agma/gurobi.lic
Academic license 938810 - for non-commercial use only - registered to ag___@tu-berlin.de

Gurobi 12.0.2 (linux64, gurobi_cl) logging started Wed Jun 10 10:42:09 2026


Gurobi 12.0.2 (linux64, gurobi_cl) logging started Wed Jun 10 10:42:09 2026

Set parameter WLSAccessID
Set parameter WLSSecret
Set parameter LicenseID to value 938810
Set parameter LogFile to value "gurobi.log"
Using license file /home/users/a/agma/gurobi.lic
Set parameter WLSAccessID
sers/a/agma/gurobi.lic
Set parameter WLSSecret
Set parameter LicenseID to value 938810
Set parameter LogFile to value "gurobi.log"
Using license file /home/users/a/agma/gurobi.lic
Academic license 938810 - for non-commercial use only - registered to ag___@tu-berlin.de
Academic license 938810 - for non-commercial use only - registered to ag___@tu-berlin.de

Gurobi 12.0.2 (linux64, gurobi_cl) logging started Wed Jun 10 10:42:10 2026

Set parameter WLSAccessID
Set parameter WLSSecret
Set parameter LicenseID to value 938810
Set parameter LogFile to value "gurobi.log"
Using license file /home/users/a/agma/gurobi.lic
Academic license 938810 - for non-commercial use only - registered to ag___@tu-berlin.de

Gurobi 12.0.2 (linux64, gurobi_cl) logging started Wed Jun 10 10:42:12 2026


Gurobi 12.0.2 (linux64, gurobi_cl) logging started Wed Jun 10 10:42:12 2026


Gurobi 12.0.2 (linux64, gurobi_cl) logging started Wed Jun 10 10:42:12 2026

Set parameter WLSAccessID
Set parameter WLSSecret
Set parameter LicenseID to value 938810
Set parameter LogFile to value "gurobi.log"
Using license file /home/users/a/agma/gurobi.lic
Set parameter WLSAccessID
Set parameter WLSSecret
Set parameter LicenseID to value 938810
Set parameter WLSAccessID
Set parameter LogFile to value "gurobi.log"
Using license file /home/users/a/agma/gurobi.lic
Set parameter WLSSecret
Set parameter LicenseID to value 938810
Set parameter LogFile to value "gurobi.log"
Using license file /home/users/a/agma/gurobi.lic
Academic license 938810 - for non-commercial use only - registered to ag___@tu-berlin.de
Academic license 938810 - for non-commercial use only - registered to ag___@tu-berlin.de
Academic license 938810 - for non-commercial use only - registered to ag___@tu-berlin.de

Gurobi 12.0.2 (linux64, gurobi_cl) logging started Wed Jun 10 10:42:28 2026


Gurobi 12.0.2 (linux64, gurobi_cl) logging started Wed Jun 10 10:42:28 2026

Set parameter WLSAccessID
Set parameter WLSSecret
Set parameter LicenseID to value 938810
Set parameter LogFile to value "gurobi.log"
Set parameter WLSSecret
/users/a/agma/gurobi.lic
Set parameter LicenseID to value 938810
Set parameter LogFile to value "gurobi.log"
Using license file /home/users/a/agma/gurobi.lic
Academic license 938810 - for non-commercial use only - registered to ag___@tu-berlin.de
Academic license 938810 - for non-commercial use only - registered to ag___@tu-berlin.de

Gurobi 12.0.2 (linux64, gurobi_cl) logging started Wed Jun 10 10:42:29 2026

Set parameter WLSAccessID
Set parameter WLSSecret
Set parameter LicenseID to value 938810
Set parameter LogFile to value "gurobi.log"
Using license file /home/users/a/agma/gurobi.lic
Academic license 938810 - for non-commercial use only - registered to ag___@tu-berlin.de

Gurobi 12.0.2 (linux64, gurobi_cl) logging started Wed Jun 10 10:42:30 2026

Set parameter WLSAccessID
Set parameter WLSSecret
Set parameter LicenseID to value 938810
Set parameter LogFile to value "gurobi.log"
Using license file /home/users/a/agma/gurobi.lic

Gurobi 12.0.2 (linux64, gurobi_cl) logging started Wed Jun 10 10:42:32 2026


Gurobi 12.0.2 (linux64, gurobi_cl) logging started Wed Jun 10 10:42:32 2026


Gurobi 12.0.2 (linux64, gurobi_cl) logging started Wed Jun 10 10:42:32 2026

Set parameter WLSAccessID
Set parameter WLSSecret
Set parameter LicenseID to value 938810
Set parameter LogFile to value "gurobi.log"
Set parameter WLSAccessID
Using license file /home/users/a/agma/gurobi.lic
Set parameter WLSSecret
Set parameter LicenseID to value 938810
Set parameter WLSAccessID
Set parameter LogFile to value "gurobi.log"
Set parameter WLSSecret
Using license file /home/users/a/agma/gurobi.lic
Set parameter LicenseID to value 938810
Set parameter LogFile to value "gurobi.log"
Using license file /home/users/a/agma/gurobi.lic
Academic license 938810 - for non-commercial use only - registered to ag___@tu-berlin.de
Academic license 938810 - for non-commercial use only - registered to ag___@tu-berlin.de
Academic license 938810 - for non-commercial use only - registered to ag___@tu-berlin.de

Gurobi 12.0.2 (linux64, gurobi_cl) logging started Wed Jun 10 10:42:51 2026

Set parameter WLSAccessID
Set parameter WLSSecret
Set parameter LicenseID to value 938810
Set parameter LogFile to value "gurobi.log"
Using license file /home/users/a/agma/gurobi.lic

Gurobi 12.0.2 (linux64, gurobi_cl) logging started Wed Jun 10 10:43:38 2026


Gurobi 12.0.2 (linux64, gurobi_cl) logging started Wed Jun 10 10:43:38 2026

Set parameter WLSAccessID
Set parameter WLSSecret
Set parameter LicenseID to value 938810
Set parameter WLSAccessID
Set parameter WLSSecret
 value "gurobi.log"
Set parameter LicenseID to value 938810
robi.lic
Set parameter LogFile to value "gurobi.log"
Using license file /home/users/a/agma/gurobi.lic
Academic license 938810 - for non-commercial use only - registered to ag___@tu-berlin.de

Gurobi 12.0.2 (linux64, gurobi_cl) logging started Wed Jun 10 10:43:54 2026

Set parameter WLSAccessID
Set parameter WLSSecret
Set parameter LicenseID to value 938810
Set parameter LogFile to value "gurobi.log"
Using license file /home/users/a/agma/gurobi.lic
Using license file /home/users/a/agma/gurobi.lic
Academic license 938810 - for non-commercial use only - registered to ag___@tu-berlin.de
Academic license 938810 - for non-commercial use only - registered to ag___@tu-berlin.de

Gurobi 12.0.2 (linux64, gurobi_cl) logging started Wed Jun 10 10:44:23 2026

Set parameter WLSAccessID
Set parameter WLSSecret
Set parameter LicenseID to value 938810
Set parameter LogFile to value "gurobi.log"
Using license file /home/users/a/agma/gurobi.lic
Academic license 938810 - for non-commercial use only - registered to ag___@tu-berlin.de

Gurobi 12.0.2 (linux64, gurobi_cl) logging started Wed Jun 10 10:44:26 2026


Gurobi 12.0.2 (linux64, gurobi_cl) logging started Wed Jun 10 10:44:26 2026


Gurobi 12.0.2 (linux64, gurobi_cl) logging started Wed Jun 10 10:44:26 2026


Gurobi 12.0.2 (linux64, gurobi_cl) logging started Wed Jun 10 10:44:26 2026

Set parameter WLSAccessID
Set parameter WLSSecret
Set parameter LicenseID to value 938810
Set parameter WLSAccessID
Set parameter LogFile to value "gurobi.log"
Set parameter WLSSecret
Using license file /home/users/a/agma/gurobi.lic
Set parameter LicenseID to value 938810
Set parameter LogFile to value "gurobi.log"
Set parameter WLSAccessID
Set parameter WLSSecret
Using license file /home/users/a/agma/gurobi.lic
Set parameter WLSAccessID
Set parameter LicenseID to value 938810
Set parameter WLSSecret
Set parameter LogFile to value "gurobi.log"
Using license file /home/users/a/agma/gurobi.lic
Set parameter LicenseID to value 938810
Set parameter LogFile to value "gurobi.log"
Academic license 938810 - for non-commercial use only - registered to ag___@tu-berlin.de
Academic license 938810 - for non-commercial use only - registered to ag___@tu-berlin.de
Using license file /home/users/a/agma/gurobi.lic
Academic license 938810 - for non-commercial use only - registered to ag___@tu-berlin.de
Academic license 938810 - for non-commercial use only - registered to ag___@tu-berlin.de

Gurobi 12.0.2 (linux64, gurobi_cl) logging started Wed Jun 10 10:44:27 2026

Set parameter WLSAccessID
Set parameter WLSSecret
Set parameter LicenseID to value 938810
Set parameter LogFile to value "gurobi.log"
Using license file /home/users/a/agma/gurobi.lic

Gurobi 12.0.2 (linux64, gurobi_cl) logging started Wed Jun 10 10:44:40 2026

Set parameter WLSAccessID
Set parameter WLSSecret
Set parameter LicenseID to value 938810
Set parameter LogFile to value "gurobi.log"
Using license file /home/users/a/agma/gurobi.lic
Academic license 938810 - for non-commercial use only - registered to ag___@tu-berlin.de

Gurobi 12.0.2 (linux64, gurobi_cl) logging started Wed Jun 10 10:44:48 2026

Set parameter WLSAccessID
Set parameter WLSSecret
Set parameter LicenseID to value 938810
Set parameter LogFile to value "gurobi.log"
Using license file /home/users/a/agma/gurobi.lic

Gurobi 12.0.2 (linux64, gurobi_cl) logging started Wed Jun 10 10:44:52 2026


Gurobi 12.0.2 (linux64, gurobi_cl) logging started Wed Jun 10 10:44:52 2026


Gurobi 12.0.2 (linux64, gurobi_cl) logging started Wed Jun 10 10:44:52 2026


Gurobi 12.0.2 (linux64, gurobi_cl) logging started Wed Jun 10 10:44:52 2026

Set parameter WLSAccessID
Set parameter WLSSecret
Set parameter LicenseID to value 938810
Set parameter LogFile to value "gurobi.log"
Using license file /home/users/a/agma/gurobi.lic
Set parameter WLSAccessID
Set parameter WLSSecret
Set parameter WLSAccessID
Set parameter WLSAccessID
Set parameter WLSSecret
Set parameter LicenseID to value 938810
Set parameter WLSSecret
Set parameter LicenseID to value 938810
Set parameter LogFile to value "gurobi.log"
Set parameter LicenseID to value 938810
Set parameter LogFile to value "gurobi.log"
Using license file /home/users/a/agma/gurobi.lic
Using license file /home/users/a/agma/gurobi.lic
Set parameter LogFile to value "gurobi.log"
Academic license 938810 - for non-commercial use only - registered to ag___@tu-berlin.de
Academic license 938810 - for non-commercial use only - registered to ag___@tu-berlin.de
Using license file /home/users/a/agma/gurobi.lic
Academic license 938810 - for non-commercial use only - registered to ag___@tu-berlin.de
Academic license 938810 - for non-commercial use only - registered to ag___@tu-berlin.de

Gurobi 12.0.2 (linux64, gurobi_cl) logging started Wed Jun 10 10:45:00 2026

Set parameter WLSAccessID
Set parameter WLSSecret
Set parameter LicenseID to value 938810
Set parameter LogFile to value "gurobi.log"
Using license file /home/users/a/agma/gurobi.lic
Academic license 938810 - for non-commercial use only - registered to ag___@tu-berlin.de

Gurobi 12.0.2 (linux64, gurobi_cl) logging started Wed Jun 10 10:45:01 2026

Set parameter WLSAccessID
Set parameter WLSSecret
Set parameter LicenseID to value 938810
Set parameter LogFile to value "gurobi.log"
Using license file /home/users/a/agma/gurobi.lic
Academic license 938810 - for non-commercial use only - registered to ag___@tu-berlin.de

Gurobi 12.0.2 (linux64, gurobi_cl) logging started Wed Jun 10 10:45:22 2026


Gurobi 12.0.2 (linux64, gurobi_cl) logging started Wed Jun 10 10:45:22 2026

Set parameter WLSAccessID
Set parameter WLSSecret
Set parameter LicenseID to value 938810
Set parameter LogFile to value "gurobi.log"
Using license file /home/users/a/agma/gurobi.lic
Set parameter WLSAccessID
Set parameter WLSSecret
Set parameter LicenseID to value 938810
Set parameter LogFile to value "gurobi.log"
Academic license 938810 - for non-commercial use only - registered to ag___@tu-berlin.de
Academic license 938810 - for non-commercial use only - registered to ag___@tu-berlin.de

Gurobi 12.0.2 (linux64, gurobi_cl) logging started Wed Jun 10 10:46:32 2026

Set parameter WLSAccessID
Set parameter WLSSecret
Set parameter LicenseID to value 938810
Set parameter LogFile to value "gurobi.log"
Using license file /home/users/a/agma/gurobi.lic
Academic license 938810 - for non-commercial use only - registered to ag___@tu-berlin.de

Gurobi 12.0.2 (linux64, gurobi_cl) logging started Wed Jun 10 10:46:37 2026


Gurobi 12.0.2 (linux64, gurobi_cl) logging started Wed Jun 10 10:46:37 2026


Gurobi 12.0.2 (linux64, gurobi_cl) logging started Wed Jun 10 10:46:37 2026


Gurobi 12.0.2 (linux64, gurobi_cl) logging started Wed Jun 10 10:46:37 2026

Set parameter WLSAccessID
Set parameter WLSSecret
Set parameter LicenseID to value 938810
Set parameter LogFile to value "gurobi.log"
Using license file /home/users/a/agma/gurobi.lic
Set parameter WLSAccessID
Set parameter WLSSecret
Set parameter WLSAccessID
Set parameter WLSAccessID
Set parameter WLSSecret
Set parameter LicenseID to value 938810
Set parameter WLSSecret
Set parameter LicenseID to value 938810
Set parameter LogFile to value "gurobi.log"
Set parameter LicenseID to value 938810
Set parameter LogFile to value "gurobi.log"
Using license file /home/users/a/agma/gurobi.lic
Using license file /home/users/a/agma/gurobi.lic
Set parameter LogFile to value "gurobi.log"
Academic license 938810 - for non-commercial use only - registered to ag___@tu-berlin.de
Using license file /home/users/a/agma/gurobi.lic
Academic license 938810 - for non-commercial use only - registered to ag___@tu-berlin.de
Academic license 938810 - for non-commercial use only - registered to ag___@tu-berlin.de
Academic license 938810 - for non-commercial use only - registered to ag___@tu-berlin.de

Gurobi 12.0.2 (linux64, gurobi_cl) logging started Wed Jun 10 10:46:38 2026

Set parameter WLSAccessID
Set parameter WLSSecret
Set parameter LicenseID to value 938810
Set parameter LogFile to value "gurobi.log"
Using license file /home/users/a/agma/gurobi.lic

Gurobi 12.0.2 (linux64, gurobi_cl) logging started Wed Jun 10 10:46:52 2026

Set parameter WLSAccessID
Set parameter WLSSecret
Set parameter LicenseID to value 938810
Set parameter LogFile to value "gurobi.log"
Using license file /home/users/a/agma/gurobi.lic
Academic license 938810 - for non-commercial use only - registered to ag___@tu-berlin.de

Gurobi 12.0.2 (linux64, gurobi_cl) logging started Wed Jun 10 10:47:02 2026

Set parameter WLSAccessID
Set parameter WLSSecret
Set parameter LicenseID to value 938810
Set parameter LogFile to value "gurobi.log"
Using license file /home/users/a/agma/gurobi.lic

Gurobi 12.0.2 (linux64, gurobi_cl) logging started Wed Jun 10 10:47:06 2026


Gurobi 12.0.2 (linux64, gurobi_cl) logging started Wed Jun 10 10:47:06 2026

Set parameter WLSAccessID
Set parameter WLSSecret
Set parameter LicenseID to value 938810
Set parameter WLSAccessID
Set parameter LogFile to value "gurobi.log"
Set parameter WLSSecret
Using license file /home/users/a/agma/gurobi.lic
Set parameter LicenseID to value 938810
Set parameter LogFile to value "gurobi.log"
Using license file /home/users/a/agma/gurobi.lic
Academic license 938810 - for non-commercial use only - registered to ag___@tu-berlin.de
Academic license 938810 - for non-commercial use only - registered to ag___@tu-berlin.de

Gurobi 12.0.2 (linux64, gurobi_cl) logging started Wed Jun 10 10:47:10 2026


Gurobi 12.0.2 (linux64, gurobi_cl) logging started Wed Jun 10 10:47:10 2026

Set parameter WLSAccessID
Set parameter WLSSecret
Set parameter WLSAccessID
Set parameter LicenseID to value 938810
Set parameter WLSSecret
Set parameter LogFile to value "gurobi.log"
Set parameter LicenseID to value 938810
Using license file /home/users/a/agma/gurobi.lic
Set parameter LogFile to value "gurobi.log"
Using license file /home/users/a/agma/gurobi.lic
Academic license 938810 - for non-commercial use only - registered to ag___@tu-berlin.de
Academic license 938810 - for non-commercial use only - registered to ag___@tu-berlin.de

Gurobi 12.0.2 (linux64, gurobi_cl) logging started Wed Jun 10 10:47:12 2026

Set parameter WLSAccessID
Set parameter WLSSecret
Set parameter LicenseID to value 938810
Set parameter LogFile to value "gurobi.log"
Using license file /home/users/a/agma/gurobi.lic
Academic license 938810 - for non-commercial use only - registered to ag___@tu-berlin.de

Gurobi 12.0.2 (linux64, gurobi_cl) logging started Wed Jun 10 10:47:37 2026

Set parameter WLSAccessID
Set parameter WLSSecret
Set parameter LicenseID to value 938810
Set parameter LogFile to value "gurobi.log"
Using license file /home/users/a/agma/gurobi.lic
Academic license 938810 - for non-commercial use only - registered to ag___@tu-berlin.de

Gurobi 12.0.2 (linux64, gurobi_cl) logging started Wed Jun 10 10:49:42 2026

Set parameter WLSAccessID
Set parameter WLSSecret
Set parameter LicenseID to value 938810
Set parameter LogFile to value "gurobi.log"
Using license file /home/users/a/agma/gurobi.lic
Academic license 938810 - for non-commercial use only - registered to ag___@tu-berlin.de

Gurobi 12.0.2 (linux64, gurobi_cl) logging started Wed Jun 10 10:49:59 2026

Set parameter WLSAccessID
Set parameter WLSSecret
Set parameter LicenseID to value 938810
Set parameter LogFile to value "gurobi.log"
Using license file /home/users/a/agma/gurobi.lic
Academic license 938810 - for non-commercial use only - registered to ag___@tu-berlin.de

Gurobi 12.0.2 (linux64, gurobi_cl) logging started Wed Jun 10 10:55:42 2026

Set parameter WLSAccessID
Set parameter WLSSecret
Set parameter LicenseID to value 938810
Set parameter LogFile to value "gurobi.log"
Using license file /home/users/a/agma/gurobi.lic
Academic license 938810 - for non-commercial use only - registered to ag___@tu-berlin.de

Gurobi 12.0.2 (linux64, gurobi_cl) logging started Wed Jun 10 10:56:05 2026

Set parameter WLSAccessID
Set parameter WLSAccessID
Set parameter WLSSecret
Set parameter WLSSecret
Set parameter LicenseID to value 938810
Set parameter LicenseID to value 938810
Set parameter LogFile to value "gurobi.log"
Using license file /home/users/a/agma/gurobi.lic
Using license file /home/users/a/agma/gurobi.lic
Academic license 938810 - for non-commercial use only - registered to ag___@tu-berlin.de
Academic license 938810 - for non-commercial use only - registered to ag___@tu-berlin.de
Set parameter WLSAccessID
Set parameter WLSSecret
Set parameter LicenseID to value 938810
Set parameter LogFile to value "gurobi.log"
Using license file /home/users/a/agma/gurobi.lic
Academic license 938810 - for non-commercial use only - registered to ag___@tu-berlin.de

Gurobi 12.0.2 (linux64, gurobi_cl) logging started Wed Jun 10 10:56:06 2026

Set parameter WLSAccessID
Set parameter WLSSecret
Set parameter LicenseID to value 938810
Set parameter LogFile to value "gurobi.log"
Using license file /home/users/a/agma/gurobi.lic
Academic license 938810 - for non-commercial use only - registered to ag___@tu-berlin.de

Gurobi 12.0.2 (linux64, gurobi_cl) logging started Wed Jun 10 10:56:08 2026


Gurobi 12.0.2 (linux64, gurobi_cl) logging started Wed Jun 10 10:56:08 2026


Gurobi 12.0.2 (linux64, gurobi_cl) logging started Wed Jun 10 10:56:08 2026


Gurobi 12.0.2 (linux64, gurobi_cl) logging started Wed Jun 10 10:56:08 2026

Set parameter WLSAccessID
Set parameter WLSSecret
Set parameter LicenseID to value 938810
Set parameter WLSAccessID
Set parameter LogFile to value "gurobi.log"
Using license file /home/users/a/agma/gurobi.lic
Set parameter WLSSecret
Set parameter LicenseID to value 938810
Set parameter LogFile to value "gurobi.log"
Using license file /home/users/a/agma/gurobi.lic
Set parameter WLSAccessID
Set parameter WLSSecret
Set parameter LicenseID to value 938810
Set parameter WLSAccessID
Set parameter WLSSecret
Set parameter LogFile to value "gurobi.log"
Using license file /home/users/a/agma/gurobi.lic
Set parameter LicenseID to value 938810
Set parameter LogFile to value "gurobi.log"
Using license file /home/users/a/agma/gurobi.lic

Gurobi 12.0.2 (linux64, gurobi_cl) logging started Wed Jun 10 10:56:26 2026

Set parameter WLSAccessID
Set parameter WLSSecret
Set parameter WLSSecret
Set parameter LicenseID to value 938810
Set parameter LogFile to value "gurobi.log"
Using license file /home/users/a/agma/gurobi.lic
Academic license 938810 - for non-commercial use only - registered to ag___@tu-berlin.de
Academic license 938810 - for non-commercial use only - registered to ag___@tu-berlin.de

Gurobi 12.0.2 (linux64, gurobi_cl) logging started Wed Jun 10 10:56:27 2026

Set parameter WLSAccessID
Set parameter WLSSecret
Set parameter LicenseID to value 938810
Set parameter LogFile to value "gurobi.log"
Using license file /home/users/a/agma/gurobi.lic
Academic license 938810 - for non-commercial use only - registered to ag___@tu-berlin.de

Gurobi 12.0.2 (linux64, gurobi_cl) logging started Wed Jun 10 10:56:27 2026

Set parameter WLSAccessID
Set parameter WLSSecret
Set parameter LicenseID to value 938810
Set parameter LogFile to value "gurobi.log"
Using license file /home/users/a/agma/gurobi.lic
Academic license 938810 - for non-commercial use only - registered to ag___@tu-berlin.de

Gurobi 12.0.2 (linux64, gurobi_cl) logging started Wed Jun 10 10:56:40 2026


Gurobi 12.0.2 (linux64, gurobi_cl) logging started Wed Jun 10 10:56:40 2026


Gurobi 12.0.2 (linux64, gurobi_cl) logging started Wed Jun 10 10:56:40 2026


Gurobi 12.0.2 (linux64, gurobi_cl) logging started Wed Jun 10 10:56:40 2026

Set parameter WLSAccessID
Set parameter WLSSecret
Set parameter LicenseID to value 938810
Set parameter LogFile to value "gurobi.log"
Using license file /home/users/a/agma/gurobi.lic
Set parameter WLSAccessID
Set parameter WLSAccessID
Set parameter WLSSecret
Set parameter LicenseID to value 938810
Set parameter WLSSecret
Set parameter WLSAccessID
Set parameter WLSSecret
Set parameter LogFile to value "gurobi.log"
Using license file /home/users/a/agma/gurobi.lic
Set parameter LicenseID to value 938810
Set parameter LicenseID to value 938810
Set parameter LogFile to value "gurobi.log"
Using license file /home/users/a/agma/gurobi.lic
Set parameter LogFile to value "gurobi.log"
Using license file /home/users/a/agma/gurobi.lic

Gurobi 12.0.2 (linux64, gurobi_cl) logging started Wed Jun 10 10:58:33 2026

Set parameter WLSAccessID
Set parameter WLSSecret
Set parameter LicenseID to value 938810
Set parameter LogFile to value "gurobi.log"
Using license file /home/users/a/agma/gurobi.lic
Academic license 938810 - for non-commercial use only - registered to ag___@tu-berlin.de

Gurobi 12.0.2 (linux64, gurobi_cl) logging started Wed Jun 10 10:58:35 2026

Set parameter WLSAccessID
Set parameter WLSSecret
Set parameter LicenseID to value 938810
Set parameter LogFile to value "gurobi.log"
Using license file /home/users/a/agma/gurobi.lic
Academic license 938810 - for non-commercial use only - registered to ag___@tu-berlin.de

Gurobi 12.0.2 (linux64, gurobi_cl) logging started Wed Jun 10 10:58:35 2026

Set parameter WLSAccessID
Set parameter WLSSecret
Set parameter LicenseID to value 938810
Set parameter LogFile to value "gurobi.log"
Using license file /home/users/a/agma/gurobi.lic
Academic license 938810 - for non-commercial use only - registered to ag___@tu-berlin.de

Gurobi 12.0.2 (linux64, gurobi_cl) logging started Wed Jun 10 10:58:36 2026

Set parameter WLSAccessID
Set parameter WLSSecret
Set parameter LicenseID to value 938810
Set parameter LogFile to value "gurobi.log"
Using license file /home/users/a/agma/gurobi.lic
Academic license 938810 - for non-commercial use only - registered to ag___@tu-berlin.de

Gurobi 12.0.2 (linux64, gurobi_cl) logging started Wed Jun 10 10:58:41 2026


Gurobi 12.0.2 (linux64, gurobi_cl) logging started Wed Jun 10 10:58:41 2026


Gurobi 12.0.2 (linux64, gurobi_cl) logging started Wed Jun 10 10:58:41 2026


Gurobi 12.0.2 (linux64, gurobi_cl) logging started Wed Jun 10 10:58:41 2026

Set parameter WLSAccessID
Set parameter WLSSecret
Set parameter LicenseID to value 938810
Set parameter WLSAccessID
Set parameter WLSAccessID
Set parameter WLSSecret
Set parameter WLSSecret
Set parameter LicenseID to value 938810
Set parameter WLSAccessID
Set parameter LicenseID to value 938810
Set parameter LogFile to value "gurobi.log"
Using license file /home/users/a/agma/gurobi.lic
Set parameter LogFile to value "gurobi.log"
Set parameter WLSSecret
Set parameter LogFile to value "gurobi.log"
Using license file /home/users/a/agma/gurobi.lic
Using license file /home/users/a/agma/gurobi.lic
Set parameter LicenseID to value 938810
Set parameter LogFile to value "gurobi.log"
Using license file /home/users/a/agma/gurobi.lic

Gurobi 12.0.2 (linux64, gurobi_cl) logging started Wed Jun 10 10:58:53 2026

Set parameter WLSAccessID
Set parameter WLSSecret
Set parameter LicenseID to value 938810
Set parameter LogFile to value "gurobi.log"
Using license file /home/users/a/agma/gurobi.lic
Academic license 938810 - for non-commercial use only - registered to ag___@tu-berlin.de

Gurobi 12.0.2 (linux64, gurobi_cl) logging started Wed Jun 10 10:58:54 2026

Set parameter WLSAccessID
Set parameter WLSSecret
Set parameter LicenseID to value 938810
Set parameter LogFile to value "gurobi.log"
Using license file /home/users/a/agma/gurobi.lic
Academic license 938810 - for non-commercial use only - registered to ag___@tu-berlin.de

Gurobi 12.0.2 (linux64, gurobi_cl) logging started Wed Jun 10 10:58:54 2026

Set parameter WLSAccessID
Set parameter WLSSecret
Set parameter LicenseID to value 938810
Set parameter LogFile to value "gurobi.log"
Using license file /home/users/a/agma/gurobi.lic
Academic license 938810 - for non-commercial use only - registered to ag___@tu-berlin.de

Gurobi 12.0.2 (linux64, gurobi_cl) logging started Wed Jun 10 10:58:56 2026

Set parameter WLSAccessID
Set parameter WLSSecret
Set parameter LicenseID to value 938810
Set parameter LogFile to value "gurobi.log"
Using license file /home/users/a/agma/gurobi.lic
Academic license 938810 - for non-commercial use only - registered to ag___@tu-berlin.de

Gurobi 12.0.2 (linux64, gurobi_cl) logging started Wed Jun 10 10:59:09 2026


Gurobi 12.0.2 (linux64, gurobi_cl) logging started Wed Jun 10 10:59:09 2026


Gurobi 12.0.2 (linux64, gurobi_cl) logging started Wed Jun 10 10:59:09 2026


Gurobi 12.0.2 (linux64, gurobi_cl) logging started Wed Jun 10 10:59:09 2026

Set parameter WLSAccessID
Set parameter WLSSecret
Set parameter LicenseID to value 938810
Set parameter LogFile to value "gurobi.log"
Using license file /home/users/a/agma/gurobi.lic
Set parameter WLSAccessID
Set parameter WLSSecret
Set parameter LicenseID to value 938810
Set parameter LogFile to value "gurobi.log"
Set parameter WLSAccessID
Set parameter WLSSecret
Using license file /home/users/a/agma/gurobi.lic
Set parameter LicenseID to value 938810
Set parameter LogFile to value "gurobi.log"
Using license file /home/users/a/agma/gurobi.lic
Set parameter WLSAccessID
Set parameter WLSSecret
Set parameter LicenseID to value 938810
Set parameter LogFile to value "gurobi.log"
Using license file /home/users/a/agma/gurobi.lic

Gurobi 12.0.2 (linux64, gurobi_cl) logging started Wed Jun 10 11:00:02 2026

Set parameter WLSAccessID
Set parameter WLSSecret
Set parameter LicenseID to value 938810
Set parameter LogFile to value "gurobi.log"
Using license file /home/users/a/agma/gurobi.lic
Academic license 938810 - for non-commercial use only - registered to ag___@tu-berlin.de

Gurobi 12.0.2 (linux64, gurobi_cl) logging started Wed Jun 10 11:00:03 2026

Set parameter WLSAccessID
Set parameter WLSSecret
Set parameter LicenseID to value 938810
Set parameter LogFile to value "gurobi.log"
Using license file /home/users/a/agma/gurobi.lic
Academic license 938810 - for non-commercial use only - registered to ag___@tu-berlin.de

Gurobi 12.0.2 (linux64, gurobi_cl) logging started Wed Jun 10 11:00:03 2026

Set parameter WLSAccessID
Set parameter WLSSecret
Set parameter LicenseID to value 938810
Set parameter LogFile to value "gurobi.log"
Using license file /home/users/a/agma/gurobi.lic
Academic license 938810 - for non-commercial use only - registered to ag___@tu-berlin.de

Gurobi 12.0.2 (linux64, gurobi_cl) logging started Wed Jun 10 11:00:23 2026

Set parameter WLSAccessID
Set parameter WLSSecret
Set parameter LicenseID to value 938810
Set parameter LogFile to value "gurobi.log"
Using license file /home/users/a/agma/gurobi.lic
Academic license 938810 - for non-commercial use only - registered to ag___@tu-berlin.de

Gurobi 12.0.2 (linux64, gurobi_cl) logging started Wed Jun 10 11:00:23 2026

Set parameter WLSAccessID
Set parameter WLSSecret
Set parameter LicenseID to value 938810
Set parameter LogFile to value "gurobi.log"
Using license file /home/users/a/agma/gurobi.lic
Academic license 938810 - for non-commercial use only - registered to ag___@tu-berlin.de

Gurobi 12.0.2 (linux64, gurobi_cl) logging started Wed Jun 10 11:00:23 2026

Set parameter WLSAccessID
Set parameter WLSSecret
Set parameter LicenseID to value 938810
Set parameter LogFile to value "gurobi.log"
Using license file /home/users/a/agma/gurobi.lic
Academic license 938810 - for non-commercial use only - registered to ag___@tu-berlin.de

Gurobi 12.0.2 (linux64, gurobi_cl) logging started Wed Jun 10 11:00:46 2026

Set parameter WLSAccessID
Set parameter WLSSecret
Set parameter LicenseID to value 938810
Set parameter LogFile to value "gurobi.log"
Using license file /home/users/a/agma/gurobi.lic
Academic license 938810 - for non-commercial use only - registered to ag___@tu-berlin.de

Gurobi 12.0.2 (linux64, gurobi_cl) logging started Wed Jun 10 11:00:49 2026


Gurobi 12.0.2 (linux64, gurobi_cl) logging started Wed Jun 10 11:00:49 2026


Gurobi 12.0.2 (linux64, gurobi_cl) logging started Wed Jun 10 11:00:49 2026

Set parameter WLSAccessID
Set parameter WLSSecret
Set parameter LicenseID to value 938810
Set parameter WLSAccessID
Set parameter LogFile to value "gurobi.log"
Set parameter WLSSecret
Set parameter WLSAccessID
Using license file /home/users/a/agma/gurobi.lic
Set parameter LicenseID to value 938810
Set parameter WLSSecret
Set parameter LogFile to value "gurobi.log"
Using license file /home/users/a/agma/gurobi.lic
Set parameter LicenseID to value 938810
Set parameter LogFile to value "gurobi.log"
Using license file /home/users/a/agma/gurobi.lic
Academic license 938810 - for non-commercial use only - registered to ag___@tu-berlin.de
Academic license 938810 - for non-commercial use only - registered to ag___@tu-berlin.de
Academic license 938810 - for non-commercial use only - registered to ag___@tu-berlin.de

Gurobi 12.0.2 (linux64, gurobi_cl) logging started Wed Jun 10 11:00:49 2026

Set parameter WLSAccessID
Set parameter WLSSecret
Set parameter LicenseID to value 938810
Set parameter LogFile to value "gurobi.log"
Using license file /home/users/a/agma/gurobi.lic
Academic license 938810 - for non-commercial use only - registered to ag___@tu-berlin.de

Gurobi 12.0.2 (linux64, gurobi_cl) logging started Wed Jun 10 11:01:06 2026

Set parameter WLSAccessID
Set parameter WLSSecret
Set parameter LicenseID to value 938810
Set parameter LogFile to value "gurobi.log"
Using license file /home/users/a/agma/gurobi.lic
Academic license 938810 - for non-commercial use only - registered to ag___@tu-berlin.de

Gurobi 12.0.2 (linux64, gurobi_cl) logging started Wed Jun 10 11:01:10 2026


Gurobi 12.0.2 (linux64, gurobi_cl) logging started Wed Jun 10 11:01:10 2026


Gurobi 12.0.2 (linux64, gurobi_cl) logging started Wed Jun 10 11:01:10 2026

Set parameter WLSAccessID
Set parameter WLSSecret
Set parameter LicenseID to value 938810
Set parameter WLSAccessID
Set parameter WLSSecret
Set parameter LogFile to value "gurobi.log"
Using license file /home/users/a/agma/gurobi.lic
Set parameter LicenseID to value 938810
Set parameter WLSAccessID
Set parameter WLSSecret
Set parameter LogFile to value "gurobi.log"
Set parameter LicenseID to value 938810
Using license file /home/users/a/agma/gurobi.lic
Set parameter LogFile to value "gurobi.log"
Using license file /home/users/a/agma/gurobi.lic
Academic license 938810 - for non-commercial use only - registered to ag___@tu-berlin.de
Academic license 938810 - for non-commercial use only - registered to ag___@tu-berlin.de
Academic license 938810 - for non-commercial use only - registered to ag___@tu-berlin.de

Gurobi 12.0.2 (linux64, gurobi_cl) logging started Wed Jun 10 11:01:12 2026

Set parameter WLSAccessID
Set parameter WLSSecret
Set parameter LicenseID to value 938810
Set parameter LogFile to value "gurobi.log"
Using license file /home/users/a/agma/gurobi.lic
Academic license 938810 - for non-commercial use only - registered to ag___@tu-berlin.de

Gurobi 12.0.2 (linux64, gurobi_cl) logging started Wed Jun 10 11:02:56 2026

Set parameter WLSAccessID
Set parameter WLSSecret
Set parameter LicenseID to value 938810
Set parameter LogFile to value "gurobi.log"
Using license file /home/users/a/agma/gurobi.lic
Academic license 938810 - for non-commercial use only - registered to ag___@tu-berlin.de

Gurobi 12.0.2 (linux64, gurobi_cl) logging started Wed Jun 10 11:03:14 2026

Set parameter WLSAccessID
Set parameter WLSSecret
Set parameter LicenseID to value 938810
Set parameter LogFile to value "gurobi.log"
Using license file /home/users/a/agma/gurobi.lic
Academic license 938810 - for non-commercial use only - registered to ag___@tu-berlin.de

Gurobi 12.0.2 (linux64, gurobi_cl) logging started Wed Jun 10 11:03:40 2026

Set parameter WLSAccessID
Set parameter WLSSecret
Set parameter LicenseID to value 938810
Set parameter LogFile to value "gurobi.log"
Using license file /home/users/a/agma/gurobi.lic
Academic license 938810 - for non-commercial use only - registered to ag___@tu-berlin.de

Gurobi 12.0.2 (linux64, gurobi_cl) logging started Wed Jun 10 11:03:55 2026

Set parameter WLSAccessID
Set parameter WLSSecret
Set parameter LicenseID to value 938810
Set parameter LogFile to value "gurobi.log"
Using license file /home/users/a/agma/gurobi.lic
Academic license 938810 - for non-commercial use only - registered to ag___@tu-berlin.de

Gurobi 12.0.2 (linux64, gurobi_cl) logging started Wed Jun 10 11:06:26 2026

Set parameter WLSAccessID
Set parameter WLSSecret
Set parameter LicenseID to value 938810
Set parameter LogFile to value "gurobi.log"
Using license file /home/users/a/agma/gurobi.lic
Academic license 938810 - for non-commercial use only - registered to ag___@tu-berlin.de

Gurobi 12.0.2 (linux64, gurobi_cl) logging started Wed Jun 10 11:06:49 2026

Set parameter WLSAccessID
Set parameter WLSSecret
Set parameter LicenseID to value 938810
Set parameter LogFile to value "gurobi.log"

Gurobi 12.0.2 (linux64, gurobi_cl) logging started Wed Jun 10 11:06:49 2026

Set parameter WLSAccessID
Set parameter WLSSecret
Set parameter LicenseID to value 938810
Set parameter LogFile to value "gurobi.log"
Using license file /home/users/a/agma/gurobi.lic
Academic license 938810 - for non-commercial use only - registered to ag___@tu-berlin.de
Academic license 938810 - for non-commercial use only - registered to ag___@tu-berlin.de

Gurobi 12.0.2 (linux64, gurobi_cl) logging started Wed Jun 10 11:06:50 2026

Set parameter WLSAccessID
Set parameter WLSSecret
Set parameter LicenseID to value 938810
Set parameter LogFile to value "gurobi.log"
Using license file /home/users/a/agma/gurobi.lic

Gurobi 12.0.2 (linux64, gurobi_cl) logging started Wed Jun 10 11:06:50 2026

Set parameter WLSAccessID
Set parameter WLSSecret
Set parameter LicenseID to value 938810
Set parameter LogFile to value "gurobi.log"
Using license file /home/users/a/agma/gurobi.lic

Gurobi 12.0.2 (linux64, gurobi_cl) logging started Wed Jun 10 11:06:50 2026


Gurobi 12.0.2 (linux64, gurobi_cl) logging started Wed Jun 10 11:06:50 2026


Gurobi 12.0.2 (linux64, gurobi_cl) logging started Wed Jun 10 11:06:50 2026


Gurobi 12.0.2 (linux64, gurobi_cl) logging started Wed Jun 10 11:06:50 2026

Set parameter WLSAccessID
Set parameter WLSSecret
Set parameter LicenseID to value 938810
Set parameter WLSAccessID
Set parameter WLSSecret
Set parameter LicenseID to value 938810
Set parameter LogFile to value "gurobi.log"
Using license file /home/users/a/agma/gurobi.lic
Set parameter LogFile to value "gurobi.log"
Using license file /home/users/a/agma/gurobi.lic
Set parameter WLSAccessID
Set parameter WLSSecret
Set parameter WLSAccessID
Set parameter LicenseID to value 938810
Set parameter WLSSecret
Set parameter LogFile to value "gurobi.log"
Set parameter LicenseID to value 938810
Using license file /home/users/a/agma/gurobi.lic
Set parameter LogFile to value "gurobi.log"
Using license file /home/users/a/agma/gurobi.lic

Gurobi 12.0.2 (linux64, gurobi_cl) logging started Wed Jun 10 11:07:08 2026

Set parameter WLSAccessID
Set parameter WLSSecret
Set parameter LicenseID to value 938810
Set parameter LogFile to value "gurobi.log"
Using license file /home/users/a/agma/gurobi.lic
Academic license 938810 - for non-commercial use only - registered to ag___@tu-berlin.de

Gurobi 12.0.2 (linux64, gurobi_cl) logging started Wed Jun 10 11:07:09 2026

Set parameter WLSAccessID
Set parameter WLSSecret
Set parameter LicenseID to value 938810
Set parameter LogFile to value "gurobi.log"
Using license file /home/users/a/agma/gurobi.lic
Academic license 938810 - for non-commercial use only - registered to ag___@tu-berlin.de

Gurobi 12.0.2 (linux64, gurobi_cl) logging started Wed Jun 10 11:07:12 2026

Set parameter WLSAccessID
Set parameter WLSSecret
Set parameter LicenseID to value 938810
Set parameter LogFile to value "gurobi.log"
Using license file /home/users/a/agma/gurobi.lic

Gurobi 12.0.2 (linux64, gurobi_cl) logging started Wed Jun 10 11:07:13 2026

Set parameter WLSAccessID
Set parameter WLSSecret
Set parameter LicenseID to value 938810
Set parameter LogFile to value "gurobi.log"
Using license file /home/users/a/agma/gurobi.lic

Gurobi 12.0.2 (linux64, gurobi_cl) logging started Wed Jun 10 11:07:19 2026


Gurobi 12.0.2 (linux64, gurobi_cl) logging started Wed Jun 10 11:07:19 2026


Gurobi 12.0.2 (linux64, gurobi_cl) logging started Wed Jun 10 11:07:19 2026


Gurobi 12.0.2 (linux64, gurobi_cl) logging started Wed Jun 10 11:07:19 2026

Set parameter WLSAccessID
Set parameter WLSSecret
Set parameter LicenseID to value 938810
Set parameter LogFile to value "gurobi.log"
Using license file /home/users/a/agma/gurobi.lic
Set parameter WLSAccessID
Set parameter WLSSecret
Set parameter LicenseID to value 938810
Set parameter WLSAccessID
Set parameter WLSSecret
Set parameter LicenseID to value 938810
Set parameter LogFile to value "gurobi.log"
Set parameter WLSAccessID
Set parameter LogFile to value "gurobi.log"
Using license file /home/users/a/agma/gurobi.lic
Using license file /home/users/a/agma/gurobi.lic
Set parameter WLSSecret
Set parameter LicenseID to value 938810
Set parameter LogFile to value "gurobi.log"
Using license file /home/users/a/agma/gurobi.lic

Gurobi 12.0.2 (linux64, gurobi_cl) logging started Wed Jun 10 11:09:19 2026

Set parameter WLSAccessID
Set parameter WLSAccessID
Set parameter WLSSecret
Set parameter WLSSecret
Set parameter LicenseID to value 938810
Set parameter LicenseID to value 938810
Set parameter LogFile to value "gurobi.log"
Set parameter LogFile to value "gurobi.log"
Using license file /home/users/a/agma/gurobi.lic
Using license file /home/users/a/agma/gurobi.lic
Academic license 938810 - for non-commercial use only - registered to ag___@tu-berlin.de

Gurobi 12.0.2 (linux64, gurobi_cl) logging started Wed Jun 10 11:09:19 2026

Set parameter WLSAccessID
Set parameter WLSSecret
Set parameter LicenseID to value 938810
Set parameter LogFile to value "gurobi.log"
Using license file /home/users/a/agma/gurobi.lic
Academic license 938810 - for non-commercial use only - registered to ag___@tu-berlin.de

Gurobi 12.0.2 (linux64, gurobi_cl) logging started Wed Jun 10 11:09:20 2026


Gurobi 12.0.2 (linux64, gurobi_cl) logging started Wed Jun 10 11:09:20 2026


Gurobi 12.0.2 (linux64, gurobi_cl) logging started Wed Jun 10 11:09:20 2026


Gurobi 12.0.2 (linux64, gurobi_cl) logging started Wed Jun 10 11:09:20 2026

Set parameter WLSAccessID
Set parameter WLSSecret
Set parameter LicenseID to value 938810
Set parameter LogFile to value "gurobi.log"
Using license file /home/users/a/agma/gurobi.lic
Set parameter WLSAccessID
Set parameter WLSSecret
Set parameter LicenseID to value 938810
Set parameter LogFile to value "gurobi.log"
Set parameter WLSAccessID
Set parameter WLSSecret
Using license file /home/users/a/agma/gurobi.lic
Set parameter LicenseID to value 938810
Set parameter WLSAccessID
Set parameter LogFile to value "gurobi.log"
Academic license 938810 - for non-commercial use only - registered to ag___@tu-berlin.de
Set parameter WLSSecret
Using license file /home/users/a/agma/gurobi.lic
Academic license 938810 - for non-commercial use only - registered to ag___@tu-berlin.de
Set parameter LicenseID to value 938810
Set parameter LogFile to value "gurobi.log"
Academic license 938810 - for non-commercial use only - registered to ag___@tu-berlin.de
Using license file /home/users/a/agma/gurobi.lic
Academic license 938810 - for non-commercial use only - registered to ag___@tu-berlin.de

Gurobi 12.0.2 (linux64, gurobi_cl) logging started Wed Jun 10 11:09:23 2026

Set parameter WLSAccessID
Set parameter WLSSecret
Set parameter LicenseID to value 938810
Set parameter LogFile to value "gurobi.log"
Using license file /home/users/a/agma/gurobi.lic

Gurobi 12.0.2 (linux64, gurobi_cl) logging started Wed Jun 10 11:09:38 2026

Set parameter WLSAccessID
Set parameter WLSSecret
Set parameter LicenseID to value 938810
Set parameter LogFile to value "gurobi.log"
Using license file /home/users/a/agma/gurobi.lic
Academic license 938810 - for non-commercial use only - registered to ag___@tu-berlin.de

Gurobi 12.0.2 (linux64, gurobi_cl) logging started Wed Jun 10 11:09:38 2026

Set parameter WLSAccessID
Set parameter WLSSecret
Set parameter LicenseID to value 938810
Set parameter LogFile to value "gurobi.log"
started Wed Jun 10 11:09:38 2026

Using license file /home/users/a/agma/gurobi.lic
Set parameter WLSAccessID
Set parameter WLSSecret
Set parameter LicenseID to value 938810
Set parameter LogFile to value "gurobi.log"
Using license file /home/users/a/agma/gurobi.lic
Academic license 938810 - for non-commercial use only - registered to ag___@tu-berlin.de
Academic license 938810 - for non-commercial use only - registered to ag___@tu-berlin.de

Gurobi 12.0.2 (linux64, gurobi_cl) logging started Wed Jun 10 11:09:41 2026


Gurobi 12.0.2 (linux64, gurobi_cl) logging started Wed Jun 10 11:09:41 2026


Gurobi 12.0.2 (linux64, gurobi_cl) logging started Wed Jun 10 11:09:41 2026


Gurobi 12.0.2 (linux64, gurobi_cl) logging started Wed Jun 10 11:09:41 2026

Set parameter WLSAccessID
Set parameter WLSSecret
Set parameter LicenseID to value 938810
Set parameter LogFile to value "gurobi.log"
Using license file /home/users/a/agma/gurobi.lic
Set parameter WLSAccessID
Set parameter WLSSecret
Set parameter LicenseID to value 938810
Set parameter WLSAccessID
Set parameter WLSAccessID
Set parameter LogFile to value "gurobi.log"
Using license file /home/users/a/agma/gurobi.lic
Set parameter WLSSecret
Set parameter WLSSecret
Set parameter LicenseID to value 938810
Set parameter LicenseID to value 938810
Academic license 938810 - for non-commercial use only - registered to ag___@tu-berlin.de
Set parameter LogFile to value "gurobi.log"
Academic license 938810 - for non-commercial use only - registered to ag___@tu-berlin.de
Set parameter LogFile to value "gurobi.log"
Using license file /home/users/a/agma/gurobi.lic
Using license file /home/users/a/agma/gurobi.lic
Academic license 938810 - for non-commercial use only - registered to ag___@tu-berlin.de
Academic license 938810 - for non-commercial use only - registered to ag___@tu-berlin.de

Gurobi 12.0.2 (linux64, gurobi_cl) logging started Wed Jun 10 11:09:44 2026

Set parameter WLSAccessID
Set parameter WLSSecret
Set parameter LicenseID to value 938810
Set parameter LogFile to value "gurobi.log"
Using license file /home/users/a/agma/gurobi.lic

Gurobi 12.0.2 (linux64, gurobi_cl) logging started Wed Jun 10 11:10:47 2026

Set parameter WLSAccessID
Set parameter WLSSecret
Set parameter LicenseID to value 938810
Set parameter WLSAccessID
Set parameter WLSSecret
Set parameter LicenseID to value 938810
og"
Using license file /home/users/a/agma/gurobi.lic
Set parameter LogFile to value "gurobi.log"
Using license file /home/users/a/agma/gurobi.lic
Academic license 938810 - for non-commercial use only - registered to ag___@tu-berlin.de
Academic license 938810 - for non-commercial use only - registered to ag___@tu-berlin.de

Gurobi 12.0.2 (linux64, gurobi_cl) logging started Wed Jun 10 11:10:47 2026

Set parameter WLSAccessID
Set parameter WLSSecret
Set parameter LicenseID to value 938810
Set parameter LogFile to value "gurobi.log"
Using license file /home/users/a/agma/gurobi.lic
Academic license 938810 - for non-commercial use only - registered to ag___@tu-berlin.de

Gurobi 12.0.2 (linux64, gurobi_cl) logging started Wed Jun 10 11:10:47 2026

Set parameter WLSAccessID
Set parameter WLSSecret
Set parameter LicenseID to value 938810
Set parameter LogFile to value "gurobi.log"
Using license file /home/users/a/agma/gurobi.lic
Academic license 938810 - for non-commercial use only - registered to ag___@tu-berlin.de

Gurobi 12.0.2 (linux64, gurobi_cl) logging started Wed Jun 10 11:11:06 2026

Set parameter WLSAccessID
Set parameter WLSSecret
Set parameter LicenseID to value 938810
Set parameter LogFile to value "gurobi.log"
Using license file /home/users/a/agma/gurobi.lic

Gurobi 12.0.2 (linux64, gurobi_cl) logging started Wed Jun 10 11:11:06 2026

Academic license 938810 - for non-commercial use only - registered to ag___@tu-berlin.de
Set parameter WLSAccessID
Set parameter WLSSecret
Set parameter LicenseID to value 938810
Set parameter LogFile to value "gurobi.log"
Using license file /home/users/a/agma/gurobi.lic
Academic license 938810 - for non-commercial use only - registered to ag___@tu-berlin.de

Gurobi 12.0.2 (linux64, gurobi_cl) logging started Wed Jun 10 11:11:06 2026

Set parameter WLSAccessID
Set parameter WLSSecret
Set parameter LicenseID to value 938810
Set parameter LogFile to value "gurobi.log"
Using license file /home/users/a/agma/gurobi.lic
Academic license 938810 - for non-commercial use only - registered to ag___@tu-berlin.de

Gurobi 12.0.2 (linux64, gurobi_cl) logging started Wed Jun 10 11:11:07 2026

Set parameter WLSAccessID
Set parameter WLSSecret
Set parameter LicenseID to value 938810
Set parameter LogFile to value "gurobi.log"
Using license file /home/users/a/agma/gurobi.lic
Academic license 938810 - for non-commercial use only - registered to ag___@tu-berlin.de

Gurobi 12.0.2 (linux64, gurobi_cl) logging started Wed Jun 10 11:11:27 2026

Set parameter WLSAccessID
Set parameter WLSSecret
Set parameter LicenseID to value 938810
Set parameter LogFile to value "gurobi.log"
Using license file /home/users/a/agma/gurobi.lic
Academic license 938810 - for non-commercial use only - registered to ag___@tu-berlin.de

Gurobi 12.0.2 (linux64, gurobi_cl) logging started Wed Jun 10 11:11:28 2026


Gurobi 12.0.2 (linux64, gurobi_cl) logging started Wed Jun 10 11:11:28 2026


Gurobi 12.0.2 (linux64, gurobi_cl) logging started Wed Jun 10 11:11:28 2026

Set parameter WLSAccessID
Set parameter WLSSecret
Set parameter LicenseID to value 938810
Set parameter WLSAccessID
Set parameter LogFile to value "gurobi.log"
Set parameter WLSSecret
Using license file /home/users/a/agma/gurobi.lic
Set parameter LicenseID to value 938810
Set parameter WLSAccessID
Set parameter LogFile to value "gurobi.log"
Using license file /home/users/a/agma/gurobi.lic
Set parameter WLSSecret
Set parameter LicenseID to value 938810
Set parameter LogFile to value "gurobi.log"
Using license file /home/users/a/agma/gurobi.lic
Academic license 938810 - for non-commercial use only - registered to ag___@tu-berlin.de
Academic license 938810 - for non-commercial use only - registered to ag___@tu-berlin.de
Academic license 938810 - for non-commercial use only - registered to ag___@tu-berlin.de

Gurobi 12.0.2 (linux64, gurobi_cl) logging started Wed Jun 10 11:11:47 2026

Set parameter WLSAccessID
Set parameter WLSSecret
Set parameter LicenseID to value 938810
Set parameter LogFile to value "gurobi.log"
Using license file /home/users/a/agma/gurobi.lic
Academic license 938810 - for non-commercial use only - registered to ag___@tu-berlin.de

Gurobi 12.0.2 (linux64, gurobi_cl) logging started Wed Jun 10 11:11:50 2026


Gurobi 12.0.2 (linux64, gurobi_cl) logging started Wed Jun 10 11:11:50 2026


Gurobi 12.0.2 (linux64, gurobi_cl) logging started Wed Jun 10 11:11:50 2026

Set parameter WLSAccessID
Set parameter WLSSecret
Set parameter LicenseID to value 938810
Set parameter LogFile to value "gurobi.log"
Using license file /home/users/a/agma/gurobi.lic
Set parameter WLSAccessID
Set parameter WLSSecret
Set parameter LicenseID to value 938810
Set parameter WLSAccessID
Set parameter WLSSecret
Set parameter LogFile to value "gurobi.log"
Set parameter LicenseID to value 938810
Using license file /home/users/a/agma/gurobi.lic
Set parameter LogFile to value "gurobi.log"
Using license file /home/users/a/agma/gurobi.lic
Academic license 938810 - for non-commercial use only - registered to ag___@tu-berlin.de
Academic license 938810 - for non-commercial use only - registered to ag___@tu-berlin.de
Academic license 938810 - for non-commercial use only - registered to ag___@tu-berlin.de

Gurobi 12.0.2 (linux64, gurobi_cl) logging started Wed Jun 10 11:23:05 2026

Set parameter WLSAccessID
Set parameter WLSSecret
Set parameter LicenseID to value 938810
Set parameter LogFile to value "gurobi.log"
Using license file /home/users/a/agma/gurobi.lic
Academic license 938810 - for non-commercial use only - registered to ag___@tu-berlin.de

Gurobi 12.0.2 (linux64, gurobi_cl) logging started Wed Jun 10 11:23:28 2026


Gurobi 12.0.2 (linux64, gurobi_cl) logging started Wed Jun 10 11:23:28 2026

Set parameter WLSSecret
D
Set parameter LicenseID to value 938810
Set parameter LogFile to value "gurobi.log"
Using license file /home/users/a/agma/gurobi.lic
Set parameter LogFile to value "gurobi.log"
Using license file /home/users/a/agma/gurobi.lic
Set parameter WLSAccessID
Set parameter WLSSecret
Set parameter LicenseID to value 938810
Set parameter LogFile to value "gurobi.log"
Using license file /home/users/a/agma/gurobi.lic
Academic license 938810 - for non-commercial use only - registered to ag___@tu-berlin.de
Academic license 938810 - for non-commercial use only - registered to ag___@tu-berlin.de
Academic license 938810 - for non-commercial use only - registered to ag___@tu-berlin.de

Gurobi 12.0.2 (linux64, gurobi_cl) logging started Wed Jun 10 11:23:28 2026

Set parameter WLSAccessID
Set parameter WLSSecret
Set parameter LicenseID to value 938810
Set parameter LogFile to value "gurobi.log"
Using license file /home/users/a/agma/gurobi.lic
Academic license 938810 - for non-commercial use only - registered to ag___@tu-berlin.de

Gurobi 12.0.2 (linux64, gurobi_cl) logging started Wed Jun 10 11:23:30 2026


Gurobi 12.0.2 (linux64, gurobi_cl) logging started Wed Jun 10 11:23:30 2026

Set parameter WLSAccessID
Set parameter WLSSecret
Set parameter LicenseID to value 938810
Set parameter WLSAccessID
Set parameter LogFile to value "gurobi.log"
Set parameter WLSSecret
Using license file /home/users/a/agma/gurobi.lic
Set parameter LicenseID to value 938810
Set parameter LogFile to value "gurobi.log"
Using license file /home/users/a/agma/gurobi.lic

Gurobi 12.0.2 (linux64, gurobi_cl) logging started Wed Jun 10 11:23:36 2026


Gurobi 12.0.2 (linux64, gurobi_cl) logging started Wed Jun 10 11:23:36 2026

Set parameter WLSAccessID
Set parameter WLSSecret
Set parameter LicenseID to value 938810
Set parameter WLSAccessID
Set parameter WLSSecret
Set parameter LogFile to value "gurobi.log"
Using license file /home/users/a/agma/gurobi.lic
Set parameter LicenseID to value 938810
Set parameter LogFile to value "gurobi.log"
Using license file /home/users/a/agma/gurobi.lic

Gurobi 12.0.2 (linux64, gurobi_cl) logging started Wed Jun 10 11:23:47 2026

Set parameter WLSAccessID
Set parameter WLSAccessID
Set parameter LicenseID to value 938810
Set parameter LicenseID to value 938810
Set parameter LogFile to value "gurobi.log"
Using license file /home/users/a/agma/gurobi.lic
Academic license 938810 - for non-commercial use only - registered to ag___@tu-berlin.de

Gurobi 12.0.2 (linux64, gurobi_cl) logging started Wed Jun 10 11:23:48 2026

Set parameter WLSAccessID
Set parameter WLSSecret
Set parameter LicenseID to value 938810
Set parameter LogFile to value "gurobi.log"
Using license file /home/users/a/agma/gurobi.lic
Academic license 938810 - for non-commercial use only - registered to ag___@tu-berlin.de

Gurobi 12.0.2 (linux64, gurobi_cl) logging started Wed Jun 10 11:23:48 2026

Set parameter WLSAccessID
Set parameter WLSSecret
Set parameter LicenseID to value 938810
Set parameter LogFile to value "gurobi.log"
Using license file /home/users/a/agma/gurobi.lic
Academic license 938810 - for non-commercial use only - registered to ag___@tu-berlin.de

Gurobi 12.0.2 (linux64, gurobi_cl) logging started Wed Jun 10 11:23:55 2026


Gurobi 12.0.2 (linux64, gurobi_cl) logging started Wed Jun 10 11:23:55 2026

Set parameter WLSAccessID
Set parameter WLSSecret
Set parameter WLSAccessID
Set parameter LicenseID to value 938810
Set parameter WLSSecret
Set parameter LicenseID to value 938810
Set parameter LogFile to value "gurobi.log"
Set parameter LogFile to value "gurobi.log"
Using license file /home/users/a/agma/gurobi.lic
Using license file /home/users/a/agma/gurobi.lic

Gurobi 12.0.2 (linux64, gurobi_cl) logging started Wed Jun 10 11:24:01 2026

Set parameter WLSAccessID
Set parameter WLSSecret
Set parameter LicenseID to value 938810
Set parameter LogFile to value "gurobi.log"
Using license file /home/users/a/agma/gurobi.lic

Gurobi 12.0.2 (linux64, gurobi_cl) logging started Wed Jun 10 11:24:01 2026

Set parameter WLSAccessID
Set parameter WLSSecret
Set parameter LicenseID to value 938810
Set parameter LogFile to value "gurobi.log"
Using license file /home/users/a/agma/gurobi.lic

Gurobi 12.0.2 (linux64, gurobi_cl) logging started Wed Jun 10 11:24:56 2026

Set parameter WLSAccessID
Set parameter WLSSecret
Set parameter LicenseID to value 938810
Set parameter LogFile to value "gurobi.log"
Using license file /home/users/a/agma/gurobi.lic
Academic license 938810 - for non-commercial use only - registered to ag___@tu-berlin.de

Gurobi 12.0.2 (linux64, gurobi_cl) logging started Wed Jun 10 11:25:12 2026

Set parameter WLSAccessID
Set parameter WLSSecret
Set parameter LicenseID to value 938810
Set parameter LogFile to value "gurobi.log"
Using license file /home/users/a/agma/gurobi.lic
Academic license 938810 - for non-commercial use only - registered to ag___@tu-berlin.de

Gurobi 12.0.2 (linux64, gurobi_cl) logging started Wed Jun 10 11:25:39 2026

Set parameter WLSAccessID
Set parameter WLSSecret
D
Set parameter LicenseID to value 938810
Set parameter LicenseID to value 938810
Set parameter LogFile to value "gurobi.log"
Set parameter LogFile to value "gurobi.log"
.lic
Using license file /home/users/a/agma/gurobi.lic
Academic license 938810 - for non-commercial use only - registered to ag___@tu-berlin.de
Academic license 938810 - for non-commercial use only - registered to ag___@tu-berlin.de

Gurobi 12.0.2 (linux64, gurobi_cl) logging started Wed Jun 10 11:25:39 2026

Set parameter WLSAccessID
Set parameter WLSSecret
Set parameter LicenseID to value 938810
Set parameter LogFile to value "gurobi.log"
Using license file /home/users/a/agma/gurobi.lic
Academic license 938810 - for non-commercial use only - registered to ag___@tu-berlin.de

Gurobi 12.0.2 (linux64, gurobi_cl) logging started Wed Jun 10 11:25:42 2026


Gurobi 12.0.2 (linux64, gurobi_cl) logging started Wed Jun 10 11:25:42 2026

Set parameter WLSAccessID
Set parameter WLSSecret
Set parameter LicenseID to value 938810

Gurobi 12.0.2 (linux64, gurobi_cl) logging started Wed Jun 10 11:25:42 2026

Set parameter LogFile to value "gurobi.log"
Using license file /home/users/a/agma/gurobi.lic
Set parameter WLSAccessID
Set parameter WLSSecret
Set parameter LicenseID to value 938810
Set parameter WLSAccessID
Set parameter LogFile to value "gurobi.log"
Set parameter WLSSecret
Using license file /home/users/a/agma/gurobi.lic
Set parameter LicenseID to value 938810
Set parameter LogFile to value "gurobi.log"
Using license file /home/users/a/agma/gurobi.lic

Gurobi 12.0.2 (linux64, gurobi_cl) logging started Wed Jun 10 11:25:42 2026

Set parameter WLSAccessID
Set parameter WLSSecret
Set parameter LicenseID to value 938810
Set parameter LogFile to value "gurobi.log"
Using license file /home/users/a/agma/gurobi.lic

Gurobi 12.0.2 (linux64, gurobi_cl) logging started Wed Jun 10 11:25:57 2026

Set parameter WLSAccessID
Set parameter WLSSecret
Set parameter LicenseID to value 938810
Set parameter LogFile to value "gurobi.log"
Using license file /home/users/a/agma/gurobi.lic

Gurobi 12.0.2 (linux64, gurobi_cl) logging started Wed Jun 10 11:25:57 2026

Academic license 938810 - for non-commercial use only - registered to ag___@tu-berlin.de
Set parameter WLSAccessID
Set parameter WLSSecret
Set parameter LicenseID to value 938810
Set parameter LogFile to value "gurobi.log"
Using license file /home/users/a/agma/gurobi.lic
Academic license 938810 - for non-commercial use only - registered to ag___@tu-berlin.de

Gurobi 12.0.2 (linux64, gurobi_cl) logging started Wed Jun 10 11:26:00 2026

Set parameter WLSAccessID
Set parameter WLSSecret
Set parameter LicenseID to value 938810
Set parameter LogFile to value "gurobi.log"
Using license file /home/users/a/agma/gurobi.lic
Academic license 938810 - for non-commercial use only - registered to ag___@tu-berlin.de

Gurobi 12.0.2 (linux64, gurobi_cl) logging started Wed Jun 10 11:26:10 2026

Set parameter WLSAccessID
Set parameter WLSSecret
Set parameter LicenseID to value 938810
Set parameter LogFile to value "gurobi.log"
Using license file /home/users/a/agma/gurobi.lic

Gurobi 12.0.2 (linux64, gurobi_cl) logging started Wed Jun 10 11:26:17 2026

Set parameter WLSAccessID
Set parameter WLSSecret
Set parameter LicenseID to value 938810
Set parameter LogFile to value "gurobi.log"
Using license file /home/users/a/agma/gurobi.lic
Academic license 938810 - for non-commercial use only - registered to ag___@tu-berlin.de

Gurobi 12.0.2 (linux64, gurobi_cl) logging started Wed Jun 10 11:26:19 2026


Gurobi 12.0.2 (linux64, gurobi_cl) logging started Wed Jun 10 11:26:19 2026


Gurobi 12.0.2 (linux64, gurobi_cl) logging started Wed Jun 10 11:26:19 2026

Set parameter WLSAccessID
Set parameter WLSSecret
Set parameter LicenseID to value 938810
Set parameter LogFile to value "gurobi.log"
Set parameter WLSAccessID
Using license file /home/users/a/agma/gurobi.lic
Set parameter WLSSecret
Set parameter LicenseID to value 938810
Set parameter WLSAccessID
Set parameter LogFile to value "gurobi.log"
Set parameter WLSSecret
Using license file /home/users/a/agma/gurobi.lic
Set parameter LicenseID to value 938810
Set parameter LogFile to value "gurobi.log"
Using license file /home/users/a/agma/gurobi.lic

Gurobi 12.0.2 (linux64, gurobi_cl) logging started Wed Jun 10 11:26:39 2026

Set parameter WLSAccessID
Set parameter WLSSecret
Set parameter LicenseID to value 938810
Set parameter LogFile to value "gurobi.log"
Using license file /home/users/a/agma/gurobi.lic
Academic license 938810 - for non-commercial use only - registered to ag___@tu-berlin.de

Gurobi 12.0.2 (linux64, gurobi_cl) logging started Wed Jun 10 11:27:49 2026

Set parameter WLSAccessID
Set parameter WLSSecret
Set parameter WLSSecret
Set parameter LicenseID to value 938810
Set parameter LicenseID to value 938810
Set parameter LogFile to value "gurobi.log"
Using license file /home/users/a/agma/gurobi.lic
Academic license 938810 - for non-commercial use only - registered to ag___@tu-berlin.de
Academic license 938810 - for non-commercial use only - registered to ag___@tu-berlin.de

Gurobi 12.0.2 (linux64, gurobi_cl) logging started Wed Jun 10 11:27:50 2026

Set parameter WLSAccessID
Set parameter WLSSecret
Set parameter LicenseID to value 938810
Set parameter LogFile to value "gurobi.log"
Using license file /home/users/a/agma/gurobi.lic

Gurobi 12.0.2 (linux64, gurobi_cl) logging started Wed Jun 10 11:27:50 2026


Gurobi 12.0.2 (linux64, gurobi_cl) logging started Wed Jun 10 11:27:50 2026


Gurobi 12.0.2 (linux64, gurobi_cl) logging started Wed Jun 10 11:27:50 2026

Set parameter WLSAccessID
Set parameter WLSSecret
Set parameter LicenseID to value 938810
Set parameter LogFile to value "gurobi.log"
Using license file /home/users/a/agma/gurobi.lic
Set parameter WLSAccessID
Set parameter WLSSecret
Set parameter LicenseID to value 938810
Set parameter WLSAccessID
Set parameter LogFile to value "gurobi.log"
Using license file /home/users/a/agma/gurobi.lic
Set parameter WLSSecret
Set parameter LicenseID to value 938810
Set parameter LogFile to value "gurobi.log"
Using license file /home/users/a/agma/gurobi.lic

Gurobi 12.0.2 (linux64, gurobi_cl) logging started Wed Jun 10 11:27:51 2026

Set parameter WLSAccessID
Set parameter WLSSecret
Set parameter LicenseID to value 938810
Set parameter LogFile to value "gurobi.log"
Using license file /home/users/a/agma/gurobi.lic
Academic license 938810 - for non-commercial use only - registered to ag___@tu-berlin.de

Gurobi 12.0.2 (linux64, gurobi_cl) logging started Wed Jun 10 11:28:09 2026

Set parameter WLSAccessID
Set parameter WLSSecret
Set parameter LicenseID to value 938810
Set parameter LogFile to value "gurobi.log"
Using license file /home/users/a/agma/gurobi.lic

Gurobi 12.0.2 (linux64, gurobi_cl) logging started Wed Jun 10 11:28:09 2026

Academic license 938810 - for non-commercial use only - registered to ag___@tu-berlin.de
Set parameter WLSAccessID
Set parameter WLSSecret
Set parameter LicenseID to value 938810
Set parameter LogFile to value "gurobi.log"
Using license file /home/users/a/agma/gurobi.lic
Academic license 938810 - for non-commercial use only - registered to ag___@tu-berlin.de

Gurobi 12.0.2 (linux64, gurobi_cl) logging started Wed Jun 10 11:28:12 2026

Set parameter WLSAccessID
Set parameter WLSSecret
Set parameter LicenseID to value 938810
Set parameter LogFile to value "gurobi.log"
Using license file /home/users/a/agma/gurobi.lic
Academic license 938810 - for non-commercial use only - registered to ag___@tu-berlin.de

Gurobi 12.0.2 (linux64, gurobi_cl) logging started Wed Jun 10 11:28:13 2026


Gurobi 12.0.2 (linux64, gurobi_cl) logging started Wed Jun 10 11:28:13 2026


Gurobi 12.0.2 (linux64, gurobi_cl) logging started Wed Jun 10 11:28:13 2026


Gurobi 12.0.2 (linux64, gurobi_cl) logging started Wed Jun 10 11:28:13 2026

Set parameter WLSAccessID
Set parameter WLSSecret
Set parameter LicenseID to value 938810
Set parameter WLSAccessID
Set parameter WLSAccessID
Set parameter WLSSecret
Set parameter WLSSecret
Set parameter LogFile to value "gurobi.log"
Using license file /home/users/a/agma/gurobi.lic
Set parameter WLSAccessID
Set parameter LicenseID to value 938810
Set parameter LicenseID to value 938810
Set parameter WLSSecret
Set parameter LogFile to value "gurobi.log"
Using license file /home/users/a/agma/gurobi.lic
Set parameter LogFile to value "gurobi.log"
Set parameter LicenseID to value 938810
Using license file /home/users/a/agma/gurobi.lic
Set parameter LogFile to value "gurobi.log"
Using license file /home/users/a/agma/gurobi.lic
Academic license 938810 - for non-commercial use only - registered to ag___@tu-berlin.de
Academic license 938810 - for non-commercial use only - registered to ag___@tu-berlin.de
Academic license 938810 - for non-commercial use only - registered to ag___@tu-berlin.de
Academic license 938810 - for non-commercial use only - registered to ag___@tu-berlin.de

Gurobi 12.0.2 (linux64, gurobi_cl) logging started Wed Jun 10 11:28:31 2026

Set parameter WLSAccessID
Set parameter WLSSecret
Set parameter LicenseID to value 938810
Set parameter LogFile to value "gurobi.log"
Using license file /home/users/a/agma/gurobi.lic
Academic license 938810 - for non-commercial use only - registered to ag___@tu-berlin.de

Gurobi 12.0.2 (linux64, gurobi_cl) logging started Wed Jun 10 11:28:52 2026

Set parameter WLSAccessID
Set parameter WLSSecret
Set parameter LicenseID to value 938810
Set parameter LogFile to value "gurobi.log"
Using license file /home/users/a/agma/gurobi.lic
Academic license 938810 - for non-commercial use only - registered to ag___@tu-berlin.de

Gurobi 12.0.2 (linux64, gurobi_cl) logging started Wed Jun 10 11:30:38 2026

Set parameter WLSAccessID
Set parameter WLSSecret
Set parameter LicenseID to value 938810
Set parameter LogFile to value "gurobi.log"
Using license file /home/users/a/agma/gurobi.lic
Academic license 938810 - for non-commercial use only - registered to ag___@tu-berlin.de

Gurobi 12.0.2 (linux64, gurobi_cl) logging started Wed Jun 10 11:30:41 2026

Set parameter WLSAccessID
Set parameter WLSSecret
Set parameter LicenseID to value 938810
Set parameter LogFile to value "gurobi.log"
Using license file /home/users/a/agma/gurobi.lic

Gurobi 12.0.2 (linux64, gurobi_cl) logging started Wed Jun 10 11:30:42 2026

Set parameter WLSAccessID
Set parameter WLSSecret
Set parameter LicenseID to value 938810
Set parameter LogFile to value "gurobi.log"
Using license file /home/users/a/agma/gurobi.lic

Gurobi 12.0.2 (linux64, gurobi_cl) logging started Wed Jun 10 11:30:58 2026

Set parameter WLSAccessID
Set parameter WLSSecret
Set parameter LicenseID to value 938810
Set parameter LogFile to value "gurobi.log"
Using license file /home/users/a/agma/gurobi.lic
Academic license 938810 - for non-commercial use only - registered to ag___@tu-berlin.de

Gurobi 12.0.2 (linux64, gurobi_cl) logging started Wed Jun 10 11:31:00 2026

Set parameter WLSAccessID
Set parameter WLSSecret
Set parameter LicenseID to value 938810
Set parameter LogFile to value "gurobi.log"
Using license file /home/users/a/agma/gurobi.lic

Gurobi 12.0.2 (linux64, gurobi_cl) logging started Wed Jun 10 11:31:02 2026

Set parameter WLSAccessID
Set parameter WLSSecret
Set parameter LicenseID to value 938810
Set parameter LogFile to value "gurobi.log"
Using license file /home/users/a/agma/gurobi.lic

Gurobi 12.0.2 (linux64, gurobi_cl) logging started Wed Jun 10 11:33:09 2026

Set parameter WLSAccessID
Set parameter WLSSecret
Set parameter LicenseID to value 938810
Set parameter LogFile to value "gurobi.log"
Using license file /home/users/a/agma/gurobi.lic
Academic license 938810 - for non-commercial use only - registered to ag___@tu-berlin.de

Gurobi 12.0.2 (linux64, gurobi_cl) logging started Wed Jun 10 11:33:10 2026

Set parameter WLSAccessID
Set parameter WLSSecret
Set parameter LicenseID to value 938810
Set parameter LogFile to value "gurobi.log"
Using license file /home/users/a/agma/gurobi.lic
Academic license 938810 - for non-commercial use only - registered to ag___@tu-berlin.de

Gurobi 12.0.2 (linux64, gurobi_cl) logging started Wed Jun 10 11:33:28 2026

Set parameter WLSAccessID
Set parameter WLSSecret
Set parameter LicenseID to value 938810
Set parameter LogFile to value "gurobi.log"
Using license file /home/users/a/agma/gurobi.lic
Academic license 938810 - for non-commercial use only - registered to ag___@tu-berlin.de

Gurobi 12.0.2 (linux64, gurobi_cl) logging started Wed Jun 10 11:33:29 2026

Set parameter WLSAccessID
Set parameter WLSSecret
Set parameter LicenseID to value 938810
Set parameter LogFile to value "gurobi.log"
Using license file /home/users/a/agma/gurobi.lic
Academic license 938810 - for non-commercial use only - registered to ag___@tu-berlin.de

Gurobi 12.0.2 (linux64, gurobi_cl) logging started Wed Jun 10 11:47:40 2026

Set parameter WLSAccessID
Set parameter WLSSecret
Set parameter LicenseID to value 938810
Set parameter LogFile to value "gurobi.log"
Using license file /home/users/a/agma/gurobi.lic
Academic license 938810 - for non-commercial use only - registered to ag___@tu-berlin.de

Gurobi 12.0.2 (linux64, gurobi_cl) logging started Wed Jun 10 11:48:05 2026


Gurobi 12.0.2 (linux64, gurobi_cl) logging started Wed Jun 10 11:48:05 2026

Set parameter WLSAccessID
Set parameter WLSSecret
Set parameter WLSAccessID
Set parameter LicenseID to value 938810
Set parameter WLSSecret
Set parameter LicenseID to value 938810
Set parameter LogFile to value "gurobi.log"
Using license file /home/users/a/agma/gurobi.lic
Set parameter LogFile to value "gurobi.log"
Using license file /home/users/a/agma/gurobi.lic

Gurobi 12.0.2 (linux64, gurobi_cl) logging started Wed Jun 10 11:48:05 2026

Academic license 938810 - for non-commercial use only - registered to ag___@tu-berlin.de
Academic license 938810 - for non-commercial use only - registered to ag___@tu-berlin.de
Set parameter WLSAccessID
Set parameter WLSSecret
Set parameter LicenseID to value 938810
Set parameter LogFile to value "gurobi.log"
Using license file /home/users/a/agma/gurobi.lic
Academic license 938810 - for non-commercial use only - registered to ag___@tu-berlin.de

Gurobi 12.0.2 (linux64, gurobi_cl) logging started Wed Jun 10 11:48:08 2026

Set parameter WLSAccessID
Set parameter WLSSecret
Set parameter LicenseID to value 938810
Set parameter LogFile to value "gurobi.log"
Using license file /home/users/a/agma/gurobi.lic

Gurobi 12.0.2 (linux64, gurobi_cl) logging started Wed Jun 10 11:48:11 2026


Gurobi 12.0.2 (linux64, gurobi_cl) logging started Wed Jun 10 11:48:11 2026


Gurobi 12.0.2 (linux64, gurobi_cl) logging started Wed Jun 10 11:48:11 2026


Gurobi 12.0.2 (linux64, gurobi_cl) logging started Wed Jun 10 11:48:11 2026

Set parameter WLSAccessID
Set parameter WLSSecret
Set parameter LicenseID to value 938810
Set parameter WLSAccessID
Set parameter WLSSecret
Set parameter LogFile to value "gurobi.log"
Set parameter LicenseID to value 938810
Set parameter WLSAccessID
Using license file /home/users/a/agma/gurobi.lic
Set parameter LogFile to value "gurobi.log"
Set parameter WLSSecret
Using license file /home/users/a/agma/gurobi.lic
Set parameter LicenseID to value 938810
Set parameter WLSAccessID
Set parameter WLSSecret
Set parameter LogFile to value "gurobi.log"
Set parameter LicenseID to value 938810
Using license file /home/users/a/agma/gurobi.lic
Set parameter LogFile to value "gurobi.log"
Using license file /home/users/a/agma/gurobi.lic
Academic license 938810 - for non-commercial use only - registered to ag___@tu-berlin.de
Academic license 938810 - for non-commercial use only - registered to ag___@tu-berlin.de
Academic license 938810 - for non-commercial use only - registered to ag___@tu-berlin.de
Academic license 938810 - for non-commercial use only - registered to ag___@tu-berlin.de

Gurobi 12.0.2 (linux64, gurobi_cl) logging started Wed Jun 10 11:48:24 2026


Gurobi 12.0.2 (linux64, gurobi_cl) logging started Wed Jun 10 11:48:24 2026

Set parameter WLSAccessID
Set parameter WLSSecret
Set parameter LicenseID to value 938810
Set parameter WLSAccessID
Set parameter WLSSecret
 value "gurobi.log"
Using license file /home/users/a/agma/gurobi.lic
Set parameter LogFile to value "gurobi.log"
Using license file /home/users/a/agma/gurobi.lic
Academic license 938810 - for non-commercial use only - registered to ag___@tu-berlin.de
Academic license 938810 - for non-commercial use only - registered to ag___@tu-berlin.de

Gurobi 12.0.2 (linux64, gurobi_cl) logging started Wed Jun 10 11:48:24 2026

Set parameter WLSAccessID
Set parameter WLSSecret
Set parameter LicenseID to value 938810
Set parameter LogFile to value "gurobi.log"
Using license file /home/users/a/agma/gurobi.lic
Academic license 938810 - for non-commercial use only - registered to ag___@tu-berlin.de

Gurobi 12.0.2 (linux64, gurobi_cl) logging started Wed Jun 10 11:48:31 2026

Set parameter WLSAccessID
Set parameter WLSSecret
Set parameter LicenseID to value 938810
Set parameter LogFile to value "gurobi.log"
Using license file /home/users/a/agma/gurobi.lic

Gurobi 12.0.2 (linux64, gurobi_cl) logging started Wed Jun 10 11:48:36 2026


Gurobi 12.0.2 (linux64, gurobi_cl) logging started Wed Jun 10 11:48:36 2026


Gurobi 12.0.2 (linux64, gurobi_cl) logging started Wed Jun 10 11:48:36 2026


Gurobi 12.0.2 (linux64, gurobi_cl) logging started Wed Jun 10 11:48:36 2026

Set parameter WLSAccessID
Set parameter WLSSecret
Set parameter LicenseID to value 938810
Set parameter LogFile to value "gurobi.log"
Using license file /home/users/a/agma/gurobi.lic
Set parameter WLSAccessID
Set parameter WLSSecret
Set parameter WLSAccessID
Set parameter WLSSecret
Set parameter WLSAccessID
Set parameter WLSSecret
Set parameter LicenseID to value 938810
Set parameter LicenseID to value 938810
Set parameter LicenseID to value 938810
Set parameter LogFile to value "gurobi.log"
Set parameter LogFile to value "gurobi.log"
Academic license 938810 - for non-commercial use only - registered to ag___@tu-berlin.de
Set parameter LogFile to value "gurobi.log"
Using license file /home/users/a/agma/gurobi.lic
Using license file /home/users/a/agma/gurobi.lic
Using license file /home/users/a/agma/gurobi.lic
Academic license 938810 - for non-commercial use only - registered to ag___@tu-berlin.de
Academic license 938810 - for non-commercial use only - registered to ag___@tu-berlin.de
Academic license 938810 - for non-commercial use only - registered to ag___@tu-berlin.de

Gurobi 12.0.2 (linux64, gurobi_cl) logging started Wed Jun 10 11:50:34 2026

Set parameter WLSAccessID
Set parameter WLSSecret
Set parameter LicenseID to value 938810
Set parameter LogFile to value "gurobi.log"
Using license file /home/users/a/agma/gurobi.lic
Academic license 938810 - for non-commercial use only - registered to ag___@tu-berlin.de

Gurobi 12.0.2 (linux64, gurobi_cl) logging started Wed Jun 10 11:50:37 2026

Set parameter WLSAccessID
Set parameter WLSSecret
Set parameter LicenseID to value 938810
Set parameter LogFile to value "gurobi.log"
Using license file /home/users/a/agma/gurobi.lic
Academic license 938810 - for non-commercial use only - registered to ag___@tu-berlin.de

Gurobi 12.0.2 (linux64, gurobi_cl) logging started Wed Jun 10 11:50:37 2026

Set parameter WLSAccessID
Set parameter WLSSecret
Set parameter LicenseID to value 938810
Set parameter LogFile to value "gurobi.log"
Using license file /home/users/a/agma/gurobi.lic
Academic license 938810 - for non-commercial use only - registered to ag___@tu-berlin.de

Gurobi 12.0.2 (linux64, gurobi_cl) logging started Wed Jun 10 11:50:39 2026

Set parameter WLSAccessID
Set parameter WLSSecret
Set parameter LicenseID to value 938810
Set parameter LogFile to value "gurobi.log"
Using license file /home/users/a/agma/gurobi.lic

Gurobi 12.0.2 (linux64, gurobi_cl) logging started Wed Jun 10 11:50:44 2026


Gurobi 12.0.2 (linux64, gurobi_cl) logging started Wed Jun 10 11:50:44 2026

Set parameter WLSAccessID
Set parameter WLSSecret
Set parameter LicenseID to value 938810
Set parameter WLSAccessID
Set parameter WLSSecret
Set parameter LicenseID to value 938810
Set parameter LogFile to value "gurobi.log"
Set parameter LogFile to value "gurobi.log"
Using license file /home/users/a/agma/gurobi.lic
Using license file /home/users/a/agma/gurobi.lic
Academic license 938810 - for non-commercial use only - registered to ag___@tu-berlin.de
Academic license 938810 - for non-commercial use only - registered to ag___@tu-berlin.de

Gurobi 12.0.2 (linux64, gurobi_cl) logging started Wed Jun 10 11:50:49 2026


Gurobi 12.0.2 (linux64, gurobi_cl) logging started Wed Jun 10 11:50:49 2026

Set parameter WLSAccessID
Set parameter WLSSecret
Set parameter LicenseID to value 938810
Set parameter LogFile to value "gurobi.log"
Using license file /home/users/a/agma/gurobi.lic
Set parameter WLSAccessID
Set parameter WLSSecret
Set parameter LicenseID to value 938810
Set parameter LogFile to value "gurobi.log"
Using license file /home/users/a/agma/gurobi.lic
Academic license 938810 - for non-commercial use only - registered to ag___@tu-berlin.de
Academic license 938810 - for non-commercial use only - registered to ag___@tu-berlin.de

Gurobi 12.0.2 (linux64, gurobi_cl) logging started Wed Jun 10 11:50:53 2026

Set parameter WLSAccessID
Set parameter WLSSecret
Set parameter LicenseID to value 938810
Set parameter LogFile to value "gurobi.log"
Using license file /home/users/a/agma/gurobi.lic
Academic license 938810 - for non-commercial use only - registered to ag___@tu-berlin.de

Gurobi 12.0.2 (linux64, gurobi_cl) logging started Wed Jun 10 11:50:55 2026

Set parameter WLSAccessID
Set parameter WLSSecret
Set parameter LicenseID to value 938810
Set parameter LogFile to value "gurobi.log"
Using license file /home/users/a/agma/gurobi.lic
Academic license 938810 - for non-commercial use only - registered to ag___@tu-berlin.de

Gurobi 12.0.2 (linux64, gurobi_cl) logging started Wed Jun 10 11:50:56 2026

Set parameter WLSAccessID
Set parameter WLSSecret
Set parameter LicenseID to value 938810
Set parameter LogFile to value "gurobi.log"
Using license file /home/users/a/agma/gurobi.lic
Academic license 938810 - for non-commercial use only - registered to ag___@tu-berlin.de

Gurobi 12.0.2 (linux64, gurobi_cl) logging started Wed Jun 10 11:51:02 2026

Set parameter WLSAccessID
Set parameter WLSSecret
Set parameter LicenseID to value 938810
Set parameter LogFile to value "gurobi.log"
Using license file /home/users/a/agma/gurobi.lic

Gurobi 12.0.2 (linux64, gurobi_cl) logging started Wed Jun 10 11:51:09 2026


Gurobi 12.0.2 (linux64, gurobi_cl) logging started Wed Jun 10 11:51:09 2026

Set parameter WLSAccessID
Set parameter WLSSecret
Set parameter LicenseID to value 938810
Set parameter WLSAccessID
Set parameter WLSSecret
Set parameter LogFile to value "gurobi.log"
Using license file /home/users/a/agma/gurobi.lic
Set parameter LicenseID to value 938810
Set parameter LogFile to value "gurobi.log"
Using license file /home/users/a/agma/gurobi.lic
Academic license 938810 - for non-commercial use only - registered to ag___@tu-berlin.de
Academic license 938810 - for non-commercial use only - registered to ag___@tu-berlin.de

Gurobi 12.0.2 (linux64, gurobi_cl) logging started Wed Jun 10 11:51:12 2026


Gurobi 12.0.2 (linux64, gurobi_cl) logging started Wed Jun 10 11:51:12 2026

Set parameter WLSAccessID
Set parameter WLSAccessID
Set parameter WLSSecret
Set parameter WLSSecret
Set parameter LicenseID to value 938810
Set parameter LicenseID to value 938810
Set parameter LogFile to value "gurobi.log"
Set parameter LogFile to value "gurobi.log"
Using license file /home/users/a/agma/gurobi.lic
Using license file /home/users/a/agma/gurobi.lic
Academic license 938810 - for non-commercial use only - registered to ag___@tu-berlin.de
Academic license 938810 - for non-commercial use only - registered to ag___@tu-berlin.de

Gurobi 12.0.2 (linux64, gurobi_cl) logging started Wed Jun 10 11:52:04 2026


Gurobi 12.0.2 (linux64, gurobi_cl) logging started Wed Jun 10 11:52:04 2026

Set parameter WLSAccessID
Set parameter WLSSecret
Set parameter LicenseID to value 938810
Set parameter WLSAccessID
Set parameter LogFile to value "gurobi.log"
Set parameter WLSSecret
Using license file /home/users/a/agma/gurobi.lic

Gurobi 12.0.2 (linux64, gurobi_cl) logging started Wed Jun 10 11:52:04 2026

Set parameter LicenseID to value 938810
Set parameter LogFile to value "gurobi.log"
Using license file /home/users/a/agma/gurobi.lic
Academic license 938810 - for non-commercial use only - registered to ag___@tu-berlin.de
Set parameter WLSAccessID
Academic license 938810 - for non-commercial use only - registered to ag___@tu-berlin.de
Set parameter WLSSecret
Set parameter LicenseID to value 938810
Set parameter LogFile to value "gurobi.log"
Using license file /home/users/a/agma/gurobi.lic
Academic license 938810 - for non-commercial use only - registered to ag___@tu-berlin.de

Gurobi 12.0.2 (linux64, gurobi_cl) logging started Wed Jun 10 11:52:19 2026

Set parameter WLSAccessID
Set parameter WLSSecret
Set parameter LicenseID to value 938810
Set parameter LogFile to value "gurobi.log"
Set parameter WLSSecret
 value "gurobi.log"
Using license file /home/users/a/agma/gurobi.lic
Set parameter LicenseID to value 938810
robi.lic
Set parameter LogFile to value "gurobi.log"
Using license file /home/users/a/agma/gurobi.lic
Academic license 938810 - for non-commercial use only - registered to ag___@tu-berlin.de
Academic license 938810 - for non-commercial use only - registered to ag___@tu-berlin.de
Academic license 938810 - for non-commercial use only - registered to ag___@tu-berlin.de

Gurobi 12.0.2 (linux64, gurobi_cl) logging started Wed Jun 10 11:52:46 2026

Set parameter WLSAccessID
Set parameter WLSSecret
Set parameter LicenseID to value 938810
Set parameter LogFile to value "gurobi.log"
Using license file /home/users/a/agma/gurobi.lic
Academic license 938810 - for non-commercial use only - registered to ag___@tu-berlin.de

Gurobi 12.0.2 (linux64, gurobi_cl) logging started Wed Jun 10 11:52:51 2026


Gurobi 12.0.2 (linux64, gurobi_cl) logging started Wed Jun 10 11:52:51 2026


Gurobi 12.0.2 (linux64, gurobi_cl) logging started Wed Jun 10 11:52:51 2026

Set parameter WLSAccessID
Set parameter WLSSecret
Set parameter LicenseID to value 938810
Set parameter LogFile to value "gurobi.log"
Using license file /home/users/a/agma/gurobi.lic
Set parameter WLSAccessID
Set parameter WLSSecret
Set parameter LicenseID to value 938810
Set parameter WLSAccessID
Set parameter WLSSecret
Set parameter LogFile to value "gurobi.log"
Using license file /home/users/a/agma/gurobi.lic
Set parameter LicenseID to value 938810
Set parameter LogFile to value "gurobi.log"
Using license file /home/users/a/agma/gurobi.lic
Academic license 938810 - for non-commercial use only - registered to ag___@tu-berlin.de
Academic license 938810 - for non-commercial use only - registered to ag___@tu-berlin.de
Academic license 938810 - for non-commercial use only - registered to ag___@tu-berlin.de

Gurobi 12.0.2 (linux64, gurobi_cl) logging started Wed Jun 10 11:52:51 2026

Set parameter WLSAccessID
Set parameter WLSSecret
Set parameter LicenseID to value 938810
Set parameter LogFile to value "gurobi.log"
Using license file /home/users/a/agma/gurobi.lic
Academic license 938810 - for non-commercial use only - registered to ag___@tu-berlin.de

Gurobi 12.0.2 (linux64, gurobi_cl) logging started Wed Jun 10 11:53:11 2026

Set parameter WLSAccessID
Set parameter WLSSecret
Set parameter LicenseID to value 938810
Set parameter LogFile to value "gurobi.log"
Using license file /home/users/a/agma/gurobi.lic
Academic license 938810 - for non-commercial use only - registered to ag___@tu-berlin.de

Gurobi 12.0.2 (linux64, gurobi_cl) logging started Wed Jun 10 11:53:29 2026


Gurobi 12.0.2 (linux64, gurobi_cl) logging started Wed Jun 10 11:53:29 2026


Gurobi 12.0.2 (linux64, gurobi_cl) logging started Wed Jun 10 11:53:29 2026


Gurobi 12.0.2 (linux64, gurobi_cl) logging started Wed Jun 10 11:53:29 2026

Set parameter WLSAccessID
Set parameter WLSSecret
Set parameter WLSAccessID
Set parameter WLSSecret
Set parameter LicenseID to value 938810
Set parameter WLSAccessID
Set parameter WLSSecret
Set parameter LicenseID to value 938810
Set parameter LogFile to value "gurobi.log"
Using license file /home/users/a/agma/gurobi.lic
Set parameter WLSAccessID
Set parameter LicenseID to value 938810
Set parameter LogFile to value "gurobi.log"
Set parameter WLSSecret
Set parameter LicenseID to value 938810
Using license file /home/users/a/agma/gurobi.lic
Set parameter LogFile to value "gurobi.log"
Using license file /home/users/a/agma/gurobi.lic
Set parameter LogFile to value "gurobi.log"
Using license file /home/users/a/agma/gurobi.lic
Academic license 938810 - for non-commercial use only - registered to ag___@tu-berlin.de
Academic license 938810 - for non-commercial use only - registered to ag___@tu-berlin.de
Academic license 938810 - for non-commercial use only - registered to ag___@tu-berlin.de
Academic license 938810 - for non-commercial use only - registered to ag___@tu-berlin.de

Gurobi 12.0.2 (linux64, gurobi_cl) logging started Wed Jun 10 11:54:18 2026

Set parameter WLSAccessID
Set parameter WLSSecret
Set parameter LicenseID to value 938810
Set parameter LogFile to value "gurobi.log"
Using license file /home/users/a/agma/gurobi.lic
Academic license 938810 - for non-commercial use only - registered to ag___@tu-berlin.de

Gurobi 12.0.2 (linux64, gurobi_cl) logging started Wed Jun 10 11:54:40 2026

Set parameter WLSAccessID
Set parameter WLSSecret
Set parameter LicenseID to value 938810
Set parameter LogFile to value "gurobi.log"
Using license file /home/users/a/agma/gurobi.lic
Academic license 938810 - for non-commercial use only - registered to ag___@tu-berlin.de

Gurobi 12.0.2 (linux64, gurobi_cl) logging started Wed Jun 10 11:56:29 2026

Set parameter WLSAccessID
Set parameter WLSSecret
Set parameter LicenseID to value 938810
Set parameter LogFile to value "gurobi.log"
Using license file /home/users/a/agma/gurobi.lic
Academic license 938810 - for non-commercial use only - registered to ag___@tu-berlin.de

Gurobi 12.0.2 (linux64, gurobi_cl) logging started Wed Jun 10 11:56:30 2026

Set parameter WLSAccessID
Set parameter WLSSecret
Set parameter LicenseID to value 938810
Set parameter LogFile to value "gurobi.log"
Using license file /home/users/a/agma/gurobi.lic
Academic license 938810 - for non-commercial use only - registered to ag___@tu-berlin.de

Gurobi 12.0.2 (linux64, gurobi_cl) logging started Wed Jun 10 11:56:55 2026

Set parameter WLSAccessID
Set parameter WLSSecret
Set parameter LicenseID to value 938810
Set parameter LogFile to value "gurobi.log"
Using license file /home/users/a/agma/gurobi.lic

Gurobi 12.0.2 (linux64, gurobi_cl) logging started Wed Jun 10 11:56:55 2026

Academic license 938810 - for non-commercial use only - registered to ag___@tu-berlin.de
Set parameter WLSAccessID
Set parameter WLSSecret
Set parameter LicenseID to value 938810
Set parameter LogFile to value "gurobi.log"
Using license file /home/users/a/agma/gurobi.lic
Academic license 938810 - for non-commercial use only - registered to ag___@tu-berlin.de

Gurobi 12.0.2 (linux64, gurobi_cl) logging started Wed Jun 10 11:58:56 2026

Set parameter WLSAccessID
Set parameter WLSSecret
Set parameter LicenseID to value 938810
Set parameter LogFile to value "gurobi.log"
Using license file /home/users/a/agma/gurobi.lic
Academic license 938810 - for non-commercial use only - registered to ag___@tu-berlin.de

Gurobi 12.0.2 (linux64, gurobi_cl) logging started Wed Jun 10 11:58:57 2026

Set parameter WLSAccessID
Set parameter WLSSecret
Set parameter LicenseID to value 938810
Set parameter LogFile to value "gurobi.log"
Using license file /home/users/a/agma/gurobi.lic
Academic license 938810 - for non-commercial use only - registered to ag___@tu-berlin.de

Gurobi 12.0.2 (linux64, gurobi_cl) logging started Wed Jun 10 11:59:15 2026

Set parameter WLSAccessID
Set parameter WLSSecret
Set parameter LicenseID to value 938810
Set parameter LogFile to value "gurobi.log"
Using license file /home/users/a/agma/gurobi.lic
Academic license 938810 - for non-commercial use only - registered to ag___@tu-berlin.de

Gurobi 12.0.2 (linux64, gurobi_cl) logging started Wed Jun 10 11:59:17 2026

Set parameter WLSAccessID
Set parameter WLSSecret
Set parameter LicenseID to value 938810
Set parameter LogFile to value "gurobi.log"
Using license file /home/users/a/agma/gurobi.lic
Academic license 938810 - for non-commercial use only - registered to ag___@tu-berlin.de

Gurobi 12.0.2 (linux64, gurobi_cl) logging started Wed Jun 10 12:01:06 2026

Set parameter WLSAccessID
Set parameter WLSSecret
Set parameter LicenseID to value 938810
Set parameter LogFile to value "gurobi.log"
Using license file /home/users/a/agma/gurobi.lic
Academic license 938810 - for non-commercial use only - registered to ag___@tu-berlin.de

Gurobi 12.0.2 (linux64, gurobi_cl) logging started Wed Jun 10 12:01:06 2026

Set parameter WLSAccessID
Set parameter WLSSecret
Set parameter LicenseID to value 938810
Set parameter LogFile to value "gurobi.log"
Using license file /home/users/a/agma/gurobi.lic
Academic license 938810 - for non-commercial use only - registered to ag___@tu-berlin.de

Gurobi 12.0.2 (linux64, gurobi_cl) logging started Wed Jun 10 12:01:24 2026

Set parameter WLSAccessID
Set parameter WLSSecret
Set parameter LicenseID to value 938810
Set parameter LogFile to value "gurobi.log"
Using license file /home/users/a/agma/gurobi.lic
Academic license 938810 - for non-commercial use only - registered to ag___@tu-berlin.de

Gurobi 12.0.2 (linux64, gurobi_cl) logging started Wed Jun 10 12:01:25 2026

Set parameter WLSAccessID
Set parameter WLSSecret
Set parameter LicenseID to value 938810
Set parameter LogFile to value "gurobi.log"
Using license file /home/users/a/agma/gurobi.lic
Academic license 938810 - for non-commercial use only - registered to ag___@tu-berlin.de

Gurobi 12.0.2 (linux64, gurobi_cl) logging started Wed Jun 10 12:03:36 2026

Set parameter WLSAccessID
Set parameter WLSSecret
Set parameter LicenseID to value 938810
Set parameter LogFile to value "gurobi.log"
Using license file /home/users/a/agma/gurobi.lic
Academic license 938810 - for non-commercial use only - registered to ag___@tu-berlin.de

Gurobi 12.0.2 (linux64, gurobi_cl) logging started Wed Jun 10 12:03:37 2026

Set parameter WLSAccessID
Set parameter WLSSecret
Set parameter LicenseID to value 938810
Set parameter LogFile to value "gurobi.log"
Using license file /home/users/a/agma/gurobi.lic
Academic license 938810 - for non-commercial use only - registered to ag___@tu-berlin.de

Gurobi 12.0.2 (linux64, gurobi_cl) logging started Wed Jun 10 12:03:55 2026

Set parameter WLSAccessID
Set parameter WLSSecret
Set parameter LicenseID to value 938810
Set parameter LogFile to value "gurobi.log"
Using license file /home/users/a/agma/gurobi.lic
Academic license 938810 - for non-commercial use only - registered to ag___@tu-berlin.de

Gurobi 12.0.2 (linux64, gurobi_cl) logging started Wed Jun 10 12:03:56 2026

Set parameter WLSAccessID
Set parameter WLSSecret
Set parameter LicenseID to value 938810
Set parameter LogFile to value "gurobi.log"
Using license file /home/users/a/agma/gurobi.lic
Academic license 938810 - for non-commercial use only - registered to ag___@tu-berlin.de

Gurobi 12.0.2 (linux64, gurobi_cl) logging started Wed Jun 10 12:06:11 2026


Gurobi 12.0.2 (linux64, gurobi_cl) logging started Wed Jun 10 12:06:11 2026

Set parameter WLSAccessID
Set parameter WLSSecret
Set parameter LicenseID to value 938810
Set parameter LogFile to value "gurobi.log"
Using license file /home/users/a/agma/gurobi.lic
Set parameter WLSAccessID
Set parameter WLSSecret
Set parameter LicenseID to value 938810
Set parameter LogFile to value "gurobi.log"
Using license file /home/users/a/agma/gurobi.lic
Academic license 938810 - for non-commercial use only - registered to ag___@tu-berlin.de
Academic license 938810 - for non-commercial use only - registered to ag___@tu-berlin.de

Gurobi 12.0.2 (linux64, gurobi_cl) logging started Wed Jun 10 12:06:38 2026

Set parameter WLSAccessID
Set parameter WLSSecret
Set parameter LicenseID to value 938810
Set parameter LogFile to value "gurobi.log"
Using license file /home/users/a/agma/gurobi.lic
Academic license 938810 - for non-commercial use only - registered to ag___@tu-berlin.de

Gurobi 12.0.2 (linux64, gurobi_cl) logging started Wed Jun 10 12:06:38 2026

Set parameter WLSAccessID
Set parameter WLSSecret
Set parameter LicenseID to value 938810
Set parameter LogFile to value "gurobi.log"
Using license file /home/users/a/agma/gurobi.lic
Academic license 938810 - for non-commercial use only - registered to ag___@tu-berlin.de

Gurobi 12.0.2 (linux64, gurobi_cl) logging started Wed Jun 10 12:08:38 2026

Set parameter WLSAccessID
Set parameter WLSSecret
Set parameter LicenseID to value 938810
Set parameter LogFile to value "gurobi.log"
Using license file /home/users/a/agma/gurobi.lic
Academic license 938810 - for non-commercial use only - registered to ag___@tu-berlin.de

Gurobi 12.0.2 (linux64, gurobi_cl) logging started Wed Jun 10 12:08:56 2026

Set parameter WLSAccessID
Set parameter WLSSecret
Set parameter LicenseID to value 938810
Set parameter LogFile to value "gurobi.log"
Using license file /home/users/a/agma/gurobi.lic
Academic license 938810 - for non-commercial use only - registered to ag___@tu-berlin.de

Gurobi 12.0.2 (linux64, gurobi_cl) logging started Wed Jun 10 12:14:56 2026

Set parameter WLSAccessID
Set parameter WLSSecret
Set parameter LicenseID to value 938810
Set parameter LogFile to value "gurobi.log"
Using license file /home/users/a/agma/gurobi.lic
Academic license 938810 - for non-commercial use only - registered to ag___@tu-berlin.de

Gurobi 12.0.2 (linux64, gurobi_cl) logging started Wed Jun 10 12:33:07 2026

Set parameter WLSAccessID
Set parameter WLSSecret
Set parameter LicenseID to value 938810
Set parameter LogFile to value "gurobi.log"
Using license file /home/users/a/agma/gurobi.lic
Academic license 938810 - for non-commercial use only - registered to ag___@tu-berlin.de

Gurobi 12.0.2 (linux64, gurobi_cl) logging started Wed Jun 10 12:33:36 2026

Set parameter WLSAccessID
Set parameter WLSSecret
Set parameter LicenseID to value 938810
Set parameter LogFile to value "gurobi.log"
Using license file /home/users/a/agma/gurobi.lic
Academic license 938810 - for non-commercial use only - registered to ag___@tu-berlin.de

Gurobi 12.0.2 (linux64, gurobi_cl) logging started Wed Jun 10 12:33:36 2026


Gurobi 12.0.2 (linux64, gurobi_cl) logging started Wed Jun 10 12:33:36 2026

Set parameter WLSAccessID

Gurobi 12.0.2 (linux64, gurobi_cl) logging started Wed Jun 10 12:33:36 2026

Set parameter WLSSecret
Set parameter LicenseID to value 938810
Set parameter LogFile to value "gurobi.log"
Using license file /home/users/a/agma/gurobi.lic
Set parameter WLSAccessID
Set parameter WLSSecret
Set parameter WLSAccessID
Set parameter LicenseID to value 938810
Set parameter WLSSecret
Set parameter LicenseID to value 938810
Set parameter LogFile to value "gurobi.log"
Set parameter LogFile to value "gurobi.log"
Using license file /home/users/a/agma/gurobi.lic
Using license file /home/users/a/agma/gurobi.lic
Academic license 938810 - for non-commercial use only - registered to ag___@tu-berlin.de

Gurobi 12.0.2 (linux64, gurobi_cl) logging started Wed Jun 10 12:33:36 2026

Academic license 938810 - for non-commercial use only - registered to ag___@tu-berlin.de
Academic license 938810 - for non-commercial use only - registered to ag___@tu-berlin.de
Set parameter WLSAccessID
Set parameter WLSSecret
Set parameter LicenseID to value 938810
Set parameter LogFile to value "gurobi.log"
Using license file /home/users/a/agma/gurobi.lic
Academic license 938810 - for non-commercial use only - registered to ag___@tu-berlin.de

Gurobi 12.0.2 (linux64, gurobi_cl) logging started Wed Jun 10 12:33:55 2026


Gurobi 12.0.2 (linux64, gurobi_cl) logging started Wed Jun 10 12:33:55 2026


Gurobi 12.0.2 (linux64, gurobi_cl) logging started Wed Jun 10 12:33:55 2026

Set parameter WLSAccessID
Set parameter WLSSecret
Set parameter LicenseID to value 938810
Set parameter WLSAccessID
Set parameter WLSSecret
Set parameter LogFile to value "gurobi.log"
Using license file /home/users/a/agma/gurobi.lic
Set parameter LicenseID to value 938810
Set parameter WLSAccessID
Set parameter WLSSecret
Set parameter LogFile to value "gurobi.log"
Using license file /home/users/a/agma/gurobi.lic
Set parameter LicenseID to value 938810
Set parameter LogFile to value "gurobi.log"
Using license file /home/users/a/agma/gurobi.lic
Academic license 938810 - for non-commercial use only - registered to ag___@tu-berlin.de
Academic license 938810 - for non-commercial use only - registered to ag___@tu-berlin.de
Academic license 938810 - for non-commercial use only - registered to ag___@tu-berlin.de

Gurobi 12.0.2 (linux64, gurobi_cl) logging started Wed Jun 10 12:33:56 2026

Set parameter WLSAccessID
Set parameter WLSSecret
Set parameter LicenseID to value 938810
Set parameter LogFile to value "gurobi.log"
Using license file /home/users/a/agma/gurobi.lic
Academic license 938810 - for non-commercial use only - registered to ag___@tu-berlin.de

Gurobi 12.0.2 (linux64, gurobi_cl) logging started Wed Jun 10 12:34:13 2026


Gurobi 12.0.2 (linux64, gurobi_cl) logging started Wed Jun 10 12:34:13 2026


Gurobi 12.0.2 (linux64, gurobi_cl) logging started Wed Jun 10 12:34:13 2026


Gurobi 12.0.2 (linux64, gurobi_cl) logging started Wed Jun 10 12:34:13 2026

Set parameter WLSAccessID
Set parameter WLSSecret
Set parameter LicenseID to value 938810
Set parameter LogFile to value "gurobi.log"
Set parameter WLSAccessID
Set parameter WLSSecret
Using license file /home/users/a/agma/gurobi.lic
Set parameter WLSAccessID
Set parameter WLSSecret
Set parameter LicenseID to value 938810
Set parameter WLSAccessID
Set parameter WLSSecret
Set parameter LicenseID to value 938810
Set parameter LogFile to value "gurobi.log"
Set parameter LicenseID to value 938810
Set parameter LogFile to value "gurobi.log"
Using license file /home/users/a/agma/gurobi.lic
Set parameter LogFile to value "gurobi.log"
Using license file /home/users/a/agma/gurobi.lic
Using license file /home/users/a/agma/gurobi.lic
Academic license 938810 - for non-commercial use only - registered to ag___@tu-berlin.de
Academic license 938810 - for non-commercial use only - registered to ag___@tu-berlin.de
Academic license 938810 - for non-commercial use only - registered to ag___@tu-berlin.de
Academic license 938810 - for non-commercial use only - registered to ag___@tu-berlin.de

Gurobi 12.0.2 (linux64, gurobi_cl) logging started Wed Jun 10 12:34:20 2026


Gurobi 12.0.2 (linux64, gurobi_cl) logging started Wed Jun 10 12:34:20 2026


Gurobi 12.0.2 (linux64, gurobi_cl) logging started Wed Jun 10 12:34:20 2026

Set parameter WLSAccessID
Set parameter WLSSecret
Set parameter LicenseID to value 938810
Set parameter WLSAccessID
Set parameter WLSSecret
Set parameter LogFile to value "gurobi.log"
Using license file /home/users/a/agma/gurobi.lic
Set parameter LicenseID to value 938810
Set parameter WLSAccessID
Set parameter WLSSecret
Set parameter LogFile to value "gurobi.log"
Set parameter LicenseID to value 938810
Using license file /home/users/a/agma/gurobi.lic
Set parameter LogFile to value "gurobi.log"
Using license file /home/users/a/agma/gurobi.lic
Academic license 938810 - for non-commercial use only - registered to ag___@tu-berlin.de
Academic license 938810 - for non-commercial use only - registered to ag___@tu-berlin.de
Academic license 938810 - for non-commercial use only - registered to ag___@tu-berlin.de

Gurobi 12.0.2 (linux64, gurobi_cl) logging started Wed Jun 10 12:36:02 2026

Set parameter WLSAccessID
Set parameter WLSSecret
Set parameter LicenseID to value 938810
Set parameter LogFile to value "gurobi.log"
Using license file /home/users/a/agma/gurobi.lic
Academic license 938810 - for non-commercial use only - registered to ag___@tu-berlin.de

Gurobi 12.0.2 (linux64, gurobi_cl) logging started Wed Jun 10 12:36:02 2026

Set parameter WLSAccessID
Set parameter WLSSecret
Set parameter LicenseID to value 938810
Set parameter LogFile to value "gurobi.log"
Using license file /home/users/a/agma/gurobi.lic
Academic license 938810 - for non-commercial use only - registered to ag___@tu-berlin.de

Gurobi 12.0.2 (linux64, gurobi_cl) logging started Wed Jun 10 12:36:03 2026

Set parameter WLSAccessID
Set parameter WLSSecret
Set parameter LicenseID to value 938810
Set parameter LogFile to value "gurobi.log"
Using license file /home/users/a/agma/gurobi.lic
Academic license 938810 - for non-commercial use only - registered to ag___@tu-berlin.de

Gurobi 12.0.2 (linux64, gurobi_cl) logging started Wed Jun 10 12:36:06 2026


Gurobi 12.0.2 (linux64, gurobi_cl) logging started Wed Jun 10 12:36:06 2026

Set parameter WLSAccessID
Set parameter WLSSecret
Set parameter WLSAccessID
Set parameter WLSSecret
Set parameter LicenseID to value 938810
Set parameter LicenseID to value 938810
Set parameter LogFile to value "gurobi.log"
Using license file /home/users/a/agma/gurobi.lic
Set parameter LogFile to value "gurobi.log"
Using license file /home/users/a/agma/gurobi.lic
Academic license 938810 - for non-commercial use only - registered to ag___@tu-berlin.de
Academic license 938810 - for non-commercial use only - registered to ag___@tu-berlin.de

Gurobi 12.0.2 (linux64, gurobi_cl) logging started Wed Jun 10 12:36:06 2026


Gurobi 12.0.2 (linux64, gurobi_cl) logging started Wed Jun 10 12:36:06 2026


Gurobi 12.0.2 (linux64, gurobi_cl) logging started Wed Jun 10 12:36:06 2026

Set parameter WLSAccessID
Set parameter WLSSecret
Set parameter LicenseID to value 938810
Set parameter WLSAccessID
Set parameter WLSSecret
Set parameter LogFile to value "gurobi.log"
Using license file /home/users/a/agma/gurobi.lic
Set parameter LicenseID to value 938810
Set parameter WLSAccessID
Set parameter WLSSecret
Set parameter LicenseID to value 938810
Set parameter LogFile to value "gurobi.log"
Using license file /home/users/a/agma/gurobi.lic
Set parameter LogFile to value "gurobi.log"
Using license file /home/users/a/agma/gurobi.lic
Academic license 938810 - for non-commercial use only - registered to ag___@tu-berlin.de
Academic license 938810 - for non-commercial use only - registered to ag___@tu-berlin.de
Academic license 938810 - for non-commercial use only - registered to ag___@tu-berlin.de

Gurobi 12.0.2 (linux64, gurobi_cl) logging started Wed Jun 10 12:36:24 2026

Set parameter WLSAccessID
Set parameter WLSSecret
Set parameter LicenseID to value 938810
Set parameter LogFile to value "gurobi.log"
Using license file /home/users/a/agma/gurobi.lic
Academic license 938810 - for non-commercial use only - registered to ag___@tu-berlin.de

Gurobi 12.0.2 (linux64, gurobi_cl) logging started Wed Jun 10 12:36:25 2026

Set parameter WLSAccessID
Set parameter WLSSecret
Set parameter LicenseID to value 938810
Set parameter LogFile to value "gurobi.log"
Using license file /home/users/a/agma/gurobi.lic
Academic license 938810 - for non-commercial use only - registered to ag___@tu-berlin.de

Gurobi 12.0.2 (linux64, gurobi_cl) logging started Wed Jun 10 12:36:27 2026

Set parameter WLSAccessID
Set parameter WLSSecret
Set parameter LicenseID to value 938810
Set parameter LogFile to value "gurobi.log"
Using license file /home/users/a/agma/gurobi.lic
Academic license 938810 - for non-commercial use only - registered to ag___@tu-berlin.de

Gurobi 12.0.2 (linux64, gurobi_cl) logging started Wed Jun 10 12:36:28 2026


Gurobi 12.0.2 (linux64, gurobi_cl) logging started Wed Jun 10 12:36:28 2026

Set parameter WLSAccessID
Set parameter WLSSecret
Set parameter LicenseID to value 938810
Set parameter LogFile to value "gurobi.log"
Using license file /home/users/a/agma/gurobi.lic
Set parameter WLSAccessID
Set parameter WLSSecret
Set parameter LicenseID to value 938810
Set parameter LogFile to value "gurobi.log"
Using license file /home/users/a/agma/gurobi.lic
Academic license 938810 - for non-commercial use only - registered to ag___@tu-berlin.de
Academic license 938810 - for non-commercial use only - registered to ag___@tu-berlin.de

Gurobi 12.0.2 (linux64, gurobi_cl) logging started Wed Jun 10 12:36:37 2026


Gurobi 12.0.2 (linux64, gurobi_cl) logging started Wed Jun 10 12:36:37 2026


Gurobi 12.0.2 (linux64, gurobi_cl) logging started Wed Jun 10 12:36:37 2026

Set parameter WLSAccessID
Set parameter WLSSecret
Set parameter LicenseID to value 938810
Set parameter WLSAccessID
Set parameter LogFile to value "gurobi.log"
Set parameter WLSSecret
Using license file /home/users/a/agma/gurobi.lic
Set parameter LicenseID to value 938810
Set parameter WLSAccessID
Set parameter LogFile to value "gurobi.log"
Using license file /home/users/a/agma/gurobi.lic
Set parameter WLSSecret
Set parameter LicenseID to value 938810
Set parameter LogFile to value "gurobi.log"
Using license file /home/users/a/agma/gurobi.lic
Academic license 938810 - for non-commercial use only - registered to ag___@tu-berlin.de
Academic license 938810 - for non-commercial use only - registered to ag___@tu-berlin.de
Academic license 938810 - for non-commercial use only - registered to ag___@tu-berlin.de

Gurobi 12.0.2 (linux64, gurobi_cl) logging started Wed Jun 10 12:37:31 2026

Set parameter WLSAccessID
Set parameter WLSSecret
Set parameter LicenseID to value 938810
Set parameter LogFile to value "gurobi.log"
Using license file /home/users/a/agma/gurobi.lic
Academic license 938810 - for non-commercial use only - registered to ag___@tu-berlin.de

Gurobi 12.0.2 (linux64, gurobi_cl) logging started Wed Jun 10 12:37:32 2026

Set parameter WLSAccessID
Set parameter WLSSecret
Set parameter LicenseID to value 938810
Set parameter LogFile to value "gurobi.log"
Using license file /home/users/a/agma/gurobi.lic
Academic license 938810 - for non-commercial use only - registered to ag___@tu-berlin.de

Gurobi 12.0.2 (linux64, gurobi_cl) logging started Wed Jun 10 12:37:53 2026

Set parameter WLSAccessID
Set parameter WLSSecret
Set parameter LicenseID to value 938810
Set parameter LogFile to value "gurobi.log"
Using license file /home/users/a/agma/gurobi.lic
Academic license 938810 - for non-commercial use only - registered to ag___@tu-berlin.de

Gurobi 12.0.2 (linux64, gurobi_cl) logging started Wed Jun 10 12:37:53 2026

Set parameter WLSAccessID
Set parameter WLSSecret
Set parameter LicenseID to value 938810
Set parameter LogFile to value "gurobi.log"
Using license file /home/users/a/agma/gurobi.lic
Academic license 938810 - for non-commercial use only - registered to ag___@tu-berlin.de

Gurobi 12.0.2 (linux64, gurobi_cl) logging started Wed Jun 10 12:38:16 2026


Gurobi 12.0.2 (linux64, gurobi_cl) logging started Wed Jun 10 12:38:16 2026

Set parameter WLSAccessID
Set parameter WLSSecret
Set parameter LicenseID to value 938810
Set parameter LogFile to value "gurobi.log"
Set parameter WLSAccessID
Set parameter WLSSecret
Using license file /home/users/a/agma/gurobi.lic
Set parameter LicenseID to value 938810
Set parameter LogFile to value "gurobi.log"
Using license file /home/users/a/agma/gurobi.lic
Academic license 938810 - for non-commercial use only - registered to ag___@tu-berlin.de
Academic license 938810 - for non-commercial use only - registered to ag___@tu-berlin.de

Gurobi 12.0.2 (linux64, gurobi_cl) logging started Wed Jun 10 12:38:17 2026


Gurobi 12.0.2 (linux64, gurobi_cl) logging started Wed Jun 10 12:38:17 2026


Gurobi 12.0.2 (linux64, gurobi_cl) logging started Wed Jun 10 12:38:17 2026

Set parameter WLSAccessID
Set parameter WLSSecret
Set parameter LicenseID to value 938810
Set parameter WLSAccessID
Set parameter WLSSecret
Set parameter LogFile to value "gurobi.log"
Set parameter LicenseID to value 938810
Set parameter WLSAccessID
Using license file /home/users/a/agma/gurobi.lic
Set parameter LogFile to value "gurobi.log"
Using license file /home/users/a/agma/gurobi.lic
Set parameter WLSSecret
Set parameter LicenseID to value 938810
Set parameter LogFile to value "gurobi.log"
Using license file /home/users/a/agma/gurobi.lic
Academic license 938810 - for non-commercial use only - registered to ag___@tu-berlin.de
Academic license 938810 - for non-commercial use only - registered to ag___@tu-berlin.de
Academic license 938810 - for non-commercial use only - registered to ag___@tu-berlin.de

Gurobi 12.0.2 (linux64, gurobi_cl) logging started Wed Jun 10 12:38:17 2026

Set parameter WLSAccessID
Set parameter WLSSecret
Set parameter LicenseID to value 938810
Set parameter LogFile to value "gurobi.log"
Using license file /home/users/a/agma/gurobi.lic
Academic license 938810 - for non-commercial use only - registered to ag___@tu-berlin.de

Gurobi 12.0.2 (linux64, gurobi_cl) logging started Wed Jun 10 12:38:37 2026


Gurobi 12.0.2 (linux64, gurobi_cl) logging started Wed Jun 10 12:38:37 2026

Set parameter WLSAccessID
Set parameter WLSSecret
Set parameter LicenseID to value 938810
Set parameter LogFile to value "gurobi.log"
Using license file /home/users/a/agma/gurobi.lic
Set parameter WLSAccessID
Set parameter WLSSecret
Set parameter LicenseID to value 938810
Set parameter LogFile to value "gurobi.log"
Using license file /home/users/a/agma/gurobi.lic
Academic license 938810 - for non-commercial use only - registered to ag___@tu-berlin.de
Academic license 938810 - for non-commercial use only - registered to ag___@tu-berlin.de

Gurobi 12.0.2 (linux64, gurobi_cl) logging started Wed Jun 10 12:38:41 2026


Gurobi 12.0.2 (linux64, gurobi_cl) logging started Wed Jun 10 12:38:41 2026


Gurobi 12.0.2 (linux64, gurobi_cl) logging started Wed Jun 10 12:38:41 2026


Gurobi 12.0.2 (linux64, gurobi_cl) logging started Wed Jun 10 12:38:41 2026

Set parameter WLSAccessID
Set parameter WLSSecret
Set parameter LicenseID to value 938810
Set parameter LogFile to value "gurobi.log"
Using license file /home/users/a/agma/gurobi.lic
Set parameter WLSAccessID
Set parameter WLSSecret
Set parameter WLSAccessID
Set parameter LicenseID to value 938810
Set parameter WLSSecret
Set parameter LogFile to value "gurobi.log"
Set parameter LicenseID to value 938810
Using license file /home/users/a/agma/gurobi.lic
Set parameter WLSAccessID
Set parameter LogFile to value "gurobi.log"
Academic license 938810 - for non-commercial use only - registered to ag___@tu-berlin.de
Set parameter WLSSecret
Academic license 938810 - for non-commercial use only - registered to ag___@tu-berlin.de
Using license file /home/users/a/agma/gurobi.lic
Set parameter LicenseID to value 938810
Set parameter LogFile to value "gurobi.log"
Using license file /home/users/a/agma/gurobi.lic
Academic license 938810 - for non-commercial use only - registered to ag___@tu-berlin.de
Academic license 938810 - for non-commercial use only - registered to ag___@tu-berlin.de

Gurobi 12.0.2 (linux64, gurobi_cl) logging started Wed Jun 10 12:41:14 2026

Set parameter WLSAccessID
Set parameter WLSSecret
Set parameter LicenseID to value 938810
Set parameter LogFile to value "gurobi.log"
Using license file /home/users/a/agma/gurobi.lic
Set parameter WLSAccessID
Set parameter WLSSecret
Set parameter LicenseID to value 938810
Set parameter LogFile to value "gurobi.log"
Using license file /home/users/a/agma/gurobi.lic
Academic license 938810 - for non-commercial use only - registered to ag___@tu-berlin.de
Academic license 938810 - for non-commercial use only - registered to ag___@tu-berlin.de

Gurobi 12.0.2 (linux64, gurobi_cl) logging started Wed Jun 10 12:41:31 2026

Set parameter WLSAccessID
Set parameter WLSSecret
Set parameter LicenseID to value 938810
Set parameter LogFile to value "gurobi.log"
Using license file /home/users/a/agma/gurobi.lic
Academic license 938810 - for non-commercial use only - registered to ag___@tu-berlin.de
Academic license 938810 - for non-commercial use only - registered to ag___@tu-berlin.de

Gurobi 12.0.2 (linux64, gurobi_cl) logging started Wed Jun 10 12:42:42 2026

Set parameter WLSAccessID
Set parameter WLSSecret
Set parameter LicenseID to value 938810
Set parameter LogFile to value "gurobi.log"
Using license file /home/users/a/agma/gurobi.lic

Gurobi 12.0.2 (linux64, gurobi_cl) logging started Wed Jun 10 12:42:42 2026

Academic license 938810 - for non-commercial use only - registered to ag___@tu-berlin.de
Set parameter WLSAccessID
Set parameter WLSSecret
Set parameter LicenseID to value 938810
Set parameter LogFile to value "gurobi.log"
Using license file /home/users/a/agma/gurobi.lic
Academic license 938810 - for non-commercial use only - registered to ag___@tu-berlin.de

Gurobi 12.0.2 (linux64, gurobi_cl) logging started Wed Jun 10 12:42:59 2026

Set parameter WLSAccessID
Set parameter WLSSecret
Set parameter LicenseID to value 938810
Set parameter LogFile to value "gurobi.log"
Using license file /home/users/a/agma/gurobi.lic
Academic license 938810 - for non-commercial use only - registered to ag___@tu-berlin.de

Gurobi 12.0.2 (linux64, gurobi_cl) logging started Wed Jun 10 12:43:00 2026

Set parameter WLSAccessID
Set parameter WLSSecret
Set parameter LicenseID to value 938810
Set parameter LogFile to value "gurobi.log"
Using license file /home/users/a/agma/gurobi.lic
Academic license 938810 - for non-commercial use only - registered to ag___@tu-berlin.de

Gurobi 12.0.2 (linux64, gurobi_cl) logging started Wed Jun 10 12:43:26 2026

Set parameter WLSAccessID
Set parameter WLSSecret
Set parameter LicenseID to value 938810
Set parameter LogFile to value "gurobi.log"
Using license file /home/users/a/agma/gurobi.lic
Academic license 938810 - for non-commercial use only - registered to ag___@tu-berlin.de

Gurobi 12.0.2 (linux64, gurobi_cl) logging started Wed Jun 10 12:43:26 2026

Set parameter WLSAccessID
Set parameter WLSSecret
Set parameter LicenseID to value 938810
Set parameter LogFile to value "gurobi.log"
Using license file /home/users/a/agma/gurobi.lic
Academic license 938810 - for non-commercial use only - registered to ag___@tu-berlin.de

Gurobi 12.0.2 (linux64, gurobi_cl) logging started Wed Jun 10 12:43:42 2026

Set parameter WLSAccessID
Set parameter WLSSecret
Set parameter LicenseID to value 938810
Set parameter LogFile to value "gurobi.log"
Using license file /home/users/a/agma/gurobi.lic
Academic license 938810 - for non-commercial use only - registered to ag___@tu-berlin.de

Gurobi 12.0.2 (linux64, gurobi_cl) logging started Wed Jun 10 12:43:42 2026

Set parameter WLSAccessID
Set parameter WLSSecret
Set parameter LicenseID to value 938810
Set parameter LogFile to value "gurobi.log"
Using license file /home/users/a/agma/gurobi.lic
Academic license 938810 - for non-commercial use only - registered to ag___@tu-berlin.de

Gurobi 12.0.2 (linux64, gurobi_cl) logging started Wed Jun 10 12:44:56 2026

Set parameter WLSAccessID
Set parameter WLSSecret
Set parameter LicenseID to value 938810
Set parameter LogFile to value "gurobi.log"
Using license file /home/users/a/agma/gurobi.lic
Academic license 938810 - for non-commercial use only - registered to ag___@tu-berlin.de

Gurobi 12.0.2 (linux64, gurobi_cl) logging started Wed Jun 10 12:44:56 2026

Set parameter WLSAccessID
Set parameter WLSSecret
Set parameter LicenseID to value 938810
Set parameter LogFile to value "gurobi.log"
Using license file /home/users/a/agma/gurobi.lic
Academic license 938810 - for non-commercial use only - registered to ag___@tu-berlin.de

Gurobi 12.0.2 (linux64, gurobi_cl) logging started Wed Jun 10 12:45:12 2026

Set parameter WLSAccessID
Set parameter WLSSecret
Set parameter LicenseID to value 938810
Set parameter LogFile to value "gurobi.log"
Using license file /home/users/a/agma/gurobi.lic
Academic license 938810 - for non-commercial use only - registered to ag___@tu-berlin.de

Gurobi 12.0.2 (linux64, gurobi_cl) logging started Wed Jun 10 12:45:12 2026

Set parameter WLSAccessID
Set parameter WLSSecret
Set parameter LicenseID to value 938810
Set parameter LogFile to value "gurobi.log"
Using license file /home/users/a/agma/gurobi.lic
Academic license 938810 - for non-commercial use only - registered to ag___@tu-berlin.de

Gurobi 12.0.2 (linux64, gurobi_cl) logging started Wed Jun 10 12:45:34 2026

Set parameter WLSAccessID
Set parameter WLSSecret
Set parameter LicenseID to value 938810
Set parameter LogFile to value "gurobi.log"
Using license file /home/users/a/agma/gurobi.lic
Academic license 938810 - for non-commercial use only - registered to ag___@tu-berlin.de

Gurobi 12.0.2 (linux64, gurobi_cl) logging started Wed Jun 10 12:45:35 2026

Set parameter WLSAccessID
Set parameter WLSSecret
Set parameter LicenseID to value 938810
Set parameter LogFile to value "gurobi.log"
Using license file /home/users/a/agma/gurobi.lic
Academic license 938810 - for non-commercial use only - registered to ag___@tu-berlin.de

Gurobi 12.0.2 (linux64, gurobi_cl) logging started Wed Jun 10 12:45:53 2026

Set parameter WLSAccessID
Set parameter WLSSecret
Set parameter LicenseID to value 938810
Set parameter LogFile to value "gurobi.log"
Using license file /home/users/a/agma/gurobi.lic
Academic license 938810 - for non-commercial use only - registered to ag___@tu-berlin.de

Gurobi 12.0.2 (linux64, gurobi_cl) logging started Wed Jun 10 12:45:54 2026

Set parameter WLSAccessID
Set parameter WLSSecret
Set parameter LicenseID to value 938810
Set parameter LogFile to value "gurobi.log"
Using license file /home/users/a/agma/gurobi.lic
Academic license 938810 - for non-commercial use only - registered to ag___@tu-berlin.de

Gurobi 12.0.2 (linux64, gurobi_cl) logging started Wed Jun 10 12:47:06 2026

Set parameter WLSAccessID
Set parameter WLSSecret
Set parameter LicenseID to value 938810
Set parameter LogFile to value "gurobi.log"
Using license file /home/users/a/agma/gurobi.lic
Academic license 938810 - for non-commercial use only - registered to ag___@tu-berlin.de

Gurobi 12.0.2 (linux64, gurobi_cl) logging started Wed Jun 10 12:47:06 2026

Set parameter WLSAccessID
Set parameter WLSSecret
Set parameter LicenseID to value 938810
Set parameter LogFile to value "gurobi.log"
Using license file /home/users/a/agma/gurobi.lic
Academic license 938810 - for non-commercial use only - registered to ag___@tu-berlin.de

Gurobi 12.0.2 (linux64, gurobi_cl) logging started Wed Jun 10 12:47:24 2026

Set parameter WLSAccessID
Set parameter WLSSecret
Set parameter LicenseID to value 938810
Set parameter LogFile to value "gurobi.log"
Using license file /home/users/a/agma/gurobi.lic
Academic license 938810 - for non-commercial use only - registered to ag___@tu-berlin.de

Gurobi 12.0.2 (linux64, gurobi_cl) logging started Wed Jun 10 12:47:24 2026

Set parameter WLSAccessID
Set parameter WLSSecret
Set parameter LicenseID to value 938810
Set parameter LogFile to value "gurobi.log"
Using license file /home/users/a/agma/gurobi.lic
Academic license 938810 - for non-commercial use only - registered to ag___@tu-berlin.de

Gurobi 12.0.2 (linux64, gurobi_cl) logging started Wed Jun 10 12:47:49 2026

Set parameter WLSAccessID
Set parameter WLSSecret
Set parameter LicenseID to value 938810
Set parameter LogFile to value "gurobi.log"
Using license file /home/users/a/agma/gurobi.lic
Academic license 938810 - for non-commercial use only - registered to ag___@tu-berlin.de

Gurobi 12.0.2 (linux64, gurobi_cl) logging started Wed Jun 10 12:47:49 2026

Set parameter WLSAccessID
Set parameter WLSSecret
Set parameter LicenseID to value 938810
Set parameter LogFile to value "gurobi.log"
Using license file /home/users/a/agma/gurobi.lic
Academic license 938810 - for non-commercial use only - registered to ag___@tu-berlin.de

Gurobi 12.0.2 (linux64, gurobi_cl) logging started Wed Jun 10 12:48:05 2026

Set parameter WLSAccessID
Set parameter WLSSecret
Set parameter LicenseID to value 938810
Set parameter LogFile to value "gurobi.log"
Using license file /home/users/a/agma/gurobi.lic
Academic license 938810 - for non-commercial use only - registered to ag___@tu-berlin.de

Gurobi 12.0.2 (linux64, gurobi_cl) logging started Wed Jun 10 12:48:06 2026

Set parameter WLSAccessID
Set parameter WLSSecret
Set parameter LicenseID to value 938810
Set parameter LogFile to value "gurobi.log"
Using license file /home/users/a/agma/gurobi.lic
Academic license 938810 - for non-commercial use only - registered to ag___@tu-berlin.de

Gurobi 12.0.2 (linux64, gurobi_cl) logging started Wed Jun 10 12:49:17 2026

Set parameter WLSAccessID
Set parameter WLSSecret
Set parameter LicenseID to value 938810
Set parameter LogFile to value "gurobi.log"
Using license file /home/users/a/agma/gurobi.lic
Academic license 938810 - for non-commercial use only - registered to ag___@tu-berlin.de

Gurobi 12.0.2 (linux64, gurobi_cl) logging started Wed Jun 10 12:49:34 2026

Set parameter WLSAccessID
Set parameter WLSSecret
Set parameter LicenseID to value 938810
Set parameter LogFile to value "gurobi.log"
Using license file /home/users/a/agma/gurobi.lic
Academic license 938810 - for non-commercial use only - registered to ag___@tu-berlin.de

Gurobi 12.0.2 (linux64, gurobi_cl) logging started Wed Jun 10 12:49:55 2026

Set parameter WLSAccessID
Set parameter WLSSecret
Set parameter LicenseID to value 938810
Set parameter LogFile to value "gurobi.log"
Using license file /home/users/a/agma/gurobi.lic
Academic license 938810 - for non-commercial use only - registered to ag___@tu-berlin.de

Gurobi 12.0.2 (linux64, gurobi_cl) logging started Wed Jun 10 12:50:08 2026

Set parameter WLSAccessID
Set parameter WLSSecret
Set parameter LicenseID to value 938810
Set parameter LogFile to value "gurobi.log"
Using license file /home/users/a/agma/gurobi.lic
Academic license 938810 - for non-commercial use only - registered to ag___@tu-berlin.de

Gurobi 12.0.2 (linux64, gurobi_cl) logging started Wed Jun 10 12:58:46 2026

Set parameter WLSAccessID
Set parameter WLSSecret
Set parameter LicenseID to value 938810
Set parameter LogFile to value "gurobi.log"
Using license file /home/users/a/agma/gurobi.lic
Academic license 938810 - for non-commercial use only - registered to ag___@tu-berlin.de

Gurobi 12.0.2 (linux64, gurobi_cl) logging started Wed Jun 10 12:59:05 2026

Set parameter WLSAccessID
Set parameter WLSSecret
Set parameter LicenseID to value 938810
Set parameter LogFile to value "gurobi.log"
Using license file /home/users/a/agma/gurobi.lic
Academic license 938810 - for non-commercial use only - registered to ag___@tu-berlin.de

Gurobi 12.0.2 (linux64, gurobi_cl) logging started Wed Jun 10 12:59:06 2026

Set parameter WLSAccessID
Set parameter WLSSecret
Set parameter LicenseID to value 938810
Set parameter LogFile to value "gurobi.log"
Using license file /home/users/a/agma/gurobi.lic
Academic license 938810 - for non-commercial use only - registered to ag___@tu-berlin.de

Gurobi 12.0.2 (linux64, gurobi_cl) logging started Wed Jun 10 12:59:08 2026

Set parameter WLSAccessID
Set parameter WLSSecret
Set parameter LicenseID to value 938810
Set parameter LogFile to value "gurobi.log"
Using license file /home/users/a/agma/gurobi.lic
Academic license 938810 - for non-commercial use only - registered to ag___@tu-berlin.de

Gurobi 12.0.2 (linux64, gurobi_cl) logging started Wed Jun 10 12:59:08 2026

Set parameter WLSAccessID
Set parameter WLSSecret
Set parameter LicenseID to value 938810
Set parameter LogFile to value "gurobi.log"
Using license file /home/users/a/agma/gurobi.lic
Academic license 938810 - for non-commercial use only - registered to ag___@tu-berlin.de

Gurobi 12.0.2 (linux64, gurobi_cl) logging started Wed Jun 10 12:59:16 2026


Gurobi 12.0.2 (linux64, gurobi_cl) logging started Wed Jun 10 12:59:16 2026


Gurobi 12.0.2 (linux64, gurobi_cl) logging started Wed Jun 10 12:59:16 2026


Gurobi 12.0.2 (linux64, gurobi_cl) logging started Wed Jun 10 12:59:16 2026

Set parameter WLSAccessID
Set parameter WLSSecret
Set parameter LicenseID to value 938810
Set parameter LogFile to value "gurobi.log"
Using license file /home/users/a/agma/gurobi.lic
Set parameter WLSAccessID
Set parameter WLSSecret
Set parameter LicenseID to value 938810
Set parameter WLSAccessID
Set parameter LogFile to value "gurobi.log"
Using license file /home/users/a/agma/gurobi.lic
Set parameter WLSAccessID
Set parameter WLSSecret
Set parameter WLSSecret
Set parameter LicenseID to value 938810
Set parameter LicenseID to value 938810
Set parameter LogFile to value "gurobi.log"
Set parameter LogFile to value "gurobi.log"
Using license file /home/users/a/agma/gurobi.lic
Using license file /home/users/a/agma/gurobi.lic

Gurobi 12.0.2 (linux64, gurobi_cl) logging started Wed Jun 10 12:59:23 2026

Set parameter WLSAccessID
Set parameter WLSSecret
Set parameter LicenseID to value 938810
Set parameter LogFile to value "gurobi.log"
Using license file /home/users/a/agma/gurobi.lic
Academic license 938810 - for non-commercial use only - registered to ag___@tu-berlin.de

Gurobi 12.0.2 (linux64, gurobi_cl) logging started Wed Jun 10 12:59:23 2026

Set parameter WLSAccessID
Set parameter WLSSecret
Set parameter LicenseID to value 938810
Set parameter LogFile to value "gurobi.log"
Using license file /home/users/a/agma/gurobi.lic
Academic license 938810 - for non-commercial use only - registered to ag___@tu-berlin.de

Gurobi 12.0.2 (linux64, gurobi_cl) logging started Wed Jun 10 12:59:25 2026

Set parameter WLSAccessID
Set parameter WLSSecret
Set parameter LicenseID to value 938810
Set parameter LogFile to value "gurobi.log"
Using license file /home/users/a/agma/gurobi.lic
Academic license 938810 - for non-commercial use only - registered to ag___@tu-berlin.de

Gurobi 12.0.2 (linux64, gurobi_cl) logging started Wed Jun 10 12:59:27 2026

Set parameter WLSAccessID
Set parameter WLSSecret
Set parameter LicenseID to value 938810
Set parameter LogFile to value "gurobi.log"
Using license file /home/users/a/agma/gurobi.lic
Academic license 938810 - for non-commercial use only - registered to ag___@tu-berlin.de

Gurobi 12.0.2 (linux64, gurobi_cl) logging started Wed Jun 10 12:59:39 2026


Gurobi 12.0.2 (linux64, gurobi_cl) logging started Wed Jun 10 12:59:39 2026


Gurobi 12.0.2 (linux64, gurobi_cl) logging started Wed Jun 10 12:59:39 2026


Gurobi 12.0.2 (linux64, gurobi_cl) logging started Wed Jun 10 12:59:39 2026

Set parameter WLSAccessID
Set parameter WLSSecret
Set parameter LicenseID to value 938810
Set parameter LogFile to value "gurobi.log"
Set parameter WLSAccessID
Using license file /home/users/a/agma/gurobi.lic
Set parameter WLSSecret
Set parameter LicenseID to value 938810
Set parameter WLSAccessID
Set parameter LogFile to value "gurobi.log"
Set parameter WLSSecret
Set parameter LicenseID to value 938810
Using license file /home/users/a/agma/gurobi.lic
Set parameter LogFile to value "gurobi.log"
Using license file /home/users/a/agma/gurobi.lic
Set parameter WLSAccessID
Set parameter WLSSecret
Set parameter LicenseID to value 938810
Set parameter LogFile to value "gurobi.log"
Using license file /home/users/a/agma/gurobi.lic

Gurobi 12.0.2 (linux64, gurobi_cl) logging started Wed Jun 10 13:00:34 2026

Set parameter WLSAccessID
Set parameter WLSSecret
Set parameter WLSAccessID
 value 938810
Set parameter WLSSecret
Set parameter LogFile to value "gurobi.log"
Set parameter WLSSecret
Using license file /home/users/a/agma/gurobi.lic
Set parameter LogFile to value "gurobi.log"
Using license file /home/users/a/agma/gurobi.lic
Set parameter LogFile to value "gurobi.log"
Using license file /home/users/a/agma/gurobi.lic
Academic license 938810 - for non-commercial use only - registered to ag___@tu-berlin.de
Academic license 938810 - for non-commercial use only - registered to ag___@tu-berlin.de

Gurobi 12.0.2 (linux64, gurobi_cl) logging started Wed Jun 10 13:00:49 2026

Set parameter WLSAccessID
Set parameter WLSAccessID
Set parameter WLSSecret
to value 938810
Set parameter LicenseID to value 938810
Set parameter LogFile to value "gurobi.log"
Set parameter LogFile to value "gurobi.log"
.lic
Using license file /home/users/a/agma/gurobi.lic
Academic license 938810 - for non-commercial use only - registered to ag___@tu-berlin.de

Gurobi 12.0.2 (linux64, gurobi_cl) logging started Wed Jun 10 13:00:50 2026

Set parameter WLSAccessID
Set parameter WLSSecret
Set parameter LicenseID to value 938810
Set parameter LogFile to value "gurobi.log"
Using license file /home/users/a/agma/gurobi.lic
Academic license 938810 - for non-commercial use only - registered to ag___@tu-berlin.de

Gurobi 12.0.2 (linux64, gurobi_cl) logging started Wed Jun 10 13:01:17 2026

Set parameter WLSAccessID
Set parameter WLSSecret
Set parameter LicenseID to value 938810
Set parameter LogFile to value "gurobi.log"
Using license file /home/users/a/agma/gurobi.lic

Gurobi 12.0.2 (linux64, gurobi_cl) logging started Wed Jun 10 13:01:17 2026


Gurobi 12.0.2 (linux64, gurobi_cl) logging started Wed Jun 10 13:01:17 2026

Set parameter WLSAccessID
Set parameter WLSSecret
Set parameter LicenseID to value 938810
Set parameter LogFile to value "gurobi.log"
Using license file /home/users/a/agma/gurobi.lic
Set parameter WLSAccessID
Set parameter WLSSecret
Set parameter LicenseID to value 938810
Set parameter LogFile to value "gurobi.log"
Using license file /home/users/a/agma/gurobi.lic

Gurobi 12.0.2 (linux64, gurobi_cl) logging started Wed Jun 10 13:01:18 2026

Set parameter WLSAccessID
Set parameter WLSSecret
Set parameter LicenseID to value 938810
Set parameter LogFile to value "gurobi.log"
Using license file /home/users/a/agma/gurobi.lic
Academic license 938810 - for non-commercial use only - registered to ag___@tu-berlin.de

Gurobi 12.0.2 (linux64, gurobi_cl) logging started Wed Jun 10 13:01:18 2026

Set parameter WLSAccessID
Set parameter WLSSecret
Set parameter LicenseID to value 938810
Set parameter LogFile to value "gurobi.log"
Using license file /home/users/a/agma/gurobi.lic

Gurobi 12.0.2 (linux64, gurobi_cl) logging started Wed Jun 10 13:01:34 2026

Set parameter WLSAccessID
Set parameter WLSSecret
Set parameter LicenseID to value 938810
Set parameter LogFile to value "gurobi.log"
Using license file /home/users/a/agma/gurobi.lic
Academic license 938810 - for non-commercial use only - registered to ag___@tu-berlin.de

Gurobi 12.0.2 (linux64, gurobi_cl) logging started Wed Jun 10 13:01:36 2026


Gurobi 12.0.2 (linux64, gurobi_cl) logging started Wed Jun 10 13:01:36 2026

Set parameter WLSAccessID
Set parameter WLSAccessID
Set parameter WLSSecret
Set parameter WLSSecret
Set parameter LicenseID to value 938810
Set parameter LicenseID to value 938810
Set parameter LogFile to value "gurobi.log"
Set parameter LogFile to value "gurobi.log"
Using license file /home/users/a/agma/gurobi.lic
Using license file /home/users/a/agma/gurobi.lic

Gurobi 12.0.2 (linux64, gurobi_cl) logging started Wed Jun 10 13:01:36 2026


Gurobi 12.0.2 (linux64, gurobi_cl) logging started Wed Jun 10 13:01:36 2026

Set parameter WLSAccessID
Set parameter WLSSecret
Set parameter LicenseID to value 938810
Set parameter LogFile to value "gurobi.log"
Using license file /home/users/a/agma/gurobi.lic
Set parameter WLSAccessID
Set parameter WLSSecret
Set parameter LicenseID to value 938810
Set parameter LogFile to value "gurobi.log"
Using license file /home/users/a/agma/gurobi.lic

Gurobi 12.0.2 (linux64, gurobi_cl) logging started Wed Jun 10 13:01:57 2026

Set parameter WLSAccessID
Set parameter WLSSecret
Set parameter LicenseID to value 938810
Set parameter LogFile to value "gurobi.log"
Using license file /home/users/a/agma/gurobi.lic
Academic license 938810 - for non-commercial use only - registered to ag___@tu-berlin.de

Gurobi 12.0.2 (linux64, gurobi_cl) logging started Wed Jun 10 13:01:58 2026

Set parameter WLSAccessID
Set parameter WLSSecret
Set parameter LicenseID to value 938810
Set parameter LogFile to value "gurobi.log"
Using license file /home/users/a/agma/gurobi.lic
Academic license 938810 - for non-commercial use only - registered to ag___@tu-berlin.de

Gurobi 12.0.2 (linux64, gurobi_cl) logging started Wed Jun 10 13:01:58 2026

Set parameter WLSAccessID
Set parameter WLSSecret
Set parameter LicenseID to value 938810
Set parameter LogFile to value "gurobi.log"
Using license file /home/users/a/agma/gurobi.lic
Academic license 938810 - for non-commercial use only - registered to ag___@tu-berlin.de

Gurobi 12.0.2 (linux64, gurobi_cl) logging started Wed Jun 10 13:02:16 2026

Set parameter WLSAccessID
Set parameter WLSSecret
Set parameter LicenseID to value 938810
Set parameter LogFile to value "gurobi.log"
Using license file /home/users/a/agma/gurobi.lic
Academic license 938810 - for non-commercial use only - registered to ag___@tu-berlin.de

Gurobi 12.0.2 (linux64, gurobi_cl) logging started Wed Jun 10 13:02:16 2026

Set parameter WLSAccessID
Set parameter WLSSecret
Set parameter LicenseID to value 938810
Set parameter LogFile to value "gurobi.log"
Using license file /home/users/a/agma/gurobi.lic
Academic license 938810 - for non-commercial use only - registered to ag___@tu-berlin.de

Gurobi 12.0.2 (linux64, gurobi_cl) logging started Wed Jun 10 13:02:16 2026

Set parameter WLSAccessID
Set parameter WLSSecret
Set parameter LicenseID to value 938810
Set parameter LogFile to value "gurobi.log"
Using license file /home/users/a/agma/gurobi.lic
Academic license 938810 - for non-commercial use only - registered to ag___@tu-berlin.de

Gurobi 12.0.2 (linux64, gurobi_cl) logging started Wed Jun 10 13:03:26 2026

Set parameter WLSAccessID
Set parameter WLSSecret
Set parameter LicenseID to value 938810
Set parameter LogFile to value "gurobi.log"
Using license file /home/users/a/agma/gurobi.lic
Academic license 938810 - for non-commercial use only - registered to ag___@tu-berlin.de

Gurobi 12.0.2 (linux64, gurobi_cl) logging started Wed Jun 10 13:03:28 2026


Gurobi 12.0.2 (linux64, gurobi_cl) logging started Wed Jun 10 13:03:28 2026


Gurobi 12.0.2 (linux64, gurobi_cl) logging started Wed Jun 10 13:03:28 2026


Gurobi 12.0.2 (linux64, gurobi_cl) logging started Wed Jun 10 13:03:28 2026

Set parameter WLSAccessID
Set parameter WLSSecret
Set parameter LicenseID to value 938810
Set parameter LogFile to value "gurobi.log"
Using license file /home/users/a/agma/gurobi.lic
Set parameter WLSAccessID
Set parameter WLSSecret
Set parameter WLSAccessID
Set parameter WLSSecret
Set parameter WLSAccessID
Set parameter WLSSecret
Set parameter LicenseID to value 938810
Set parameter LicenseID to value 938810
Set parameter LicenseID to value 938810
Set parameter LogFile to value "gurobi.log"
Using license file /home/users/a/agma/gurobi.lic
Set parameter LogFile to value "gurobi.log"
Using license file /home/users/a/agma/gurobi.lic
Set parameter LogFile to value "gurobi.log"
Using license file /home/users/a/agma/gurobi.lic

Gurobi 12.0.2 (linux64, gurobi_cl) logging started Wed Jun 10 13:03:45 2026

Set parameter WLSAccessID
Set parameter WLSSecret
Set parameter LicenseID to value 938810
Set parameter LogFile to value "gurobi.log"
Using license file /home/users/a/agma/gurobi.lic
Academic license 938810 - for non-commercial use only - registered to ag___@tu-berlin.de

Gurobi 12.0.2 (linux64, gurobi_cl) logging started Wed Jun 10 13:03:54 2026


Gurobi 12.0.2 (linux64, gurobi_cl) logging started Wed Jun 10 13:03:54 2026


Gurobi 12.0.2 (linux64, gurobi_cl) logging started Wed Jun 10 13:03:54 2026


Gurobi 12.0.2 (linux64, gurobi_cl) logging started Wed Jun 10 13:03:54 2026

Set parameter WLSAccessID
Set parameter WLSSecret
Set parameter LicenseID to value 938810
Set parameter LogFile to value "gurobi.log"
Using license file /home/users/a/agma/gurobi.lic
Set parameter WLSAccessID
Set parameter WLSSecret
Set parameter LicenseID to value 938810
Set parameter LogFile to value "gurobi.log"
Using license file /home/users/a/agma/gurobi.lic
Set parameter WLSAccessID
Set parameter WLSSecret
Set parameter LicenseID to value 938810
Set parameter LogFile to value "gurobi.log"
Using license file /home/users/a/agma/gurobi.lic
Set parameter WLSAccessID
Set parameter WLSSecret
Academic license 938810 - for non-commercial use only - registered to ag___@tu-berlin.de
Set parameter LicenseID to value 938810
Academic license 938810 - for non-commercial use only - registered to ag___@tu-berlin.de
Academic license 938810 - for non-commercial use only - registered to ag___@tu-berlin.de
Set parameter LogFile to value "gurobi.log"
Using license file /home/users/a/agma/gurobi.lic
Academic license 938810 - for non-commercial use only - registered to ag___@tu-berlin.de

Gurobi 12.0.2 (linux64, gurobi_cl) logging started Wed Jun 10 13:04:07 2026

Set parameter WLSAccessID
Set parameter WLSSecret
Set parameter LicenseID to value 938810
Set parameter LogFile to value "gurobi.log"
Using license file /home/users/a/agma/gurobi.lic
Academic license 938810 - for non-commercial use only - registered to ag___@tu-berlin.de

Gurobi 12.0.2 (linux64, gurobi_cl) logging started Wed Jun 10 13:04:26 2026

Set parameter WLSAccessID
Set parameter WLSSecret
Set parameter LicenseID to value 938810
Set parameter LogFile to value "gurobi.log"
Using license file /home/users/a/agma/gurobi.lic
Academic license 938810 - for non-commercial use only - registered to ag___@tu-berlin.de

Gurobi 12.0.2 (linux64, gurobi_cl) logging started Wed Jun 10 13:04:47 2026

Set parameter WLSAccessID
Set parameter WLSSecret
Set parameter LicenseID to value 938810
Set parameter LogFile to value "gurobi.log"
Using license file /home/users/a/agma/gurobi.lic
Academic license 938810 - for non-commercial use only - registered to ag___@tu-berlin.de

Gurobi 12.0.2 (linux64, gurobi_cl) logging started Wed Jun 10 13:05:06 2026

Set parameter WLSAccessID
Set parameter WLSSecret
Set parameter LicenseID to value 938810
Set parameter LogFile to value "gurobi.log"
Using license file /home/users/a/agma/gurobi.lic
Academic license 938810 - for non-commercial use only - registered to ag___@tu-berlin.de

Gurobi 12.0.2 (linux64, gurobi_cl) logging started Wed Jun 10 13:06:18 2026

Set parameter WLSAccessID
Set parameter WLSSecret
Set parameter LicenseID to value 938810
Set parameter LogFile to value "gurobi.log"
Using license file /home/users/a/agma/gurobi.lic
Academic license 938810 - for non-commercial use only - registered to ag___@tu-berlin.de

Gurobi 12.0.2 (linux64, gurobi_cl) logging started Wed Jun 10 13:06:18 2026

Set parameter WLSAccessID
Set parameter WLSSecret
Set parameter LicenseID to value 938810
Set parameter LogFile to value "gurobi.log"
Using license file /home/users/a/agma/gurobi.lic
Academic license 938810 - for non-commercial use only - registered to ag___@tu-berlin.de

Gurobi 12.0.2 (linux64, gurobi_cl) logging started Wed Jun 10 13:06:36 2026

Set parameter WLSAccessID
Set parameter WLSSecret
Set parameter LicenseID to value 938810
Set parameter LogFile to value "gurobi.log"
Using license file /home/users/a/agma/gurobi.lic
Academic license 938810 - for non-commercial use only - registered to ag___@tu-berlin.de

Gurobi 12.0.2 (linux64, gurobi_cl) logging started Wed Jun 10 13:06:37 2026

Set parameter WLSAccessID
Set parameter WLSSecret
Set parameter LicenseID to value 938810
Set parameter LogFile to value "gurobi.log"
Using license file /home/users/a/agma/gurobi.lic
Academic license 938810 - for non-commercial use only - registered to ag___@tu-berlin.de

Gurobi 12.0.2 (linux64, gurobi_cl) logging started Wed Jun 10 13:06:58 2026

Set parameter WLSAccessID
Set parameter WLSSecret
Set parameter LicenseID to value 938810
Set parameter LogFile to value "gurobi.log"
Using license file /home/users/a/agma/gurobi.lic
Academic license 938810 - for non-commercial use only - registered to ag___@tu-berlin.de

Gurobi 12.0.2 (linux64, gurobi_cl) logging started Wed Jun 10 13:06:59 2026

Set parameter WLSAccessID
Set parameter WLSSecret
Set parameter LicenseID to value 938810
Set parameter LogFile to value "gurobi.log"
Using license file /home/users/a/agma/gurobi.lic

Gurobi 12.0.2 (linux64, gurobi_cl) logging started Wed Jun 10 13:07:21 2026

Set parameter WLSAccessID
Set parameter WLSSecret
Set parameter LicenseID to value 938810
Set parameter LogFile to value "gurobi.log"
Using license file /home/users/a/agma/gurobi.lic
Academic license 938810 - for non-commercial use only - registered to ag___@tu-berlin.de

Gurobi 12.0.2 (linux64, gurobi_cl) logging started Wed Jun 10 13:07:22 2026

Set parameter WLSAccessID
Set parameter WLSSecret
Set parameter LicenseID to value 938810
Set parameter LogFile to value "gurobi.log"
Using license file /home/users/a/agma/gurobi.lic

Gurobi 12.0.2 (linux64, gurobi_cl) logging started Wed Jun 10 13:08:33 2026

Set parameter WLSAccessID
Set parameter WLSSecret
Set parameter LicenseID to value 938810
Set parameter LogFile to value "gurobi.log"
Using license file /home/users/a/agma/gurobi.lic
Academic license 938810 - for non-commercial use only - registered to ag___@tu-berlin.de

Gurobi 12.0.2 (linux64, gurobi_cl) logging started Wed Jun 10 13:08:33 2026

Set parameter WLSAccessID
Set parameter WLSSecret
Set parameter LicenseID to value 938810
Set parameter LogFile to value "gurobi.log"
Using license file /home/users/a/agma/gurobi.lic
Academic license 938810 - for non-commercial use only - registered to ag___@tu-berlin.de

Gurobi 12.0.2 (linux64, gurobi_cl) logging started Wed Jun 10 13:08:48 2026

Set parameter WLSAccessID
Set parameter WLSSecret
Set parameter LicenseID to value 938810
Set parameter LogFile to value "gurobi.log"
Using license file /home/users/a/agma/gurobi.lic
Academic license 938810 - for non-commercial use only - registered to ag___@tu-berlin.de

Gurobi 12.0.2 (linux64, gurobi_cl) logging started Wed Jun 10 13:08:49 2026

Set parameter WLSAccessID
Set parameter WLSSecret
Set parameter LicenseID to value 938810
Set parameter LogFile to value "gurobi.log"
Using license file /home/users/a/agma/gurobi.lic
Academic license 938810 - for non-commercial use only - registered to ag___@tu-berlin.de

Gurobi 12.0.2 (linux64, gurobi_cl) logging started Wed Jun 10 13:09:09 2026

Set parameter WLSAccessID
Set parameter WLSSecret
Set parameter LicenseID to value 938810
Set parameter LogFile to value "gurobi.log"
Using license file /home/users/a/agma/gurobi.lic
Academic license 938810 - for non-commercial use only - registered to ag___@tu-berlin.de

Gurobi 12.0.2 (linux64, gurobi_cl) logging started Wed Jun 10 13:09:09 2026

Set parameter WLSAccessID
Set parameter WLSSecret
Set parameter LicenseID to value 938810
Set parameter LogFile to value "gurobi.log"
Using license file /home/users/a/agma/gurobi.lic
Academic license 938810 - for non-commercial use only - registered to ag___@tu-berlin.de

Gurobi 12.0.2 (linux64, gurobi_cl) logging started Wed Jun 10 13:09:29 2026

Set parameter WLSAccessID
Set parameter WLSSecret
Set parameter LicenseID to value 938810
Set parameter LogFile to value "gurobi.log"
Using license file /home/users/a/agma/gurobi.lic
Academic license 938810 - for non-commercial use only - registered to ag___@tu-berlin.de

Gurobi 12.0.2 (linux64, gurobi_cl) logging started Wed Jun 10 13:09:30 2026

Set parameter WLSAccessID
Set parameter WLSSecret
Set parameter LicenseID to value 938810
Set parameter LogFile to value "gurobi.log"
Using license file /home/users/a/agma/gurobi.lic
Academic license 938810 - for non-commercial use only - registered to ag___@tu-berlin.de

Gurobi 12.0.2 (linux64, gurobi_cl) logging started Wed Jun 10 13:10:38 2026

Set parameter WLSAccessID
Set parameter WLSSecret
Set parameter LicenseID to value 938810
Set parameter LogFile to value "gurobi.log"
Using license file /home/users/a/agma/gurobi.lic
Academic license 938810 - for non-commercial use only - registered to ag___@tu-berlin.de

Gurobi 12.0.2 (linux64, gurobi_cl) logging started Wed Jun 10 13:10:39 2026

Set parameter WLSAccessID
Set parameter WLSSecret
Set parameter LicenseID to value 938810
Set parameter LogFile to value "gurobi.log"
Using license file /home/users/a/agma/gurobi.lic
Academic license 938810 - for non-commercial use only - registered to ag___@tu-berlin.de

Gurobi 12.0.2 (linux64, gurobi_cl) logging started Wed Jun 10 13:10:55 2026

Set parameter WLSAccessID
Set parameter WLSSecret
Set parameter LicenseID to value 938810
Set parameter LogFile to value "gurobi.log"
Using license file /home/users/a/agma/gurobi.lic
Academic license 938810 - for non-commercial use only - registered to ag___@tu-berlin.de

Gurobi 12.0.2 (linux64, gurobi_cl) logging started Wed Jun 10 13:10:56 2026

Set parameter WLSAccessID
Set parameter WLSSecret
Set parameter LicenseID to value 938810
Set parameter LogFile to value "gurobi.log"
Using license file /home/users/a/agma/gurobi.lic
Academic license 938810 - for non-commercial use only - registered to ag___@tu-berlin.de

Gurobi 12.0.2 (linux64, gurobi_cl) logging started Wed Jun 10 13:11:21 2026

Set parameter WLSAccessID
Set parameter WLSSecret
Set parameter LicenseID to value 938810
Set parameter LogFile to value "gurobi.log"
Using license file /home/users/a/agma/gurobi.lic
Academic license 938810 - for non-commercial use only - registered to ag___@tu-berlin.de

Gurobi 12.0.2 (linux64, gurobi_cl) logging started Wed Jun 10 13:11:22 2026

Set parameter WLSAccessID
Set parameter WLSSecret
Set parameter LicenseID to value 938810
Set parameter LogFile to value "gurobi.log"
Using license file /home/users/a/agma/gurobi.lic
Academic license 938810 - for non-commercial use only - registered to ag___@tu-berlin.de

Gurobi 12.0.2 (linux64, gurobi_cl) logging started Wed Jun 10 13:11:37 2026

Set parameter WLSAccessID
Set parameter WLSSecret
Set parameter LicenseID to value 938810
Set parameter LogFile to value "gurobi.log"
Using license file /home/users/a/agma/gurobi.lic
Academic license 938810 - for non-commercial use only - registered to ag___@tu-berlin.de

Gurobi 12.0.2 (linux64, gurobi_cl) logging started Wed Jun 10 13:11:39 2026

Set parameter WLSAccessID
Set parameter WLSSecret
Set parameter LicenseID to value 938810
Set parameter LogFile to value "gurobi.log"
Using license file /home/users/a/agma/gurobi.lic
Academic license 938810 - for non-commercial use only - registered to ag___@tu-berlin.de

Gurobi 12.0.2 (linux64, gurobi_cl) logging started Wed Jun 10 13:12:51 2026

Set parameter WLSAccessID
Set parameter WLSSecret
Set parameter LicenseID to value 938810
Set parameter LogFile to value "gurobi.log"
Using license file /home/users/a/agma/gurobi.lic
Academic license 938810 - for non-commercial use only - registered to ag___@tu-berlin.de

Gurobi 12.0.2 (linux64, gurobi_cl) logging started Wed Jun 10 13:13:07 2026

Set parameter WLSAccessID
Set parameter WLSSecret
Set parameter LicenseID to value 938810
Set parameter LogFile to value "gurobi.log"
Using license file /home/users/a/agma/gurobi.lic
Academic license 938810 - for non-commercial use only - registered to ag___@tu-berlin.de

Gurobi 12.0.2 (linux64, gurobi_cl) logging started Wed Jun 10 13:13:30 2026

Set parameter WLSAccessID
Set parameter WLSSecret
Set parameter LicenseID to value 938810
Set parameter LogFile to value "gurobi.log"
Using license file /home/users/a/agma/gurobi.lic
Academic license 938810 - for non-commercial use only - registered to ag___@tu-berlin.de

Gurobi 12.0.2 (linux64, gurobi_cl) logging started Wed Jun 10 13:13:48 2026

Set parameter WLSAccessID
Set parameter WLSSecret
Set parameter LicenseID to value 938810
Set parameter LogFile to value "gurobi.log"
Using license file /home/users/a/agma/gurobi.lic
Academic license 938810 - for non-commercial use only - registered to ag___@tu-berlin.de

Gurobi 12.0.2 (linux64, gurobi_cl) logging started Wed Jun 10 13:22:26 2026

Set parameter WLSAccessID
Set parameter WLSSecret
Set parameter LicenseID to value 938810
Set parameter LogFile to value "gurobi.log"
Using license file /home/users/a/agma/gurobi.lic
Academic license 938810 - for non-commercial use only - registered to ag___@tu-berlin.de

Gurobi 12.0.2 (linux64, gurobi_cl) logging started Wed Jun 10 13:22:47 2026


Gurobi 12.0.2 (linux64, gurobi_cl) logging started Wed Jun 10 13:22:47 2026

Set parameter WLSAccessID
Set parameter WLSSecret
Set parameter LicenseID to value 938810
Set parameter LogFile to value "gurobi.log"
Set parameter WLSAccessID
sers/a/agma/gurobi.lic
Set parameter WLSSecret
Set parameter LicenseID to value 938810
Set parameter LogFile to value "gurobi.log"
Using license file /home/users/a/agma/gurobi.lic
Academic license 938810 - for non-commercial use only - registered to ag___@tu-berlin.de
Academic license 938810 - for non-commercial use only - registered to ag___@tu-berlin.de

Gurobi 12.0.2 (linux64, gurobi_cl) logging started Wed Jun 10 13:23:04 2026

Set parameter WLSAccessID
Set parameter WLSSecret
D
Set parameter WLSSecret
Set parameter LicenseID to value 938810
Set parameter LogFile to value "gurobi.log"
Using license file /home/users/a/agma/gurobi.lic
Academic license 938810 - for non-commercial use only - registered to ag___@tu-berlin.de
Academic license 938810 - for non-commercial use only - registered to ag___@tu-berlin.de

Gurobi 12.0.2 (linux64, gurobi_cl) logging started Wed Jun 10 14:05:20 2026

Set parameter WLSAccessID
Set parameter WLSSecret
Set parameter LicenseID to value 938810
Set parameter LogFile to value "gurobi.log"
Using license file /home/users/a/agma/gurobi.lic
Academic license 938810 - for non-commercial use only - registered to ag___@tu-berlin.de

Gurobi 12.0.2 (linux64, gurobi_cl) logging started Wed Jun 10 14:05:28 2026

Set parameter WLSAccessID
Set parameter WLSSecret
Set parameter LicenseID to value 938810
Set parameter LogFile to value "gurobi.log"
Using license file /home/users/a/agma/gurobi.lic
Academic license 938810 - for non-commercial use only - registered to ag___@tu-berlin.de

Gurobi 12.0.2 (linux64, gurobi_cl) logging started Wed Jun 10 14:05:36 2026

Set parameter WLSAccessID
Set parameter WLSSecret
Set parameter LicenseID to value 938810
Set parameter LogFile to value "gurobi.log"
Using license file /home/users/a/agma/gurobi.lic
Academic license 938810 - for non-commercial use only - registered to ag___@tu-berlin.de

Gurobi 12.0.2 (linux64, gurobi_cl) logging started Wed Jun 10 14:05:46 2026

Set parameter WLSAccessID
Set parameter WLSSecret
Set parameter LicenseID to value 938810
Set parameter LogFile to value "gurobi.log"
Using license file /home/users/a/agma/gurobi.lic
Academic license 938810 - for non-commercial use only - registered to ag___@tu-berlin.de

Gurobi 12.0.2 (linux64, gurobi_cl) logging started Wed Jun 10 14:17:50 2026

Set parameter WLSAccessID
Set parameter WLSSecret
Set parameter LicenseID to value 938810
Set parameter LogFile to value "gurobi.log"
Using license file /home/users/a/agma/gurobi.lic
Academic license 938810 - for non-commercial use only - registered to ag___@tu-berlin.de

Gurobi 12.0.2 (linux64, gurobi_cl) logging started Wed Jun 10 14:18:03 2026

Set parameter WLSAccessID
Set parameter WLSSecret
Set parameter LicenseID to value 938810
Set parameter LogFile to value "gurobi.log"
Using license file /home/users/a/agma/gurobi.lic
Academic license 938810 - for non-commercial use only - registered to ag___@tu-berlin.de

Gurobi 12.0.2 (linux64, gurobi_cl) logging started Wed Jun 10 14:18:09 2026

Set parameter WLSAccessID
Set parameter WLSSecret
Set parameter LicenseID to value 938810
Set parameter LogFile to value "gurobi.log"
Using license file /home/users/a/agma/gurobi.lic
Academic license 938810 - for non-commercial use only - registered to ag___@tu-berlin.de

Gurobi 12.0.2 (linux64, gurobi_cl) logging started Wed Jun 10 14:18:22 2026

Set parameter WLSAccessID
Set parameter WLSSecret
Set parameter LicenseID to value 938810
Set parameter LogFile to value "gurobi.log"
Using license file /home/users/a/agma/gurobi.lic
Academic license 938810 - for non-commercial use only - registered to ag___@tu-berlin.de

Gurobi 12.0.2 (linux64, gurobi_cl) logging started Wed Jun 10 14:51:09 2026

Set parameter WLSAccessID
Set parameter WLSSecret
Set parameter LicenseID to value 938810
Set parameter LogFile to value "gurobi.log"
Using license file /home/users/a/agma/gurobi.lic
Academic license 938810 - for non-commercial use only - registered to ag___@tu-berlin.de

Gurobi 12.0.2 (linux64, gurobi_cl) logging started Wed Jun 10 14:51:15 2026

Set parameter WLSAccessID
Set parameter WLSSecret
Set parameter LicenseID to value 938810
Set parameter LogFile to value "gurobi.log"
Using license file /home/users/a/agma/gurobi.lic
Academic license 938810 - for non-commercial use only - registered to ag___@tu-berlin.de

Gurobi 12.0.2 (linux64, gurobi_cl) logging started Wed Jun 10 14:51:40 2026

Set parameter WLSAccessID
Set parameter WLSSecret
Set parameter LicenseID to value 938810
Set parameter LogFile to value "gurobi.log"
Using license file /home/users/a/agma/gurobi.lic
Academic license 938810 - for non-commercial use only - registered to ag___@tu-berlin.de

Gurobi 12.0.2 (linux64, gurobi_cl) logging started Wed Jun 10 14:51:45 2026

Set parameter WLSAccessID
Set parameter WLSSecret
Set parameter LicenseID to value 938810
Set parameter LogFile to value "gurobi.log"
Using license file /home/users/a/agma/gurobi.lic
Academic license 938810 - for non-commercial use only - registered to ag___@tu-berlin.de

Gurobi 12.0.2 (linux64, gurobi_cl) logging started Wed Jun 10 15:19:35 2026

Set parameter WLSAccessID
Set parameter WLSSecret
Set parameter LicenseID to value 938810
Set parameter LogFile to value "gurobi.log"
Using license file /home/users/a/agma/gurobi.lic
Academic license 938810 - for non-commercial use only - registered to ag___@tu-berlin.de

Gurobi 12.0.2 (linux64, gurobi_cl) logging started Wed Jun 10 15:19:44 2026

Set parameter WLSAccessID
Set parameter WLSSecret
Set parameter LicenseID to value 938810
Set parameter LogFile to value "gurobi.log"
Using license file /home/users/a/agma/gurobi.lic
Academic license 938810 - for non-commercial use only - registered to ag___@tu-berlin.de

Gurobi 12.0.2 (linux64, gurobi_cl) logging started Wed Jun 10 15:20:00 2026

Set parameter WLSAccessID
Set parameter WLSSecret
Set parameter LicenseID to value 938810
Set parameter LogFile to value "gurobi.log"
Using license file /home/users/a/agma/gurobi.lic
Academic license 938810 - for non-commercial use only - registered to ag___@tu-berlin.de

Gurobi 12.0.2 (linux64, gurobi_cl) logging started Wed Jun 10 15:20:08 2026

Set parameter WLSAccessID
Set parameter WLSSecret
Set parameter LicenseID to value 938810
Set parameter LogFile to value "gurobi.log"
Using license file /home/users/a/agma/gurobi.lic
Academic license 938810 - for non-commercial use only - registered to ag___@tu-berlin.de

Gurobi 12.0.2 (linux64, gurobi_cl) logging started Wed Jun 10 15:32:52 2026

Set parameter WLSAccessID
Set parameter WLSSecret
Set parameter LicenseID to value 938810
Set parameter LogFile to value "gurobi.log"
Using license file /home/users/a/agma/gurobi.lic
Academic license 938810 - for non-commercial use only - registered to ag___@tu-berlin.de

Gurobi 12.0.2 (linux64, gurobi_cl) logging started Wed Jun 10 15:33:07 2026

Set parameter WLSAccessID
Set parameter WLSSecret
Set parameter LicenseID to value 938810
Set parameter LogFile to value "gurobi.log"
Using license file /home/users/a/agma/gurobi.lic
Academic license 938810 - for non-commercial use only - registered to ag___@tu-berlin.de

Gurobi 12.0.2 (linux64, gurobi_cl) logging started Wed Jun 10 16:12:35 2026

Set parameter WLSAccessID
Set parameter WLSSecret
Set parameter LicenseID to value 938810
Set parameter LogFile to value "gurobi.log"
Using license file /home/users/a/agma/gurobi.lic
Academic license 938810 - for non-commercial use only - registered to ag___@tu-berlin.de

Gurobi 12.0.2 (linux64, gurobi_cl) logging started Wed Jun 10 16:13:13 2026

Set parameter WLSAccessID
Set parameter WLSSecret
Set parameter LicenseID to value 938810
Set parameter LogFile to value "gurobi.log"
Using license file /home/users/a/agma/gurobi.lic
Academic license 938810 - for non-commercial use only - registered to ag___@tu-berlin.de

Gurobi 12.0.2 (linux64, gurobi_cl) logging started Wed Jun 10 16:53:10 2026


Gurobi 12.0.2 (linux64, gurobi_cl) logging started Wed Jun 10 16:53:11 2026

Set parameter WLSAccessID
Set parameter WLSSecret
Set parameter LicenseID to value 938810
Set parameter LogFile to value "gurobi.log"
Using license file /home/users/a/agma/gurobi.lic
Set parameter WLSAccessID
Set parameter WLSSecret
- for non-commercial use only - registered to ag___@tu-berlin.de
Set parameter LicenseID to value 938810
Set parameter LogFile to value "gurobi.log"
Using license file /home/users/a/agma/gurobi.lic
Academic license 938810 - for non-commercial use only - registered to ag___@tu-berlin.de

Gurobi 12.0.2 (linux64, gurobi_cl) logging started Wed Jun 10 16:54:25 2026

Set parameter WLSAccessID
Set parameter WLSSecret
Set parameter LicenseID to value 938810
Set parameter LogFile to value "gurobi.log"
Using license file /home/users/a/agma/gurobi.lic
Academic license 938810 - for non-commercial use only - registered to ag___@tu-berlin.de

Gurobi 12.0.2 (linux64, gurobi_cl) logging started Wed Jun 10 16:54:25 2026

Set parameter WLSAccessID
Set parameter WLSSecret
Set parameter LicenseID to value 938810
Set parameter LogFile to value "gurobi.log"
Using license file /home/users/a/agma/gurobi.lic
Academic license 938810 - for non-commercial use only - registered to ag___@tu-berlin.de

Gurobi 12.0.2 (linux64, gurobi_cl) logging started Wed Jun 10 17:00:56 2026

Set parameter WLSAccessID
Set parameter WLSSecret
Set parameter LicenseID to value 938810
Set parameter LogFile to value "gurobi.log"
Using license file /home/users/a/agma/gurobi.lic
Academic license 938810 - for non-commercial use only - registered to ag___@tu-berlin.de

Gurobi 12.0.2 (linux64, gurobi_cl) logging started Wed Jun 10 17:38:54 2026

Set parameter WLSAccessID
Set parameter WLSSecret
Set parameter LicenseID to value 938810
Set parameter LogFile to value "gurobi.log"
Using license file /home/users/a/agma/gurobi.lic
Academic license 938810 - for non-commercial use only - registered to ag___@tu-berlin.de

Gurobi 12.0.2 (linux64, gurobi_cl) logging started Wed Jun 10 17:39:24 2026

Set parameter WLSAccessID
Set parameter WLSSecret
Set parameter LicenseID to value 938810
Set parameter LogFile to value "gurobi.log"
Using license file /home/users/a/agma/gurobi.lic
Academic license 938810 - for non-commercial use only - registered to ag___@tu-berlin.de

Gurobi 12.0.2 (linux64, gurobi_cl) logging started Wed Jun 10 18:57:39 2026

Set parameter WLSAccessID
Set parameter WLSSecret
Set parameter LicenseID to value 938810
Set parameter LogFile to value "gurobi.log"
Using license file /home/users/a/agma/gurobi.lic
Academic license 938810 - for non-commercial use only - registered to ag___@tu-berlin.de

Gurobi 12.0.2 (linux64, gurobi_cl) logging started Thu Jun 11 14:26:24 2026

Set parameter WLSAccessID
Set parameter WLSSecret
Set parameter LicenseID to value 938810
Set parameter LogFile to value "gurobi.log"
Using license file /home/users/a/agma/gurobi.lic
Academic license 938810 - for non-commercial use only - registered to ag___@tu-berlin.de

Gurobi 12.0.2 (linux64, gurobi_cl) logging started Thu Jun 11 14:26:46 2026

Set parameter WLSAccessID
Set parameter WLSSecret
Set parameter LicenseID to value 938810
Set parameter LogFile to value "gurobi.log"
Using license file /home/users/a/agma/gurobi.lic
Academic license 938810 - for non-commercial use only - registered to ag___@tu-berlin.de

Gurobi 12.0.2 (linux64, gurobi_cl) logging started Thu Jun 11 14:27:03 2026

Set parameter WLSAccessID
Set parameter WLSSecret
Set parameter LicenseID to value 938810
Set parameter LogFile to value "gurobi.log"
Using license file /home/users/a/agma/gurobi.lic
Academic license 938810 - for non-commercial use only - registered to ag___@tu-berlin.de

Gurobi 12.0.2 (linux64, gurobi_cl) logging started Thu Jun 11 14:28:17 2026

Set parameter WLSAccessID
Set parameter WLSSecret
Set parameter LicenseID to value 938810
Set parameter LogFile to value "gurobi.log"
Using license file /home/users/a/agma/gurobi.lic
Academic license 938810 - for non-commercial use only - registered to ag___@tu-berlin.de

Gurobi 12.0.2 (linux64, gurobi_cl) logging started Thu Jun 11 14:28:36 2026

Set parameter WLSAccessID
Set parameter WLSSecret
Set parameter LicenseID to value 938810
Set parameter LogFile to value "gurobi.log"
Using license file /home/users/a/agma/gurobi.lic
Academic license 938810 - for non-commercial use only - registered to ag___@tu-berlin.de

Gurobi 12.0.2 (linux64, gurobi_cl) logging started Thu Jun 11 14:29:48 2026

Set parameter WLSAccessID
Set parameter WLSSecret
Set parameter LicenseID to value 938810
Set parameter LogFile to value "gurobi.log"
Using license file /home/users/a/agma/gurobi.lic
Academic license 938810 - for non-commercial use only - registered to ag___@tu-berlin.de

Gurobi 12.0.2 (linux64, gurobi_cl) logging started Thu Jun 11 14:30:04 2026

Set parameter WLSAccessID
Set parameter WLSSecret
Set parameter LicenseID to value 938810
Set parameter LogFile to value "gurobi.log"
Using license file /home/users/a/agma/gurobi.lic
Academic license 938810 - for non-commercial use only - registered to ag___@tu-berlin.de

Gurobi 12.0.2 (linux64, gurobi_cl) logging started Fri Jun 12 01:51:10 2026

Set parameter WLSAccessID
Set parameter WLSSecret
Set parameter LicenseID to value 938810
Set parameter LogFile to value "gurobi.log"
Using license file /home/users/a/agma/gurobi.lic
Academic license 938810 - for non-commercial use only - registered to ag___@tu-berlin.de

Gurobi 12.0.2 (linux64, gurobi_cl) logging started Fri Jun 12 01:51:36 2026

Set parameter WLSAccessID
Set parameter WLSSecret
Set parameter LicenseID to value 938810
Set parameter LogFile to value "gurobi.log"
Using license file /home/users/a/agma/gurobi.lic
Academic license 938810 - for non-commercial use only - registered to ag___@tu-berlin.de

Gurobi 12.0.2 (linux64, gurobi_cl) logging started Fri Jun 12 11:02:54 2026

Set parameter WLSAccessID
Set parameter WLSSecret
Set parameter LicenseID to value 938810
Set parameter LogFile to value "gurobi.log"
Using license file /home/users/a/agma/gurobi.lic
Academic license 938810 - for non-commercial use only - registered to ag___@tu-berlin.de

Gurobi 12.0.2 (linux64, gurobi_cl) logging started Fri Jun 12 11:06:51 2026

Set parameter WLSAccessID
Set parameter WLSSecret
Set parameter LicenseID to value 938810
Set parameter LogFile to value "gurobi.log"
Using license file /home/users/a/agma/gurobi.lic
Academic license 938810 - for non-commercial use only - registered to ag___@tu-berlin.de

Gurobi 12.0.2 (linux64, gurobi_cl) logging started Fri Jun 12 11:21:51 2026

Set parameter WLSAccessID
Set parameter WLSSecret
Set parameter LicenseID to value 938810
Set parameter LogFile to value "gurobi.log"
Using license file /home/users/a/agma/gurobi.lic
Academic license 938810 - for non-commercial use only - registered to ag___@tu-berlin.de

Gurobi 12.0.2 (linux64, gurobi_cl) logging started Fri Jun 12 11:22:34 2026


Gurobi 12.0.2 (linux64, gurobi_cl) logging started Fri Jun 12 11:22:34 2026


Gurobi 12.0.2 (linux64, gurobi_cl) logging started Fri Jun 12 11:22:34 2026


Gurobi 12.0.2 (linux64, gurobi_cl) logging started Fri Jun 12 11:22:34 2026


Gurobi 12.0.2 (linux64, gurobi_cl) logging started Fri Jun 12 11:22:34 2026


Gurobi 12.0.2 (linux64, gurobi_cl) logging started Fri Jun 12 11:22:34 2026


Gurobi 12.0.2 (linux64, gurobi_cl) logging started Fri Jun 12 11:22:34 2026

Set parameter WLSAccessID

Gurobi 12.0.2 (linux64, gurobi_cl) logging started Fri Jun 12 11:22:34 2026

Set parameter WLSSecret
Set parameter LicenseID to value 938810
Set parameter LogFile to value "gurobi.log"
Using license file /home/users/a/agma/gurobi.lic
Set parameter WLSAccessID
Set parameter WLSSecret
Set parameter LicenseID to value 938810
Set parameter WLSAccessID
Set parameter LogFile to value "gurobi.log"
Set parameter WLSAccessID
sers/a/agma/gurobi.lic
Set parameter WLSSecret
Set parameter LicenseID to value 938810
Set parameter WLSAccessID
Academic license 938810 - for non-commercial use only - registered to ag___@tu-berlin.de
Set parameter LicenseID to value 938810
Set parameter LogFile to value "gurobi.log"
Set parameter WLSSecret
D
Set parameter LogFile to value "gurobi.log"
Using license file /home/users/a/agma/gurobi.lic
Set parameter LicenseID to value 938810
Using license file /home/users/a/agma/gurobi.lic
Set parameter LogFile to value "gurobi.log"
Academic license 938810 - for non-commercial use only - registered to ag___@tu-berlin.de
Academic license 938810 - for non-commercial use only - registered to ag___@tu-berlin.de
Academic license 938810 - for non-commercial use only - registered to ag___@tu-berlin.de
Set parameter WLSSecret
- for non-commercial use only - registered to ag___@tu-berlin.de
Set parameter LicenseID to value 938810
Using license file /home/users/a/agma/gurobi.lic
Set parameter LogFile to value "gurobi.log"
Using license file /home/users/a/agma/gurobi.lic
Set parameter LogFile to value "gurobi.log"
Using license file /home/users/a/agma/gurobi.lic
Academic license 938810 - for non-commercial use only - registered to ag___@tu-berlin.de
Academic license 938810 - for non-commercial use only - registered to ag___@tu-berlin.de
Academic license 938810 - for non-commercial use only - registered to ag___@tu-berlin.de

Gurobi 12.0.2 (linux64, gurobi_cl) logging started Fri Jun 12 11:22:59 2026


Gurobi 12.0.2 (linux64, gurobi_cl) logging started Fri Jun 12 11:22:59 2026


Gurobi 12.0.2 (linux64, gurobi_cl) logging started Fri Jun 12 11:22:59 2026


Gurobi 12.0.2 (linux64, gurobi_cl) logging started Fri Jun 12 11:22:59 2026

Set parameter WLSAccessID
Set parameter WLSSecret
Set parameter LicenseID to value 938810

Gurobi 12.0.2 (linux64, gurobi_cl) logging started Fri Jun 12 11:23:00 2026

Set parameter LogFile to value "gurobi.log"

Gurobi 12.0.2 (linux64, gurobi_cl) logging started Fri Jun 12 11:23:00 2026


Gurobi 12.0.2 (linux64, gurobi_cl) logging started Fri Jun 12 11:23:00 2026

Set parameter WLSAccessID
Set parameter WLSSecret
Set parameter WLSAccessID
Set parameter LicenseID to value 938810
ing started Fri Jun 12 11:23:00 2026

Set parameter WLSAccessID
Set parameter WLSSecret
Set parameter WLSSecret
Set parameter LogFile to value "gurobi.log"
Using license file /home/users/a/agma/gurobi.lic
Set parameter LicenseID to value 938810
Set parameter WLSAccessID
 value 938810
Set parameter WLSSecret
 value "gurobi.log"
Set parameter LogFile to value "gurobi.log"
Using license file /home/users/a/agma/gurobi.lic
Using license file /home/users/a/agma/gurobi.lic
Academic license 938810 - for non-commercial use only - registered to ag___@tu-berlin.de
Academic license 938810 - for non-commercial use only - registered to ag___@tu-berlin.de
Academic license 938810 - for non-commercial use only - registered to ag___@tu-berlin.de
Academic license 938810 - for non-commercial use only - registered to ag___@tu-berlin.de
Set parameter WLSAccessID
Set parameter WLSSecret
Set parameter LicenseID to value 938810
Set parameter WLSAccessID
Set parameter WLSAccessID
Set parameter LogFile to value "gurobi.log"
Set parameter WLSSecret
Set parameter WLSSecret
Using license file /home/users/a/agma/gurobi.lic
Set parameter LicenseID to value 938810
Set parameter LicenseID to value 938810
Set parameter LogFile to value "gurobi.log"
Academic license 938810 - for non-commercial use only - registered to ag___@tu-berlin.de
Set parameter LogFile to value "gurobi.log"
Using license file /home/users/a/agma/gurobi.lic
Academic license 938810 - for non-commercial use only - registered to ag___@tu-berlin.de
Using license file /home/users/a/agma/gurobi.lic
Academic license 938810 - for non-commercial use only - registered to ag___@tu-berlin.de
Academic license 938810 - for non-commercial use only - registered to ag___@tu-berlin.de

Gurobi 12.0.2 (linux64, gurobi_cl) logging started Fri Jun 12 12:09:35 2026

Set parameter WLSAccessID
Set parameter WLSSecret
Set parameter LicenseID to value 938810
Set parameter LogFile to value "gurobi.log"
Using license file /home/users/a/agma/gurobi.lic
Academic license 938810 - for non-commercial use only - registered to ag___@tu-berlin.de

Gurobi 12.0.2 (linux64, gurobi_cl) logging started Fri Jun 12 12:09:37 2026

Set parameter WLSAccessID
Set parameter WLSSecret
Set parameter LicenseID to value 938810
Set parameter LogFile to value "gurobi.log"
Using license file /home/users/a/agma/gurobi.lic
Academic license 938810 - for non-commercial use only - registered to ag___@tu-berlin.de

Gurobi 12.0.2 (linux64, gurobi_cl) logging started Fri Jun 12 12:10:17 2026

Set parameter WLSAccessID
Set parameter WLSSecret
Set parameter LicenseID to value 938810
Set parameter LogFile to value "gurobi.log"
Using license file /home/users/a/agma/gurobi.lic
Academic license 938810 - for non-commercial use only - registered to ag___@tu-berlin.de

Gurobi 12.0.2 (linux64, gurobi_cl) logging started Fri Jun 12 12:10:18 2026

Set parameter WLSAccessID
Set parameter WLSSecret
Set parameter LicenseID to value 938810
Set parameter LogFile to value "gurobi.log"
Using license file /home/users/a/agma/gurobi.lic
Academic license 938810 - for non-commercial use only - registered to ag___@tu-berlin.de

Gurobi 12.0.2 (linux64, gurobi_cl) logging started Fri Jun 12 23:59:50 2026

Set parameter WLSAccessID
Set parameter WLSSecret
Set parameter LicenseID to value 938810
Set parameter LogFile to value "gurobi.log"
Using license file /home/users/a/agma/gurobi.lic
Academic license 938810 - for non-commercial use only - registered to ag___@tu-berlin.de

Gurobi 12.0.2 (linux64, gurobi_cl) logging started Sat Jun 13 00:36:32 2026

Set parameter WLSAccessID
Set parameter WLSSecret
Set parameter LicenseID to value 938810
Set parameter LogFile to value "gurobi.log"
Using license file /home/users/a/agma/gurobi.lic
Academic license 938810 - for non-commercial use only - registered to ag___@tu-berlin.de

Gurobi 12.0.2 (linux64, gurobi_cl) logging started Sat Jun 13 00:37:11 2026

Set parameter WLSAccessID
Set parameter WLSSecret
Set parameter LicenseID to value 938810
Set parameter LogFile to value "gurobi.log"
Using license file /home/users/a/agma/gurobi.lic
Academic license 938810 - for non-commercial use only - registered to ag___@tu-berlin.de

Gurobi 12.0.2 (linux64, gurobi_cl) logging started Sat Jun 13 00:37:11 2026

Set parameter WLSAccessID
Set parameter WLSSecret
Set parameter LicenseID to value 938810
Set parameter LogFile to value "gurobi.log"
Using license file /home/users/a/agma/gurobi.lic
Academic license 938810 - for non-commercial use only - registered to ag___@tu-berlin.de

Gurobi 12.0.2 (linux64, gurobi_cl) logging started Sat Jun 13 00:37:32 2026

Set parameter WLSAccessID
Set parameter WLSSecret
Set parameter LicenseID to value 938810
Set parameter LogFile to value "gurobi.log"
Using license file /home/users/a/agma/gurobi.lic
Academic license 938810 - for non-commercial use only - registered to ag___@tu-berlin.de

Gurobi 12.0.2 (linux64, gurobi_cl) logging started Sat Jun 13 00:37:32 2026

Set parameter WLSAccessID
Set parameter WLSSecret
Set parameter LicenseID to value 938810
Set parameter LogFile to value "gurobi.log"
Using license file /home/users/a/agma/gurobi.lic
Academic license 938810 - for non-commercial use only - registered to ag___@tu-berlin.de

Gurobi 12.0.2 (linux64, gurobi_cl) logging started Sat Jun 13 01:19:56 2026

Set parameter WLSAccessID
Set parameter WLSSecret
Set parameter LicenseID to value 938810
Set parameter LogFile to value "gurobi.log"
Using license file /home/users/a/agma/gurobi.lic
Academic license 938810 - for non-commercial use only - registered to ag___@tu-berlin.de

Gurobi 12.0.2 (linux64, gurobi_cl) logging started Sat Jun 13 01:20:16 2026

Set parameter WLSAccessID
Set parameter WLSSecret
Set parameter LicenseID to value 938810
Set parameter LogFile to value "gurobi.log"
Using license file /home/users/a/agma/gurobi.lic
Academic license 938810 - for non-commercial use only - registered to ag___@tu-berlin.de

Gurobi 12.0.2 (linux64, gurobi_cl) logging started Sat Jun 13 01:25:38 2026

Set parameter WLSAccessID
Set parameter WLSSecret
Set parameter LicenseID to value 938810
Set parameter LogFile to value "gurobi.log"
Using license file /home/users/a/agma/gurobi.lic
Academic license 938810 - for non-commercial use only - registered to ag___@tu-berlin.de

Gurobi 12.0.2 (linux64, gurobi_cl) logging started Sat Jun 13 01:25:56 2026

Set parameter WLSAccessID
Set parameter WLSSecret
Set parameter LicenseID to value 938810
Set parameter LogFile to value "gurobi.log"
Using license file /home/users/a/agma/gurobi.lic
Academic license 938810 - for non-commercial use only - registered to ag___@tu-berlin.de

Gurobi 12.0.2 (linux64, gurobi_cl) logging started Sat Jun 13 01:56:48 2026

Set parameter WLSAccessID
Set parameter WLSSecret
Set parameter LicenseID to value 938810
Set parameter LogFile to value "gurobi.log"
Using license file /home/users/a/agma/gurobi.lic
Academic license 938810 - for non-commercial use only - registered to ag___@tu-berlin.de

Gurobi 12.0.2 (linux64, gurobi_cl) logging started Sat Jun 13 01:56:48 2026

Set parameter WLSAccessID
Set parameter WLSSecret
Set parameter LicenseID to value 938810
Set parameter LogFile to value "gurobi.log"
Using license file /home/users/a/agma/gurobi.lic
Academic license 938810 - for non-commercial use only - registered to ag___@tu-berlin.de

Gurobi 12.0.2 (linux64, gurobi_cl) logging started Sat Jun 13 01:57:05 2026

Set parameter WLSAccessID
Set parameter WLSSecret
Set parameter LicenseID to value 938810
Set parameter LogFile to value "gurobi.log"
Using license file /home/users/a/agma/gurobi.lic
Academic license 938810 - for non-commercial use only - registered to ag___@tu-berlin.de

Gurobi 12.0.2 (linux64, gurobi_cl) logging started Sat Jun 13 01:57:05 2026

Set parameter WLSAccessID
Set parameter WLSSecret
Set parameter LicenseID to value 938810
Set parameter LogFile to value "gurobi.log"
Using license file /home/users/a/agma/gurobi.lic
Academic license 938810 - for non-commercial use only - registered to ag___@tu-berlin.de

Gurobi 12.0.2 (linux64, gurobi_cl) logging started Sat Jun 13 02:26:47 2026

Set parameter WLSAccessID
Set parameter WLSSecret
Set parameter LicenseID to value 938810
Set parameter LogFile to value "gurobi.log"
Using license file /home/users/a/agma/gurobi.lic
Academic license 938810 - for non-commercial use only - registered to ag___@tu-berlin.de

Gurobi 12.0.2 (linux64, gurobi_cl) logging started Sat Jun 13 02:26:47 2026

Set parameter WLSAccessID
Set parameter WLSSecret
Set parameter LicenseID to value 938810
Set parameter LogFile to value "gurobi.log"
Using license file /home/users/a/agma/gurobi.lic
Academic license 938810 - for non-commercial use only - registered to ag___@tu-berlin.de

Gurobi 12.0.2 (linux64, gurobi_cl) logging started Sat Jun 13 02:27:08 2026

Set parameter WLSAccessID
Set parameter WLSSecret
Set parameter LicenseID to value 938810
Set parameter LogFile to value "gurobi.log"
Using license file /home/users/a/agma/gurobi.lic
Academic license 938810 - for non-commercial use only - registered to ag___@tu-berlin.de

Gurobi 12.0.2 (linux64, gurobi_cl) logging started Sat Jun 13 02:27:08 2026

Set parameter WLSAccessID
Set parameter WLSSecret
Set parameter LicenseID to value 938810
Set parameter LogFile to value "gurobi.log"
Using license file /home/users/a/agma/gurobi.lic
Academic license 938810 - for non-commercial use only - registered to ag___@tu-berlin.de

Gurobi 12.0.2 (linux64, gurobi_cl) logging started Sat Jun 13 03:14:52 2026

Set parameter WLSAccessID
Set parameter WLSSecret
Set parameter LicenseID to value 938810
Set parameter LogFile to value "gurobi.log"
Using license file /home/users/a/agma/gurobi.lic
Academic license 938810 - for non-commercial use only - registered to ag___@tu-berlin.de

Gurobi 12.0.2 (linux64, gurobi_cl) logging started Sat Jun 13 03:14:52 2026

Set parameter WLSAccessID
Set parameter WLSSecret
Set parameter LicenseID to value 938810
Set parameter LogFile to value "gurobi.log"
Using license file /home/users/a/agma/gurobi.lic
Academic license 938810 - for non-commercial use only - registered to ag___@tu-berlin.de

Gurobi 12.0.2 (linux64, gurobi_cl) logging started Sat Jun 13 03:15:10 2026

Set parameter WLSAccessID
Set parameter WLSSecret
Set parameter LicenseID to value 938810
Set parameter LogFile to value "gurobi.log"
Using license file /home/users/a/agma/gurobi.lic
Academic license 938810 - for non-commercial use only - registered to ag___@tu-berlin.de

Gurobi 12.0.2 (linux64, gurobi_cl) logging started Sat Jun 13 03:15:10 2026

Set parameter WLSAccessID
Set parameter WLSSecret
Set parameter LicenseID to value 938810
Set parameter LogFile to value "gurobi.log"
Using license file /home/users/a/agma/gurobi.lic
Academic license 938810 - for non-commercial use only - registered to ag___@tu-berlin.de

Gurobi 12.0.2 (linux64, gurobi_cl) logging started Sat Jun 13 15:57:45 2026

Set parameter WLSAccessID
Set parameter WLSSecret
Set parameter LicenseID to value 938810
Set parameter LogFile to value "gurobi.log"
Using license file /home/users/a/agma/gurobi.lic
Academic license 938810 - for non-commercial use only - registered to ag___@tu-berlin.de

Gurobi 12.0.2 (linux64, gurobi_cl) logging started Sat Jun 13 15:57:54 2026

Set parameter WLSAccessID
Set parameter WLSSecret
Set parameter LicenseID to value 938810
Set parameter LogFile to value "gurobi.log"
Using license file /home/users/a/agma/gurobi.lic
Academic license 938810 - for non-commercial use only - registered to ag___@tu-berlin.de

Gurobi 12.0.2 (linux64, gurobi_cl) logging started Sat Jun 13 18:31:09 2026

Set parameter WLSAccessID
Set parameter WLSSecret
Set parameter LicenseID to value 938810
Set parameter LogFile to value "gurobi.log"
Using license file /home/users/a/agma/gurobi.lic
Academic license 938810 - for non-commercial use only - registered to ag___@tu-berlin.de

Gurobi 12.0.2 (linux64, gurobi_cl) logging started Sat Jun 13 18:32:47 2026

Set parameter WLSAccessID
Set parameter WLSSecret
Set parameter LicenseID to value 938810
Set parameter LogFile to value "gurobi.log"
Using license file /home/users/a/agma/gurobi.lic
Academic license 938810 - for non-commercial use only - registered to ag___@tu-berlin.de

Gurobi 12.0.2 (linux64, gurobi_cl) logging started Sat Jun 13 18:35:40 2026

Set parameter WLSAccessID
Set parameter WLSSecret
Set parameter LicenseID to value 938810
Set parameter LogFile to value "gurobi.log"
Using license file /home/users/a/agma/gurobi.lic
Academic license 938810 - for non-commercial use only - registered to ag___@tu-berlin.de

Gurobi 12.0.2 (linux64, gurobi_cl) logging started Sat Jun 13 18:35:52 2026

Set parameter WLSAccessID
Set parameter WLSSecret
Set parameter LicenseID to value 938810
Set parameter LogFile to value "gurobi.log"
Using license file /home/users/a/agma/gurobi.lic
Academic license 938810 - for non-commercial use only - registered to ag___@tu-berlin.de

Gurobi 12.0.2 (linux64, gurobi_cl) logging started Sun Jun 14 12:25:10 2026

Set parameter WLSAccessID
Set parameter WLSSecret
Set parameter LicenseID to value 938810
Set parameter LogFile to value "gurobi.log"
Using license file /home/users/a/agma/gurobi.lic
Academic license 938810 - for non-commercial use only - registered to ag___@tu-berlin.de

Gurobi 12.0.2 (linux64, gurobi_cl) logging started Sun Jun 14 12:25:18 2026

Set parameter WLSAccessID
Set parameter WLSSecret
Set parameter LicenseID to value 938810
Set parameter LogFile to value "gurobi.log"
Using license file /home/users/a/agma/gurobi.lic
Academic license 938810 - for non-commercial use only - registered to ag___@tu-berlin.de

Gurobi 12.0.2 (linux64, gurobi_cl) logging started Thu Jun 18 17:41:16 2026

Set parameter WLSAccessID
Set parameter WLSSecret
Set parameter LicenseID to value 938810
Set parameter LogFile to value "gurobi.log"
Using license file /home/users/a/agma/gurobi.lic
Academic license 938810 - for non-commercial use only - registered to ag___@tu-berlin.de

Gurobi 12.0.2 (linux64, gurobi_cl) logging started Thu Jun 18 17:41:36 2026

Set parameter WLSAccessID
Set parameter WLSSecret
Set parameter LicenseID to value 938810
Set parameter LogFile to value "gurobi.log"
Using license file /home/users/a/agma/gurobi.lic
Academic license 938810 - for non-commercial use only - registered to ag___@tu-berlin.de

Gurobi 12.0.2 (linux64, gurobi_cl) logging started Thu Jun 18 17:41:59 2026


Gurobi 12.0.2 (linux64, gurobi_cl) logging started Thu Jun 18 17:41:59 2026


Gurobi 12.0.2 (linux64, gurobi_cl) logging started Thu Jun 18 17:41:59 2026

Set parameter WLSAccessID
Set parameter WLSSecret
Set parameter LicenseID to value 938810
Set parameter WLSAccessID
Set parameter LogFile to value "gurobi.log"
Set parameter WLSSecret
Set parameter WLSAccessID
Using license file /home/users/a/agma/gurobi.lic
Set parameter LicenseID to value 938810
Set parameter WLSSecret
Set parameter LogFile to value "gurobi.log"
Using license file /home/users/a/agma/gurobi.lic
Set parameter LicenseID to value 938810
Set parameter LogFile to value "gurobi.log"
Using license file /home/users/a/agma/gurobi.lic
Academic license 938810 - for non-commercial use only - registered to ag___@tu-berlin.de
Academic license 938810 - for non-commercial use only - registered to ag___@tu-berlin.de
Academic license 938810 - for non-commercial use only - registered to ag___@tu-berlin.de

Gurobi 12.0.2 (linux64, gurobi_cl) logging started Thu Jun 18 17:42:00 2026

Set parameter WLSAccessID
Set parameter WLSSecret
Set parameter LicenseID to value 938810
Set parameter LogFile to value "gurobi.log"
Using license file /home/users/a/agma/gurobi.lic
Academic license 938810 - for non-commercial use only - registered to ag___@tu-berlin.de

Gurobi 12.0.2 (linux64, gurobi_cl) logging started Thu Jun 18 17:42:25 2026


Gurobi 12.0.2 (linux64, gurobi_cl) logging started Thu Jun 18 17:42:25 2026


Gurobi 12.0.2 (linux64, gurobi_cl) logging started Thu Jun 18 17:42:25 2026

Set parameter WLSAccessID
Set parameter WLSSecret
Set parameter LicenseID to value 938810
Set parameter WLSAccessID
Set parameter LogFile to value "gurobi.log"
Using license file /home/users/a/agma/gurobi.lic
Set parameter WLSSecret
Set parameter WLSAccessID
Set parameter WLSSecret
Set parameter LicenseID to value 938810
Set parameter LicenseID to value 938810
Set parameter LogFile to value "gurobi.log"
Set parameter LogFile to value "gurobi.log"
Using license file /home/users/a/agma/gurobi.lic
Using license file /home/users/a/agma/gurobi.lic
Academic license 938810 - for non-commercial use only - registered to ag___@tu-berlin.de
Academic license 938810 - for non-commercial use only - registered to ag___@tu-berlin.de
Academic license 938810 - for non-commercial use only - registered to ag___@tu-berlin.de

Gurobi 12.0.2 (linux64, gurobi_cl) logging started Thu Jun 18 17:44:17 2026

Set parameter WLSAccessID
Set parameter WLSSecret
Set parameter LicenseID to value 938810
Set parameter LogFile to value "gurobi.log"
Using license file /home/users/a/agma/gurobi.lic
Academic license 938810 - for non-commercial use only - registered to ag___@tu-berlin.de

Gurobi 12.0.2 (linux64, gurobi_cl) logging started Thu Jun 18 17:44:19 2026


Gurobi 12.0.2 (linux64, gurobi_cl) logging started Thu Jun 18 17:44:19 2026


Gurobi 12.0.2 (linux64, gurobi_cl) logging started Thu Jun 18 17:44:19 2026

Set parameter WLSAccessID
Set parameter WLSSecret
Set parameter LicenseID to value 938810
Set parameter LogFile to value "gurobi.log"
Using license file /home/users/a/agma/gurobi.lic
Set parameter WLSAccessID
Set parameter WLSSecret
Set parameter WLSAccessID
Academic license 938810 - for non-commercial use only - registered to ag___@tu-berlin.de
Set parameter LicenseID to value 938810
Set parameter WLSSecret
Set parameter LicenseID to value 938810
Set parameter LogFile to value "gurobi.log"
Using license file /home/users/a/agma/gurobi.lic
Set parameter LogFile to value "gurobi.log"
Academic license 938810 - for non-commercial use only - registered to ag___@tu-berlin.de
Using license file /home/users/a/agma/gurobi.lic
Academic license 938810 - for non-commercial use only - registered to ag___@tu-berlin.de

Gurobi 12.0.2 (linux64, gurobi_cl) logging started Thu Jun 18 17:44:41 2026

Set parameter WLSAccessID
Set parameter WLSSecret
Set parameter LicenseID to value 938810
Set parameter LogFile to value "gurobi.log"
Using license file /home/users/a/agma/gurobi.lic
Academic license 938810 - for non-commercial use only - registered to ag___@tu-berlin.de

Gurobi 12.0.2 (linux64, gurobi_cl) logging started Thu Jun 18 17:44:45 2026


Gurobi 12.0.2 (linux64, gurobi_cl) logging started Thu Jun 18 17:44:45 2026


Gurobi 12.0.2 (linux64, gurobi_cl) logging started Thu Jun 18 17:44:45 2026

Set parameter WLSAccessID
Set parameter WLSSecret
Set parameter WLSAccessID
Set parameter WLSSecret
Set parameter LicenseID to value 938810
Set parameter WLSAccessID
Set parameter WLSSecret
Set parameter LicenseID to value 938810
Set parameter LogFile to value "gurobi.log"
Using license file /home/users/a/agma/gurobi.lic
Set parameter LicenseID to value 938810
Set parameter LogFile to value "gurobi.log"
Set parameter LogFile to value "gurobi.log"
Using license file /home/users/a/agma/gurobi.lic
Using license file /home/users/a/agma/gurobi.lic
Academic license 938810 - for non-commercial use only - registered to ag___@tu-berlin.de
Academic license 938810 - for non-commercial use only - registered to ag___@tu-berlin.de
Academic license 938810 - for non-commercial use only - registered to ag___@tu-berlin.de

Gurobi 12.0.2 (linux64, gurobi_cl) logging started Thu Jun 18 17:46:47 2026

Set parameter WLSAccessID
Set parameter WLSSecret
Set parameter LicenseID to value 938810
Set parameter LogFile to value "gurobi.log"
Using license file /home/users/a/agma/gurobi.lic
Academic license 938810 - for non-commercial use only - registered to ag___@tu-berlin.de

Gurobi 12.0.2 (linux64, gurobi_cl) logging started Thu Jun 18 17:46:47 2026

Set parameter WLSAccessID
Set parameter WLSSecret
Set parameter LicenseID to value 938810
Set parameter LogFile to value "gurobi.log"
Using license file /home/users/a/agma/gurobi.lic
Academic license 938810 - for non-commercial use only - registered to ag___@tu-berlin.de

Gurobi 12.0.2 (linux64, gurobi_cl) logging started Thu Jun 18 17:46:48 2026


Gurobi 12.0.2 (linux64, gurobi_cl) logging started Thu Jun 18 17:46:48 2026

Set parameter WLSAccessID
Set parameter WLSSecret
Set parameter WLSAccessID
Set parameter WLSSecret
Set parameter LicenseID to value 938810
Set parameter LicenseID to value 938810
Set parameter LogFile to value "gurobi.log"
Set parameter LogFile to value "gurobi.log"
Using license file /home/users/a/agma/gurobi.lic
Using license file /home/users/a/agma/gurobi.lic
Academic license 938810 - for non-commercial use only - registered to ag___@tu-berlin.de
Academic license 938810 - for non-commercial use only - registered to ag___@tu-berlin.de

Gurobi 12.0.2 (linux64, gurobi_cl) logging started Thu Jun 18 17:47:20 2026

Set parameter WLSAccessID
Set parameter WLSSecret
Set parameter LicenseID to value 938810
Set parameter LogFile to value "gurobi.log"
Using license file /home/users/a/agma/gurobi.lic
Academic license 938810 - for non-commercial use only - registered to ag___@tu-berlin.de

Gurobi 12.0.2 (linux64, gurobi_cl) logging started Thu Jun 18 17:47:21 2026

Set parameter WLSAccessID
Set parameter WLSSecret
Set parameter LicenseID to value 938810
Set parameter LogFile to value "gurobi.log"
Using license file /home/users/a/agma/gurobi.lic
Academic license 938810 - for non-commercial use only - registered to ag___@tu-berlin.de

Gurobi 12.0.2 (linux64, gurobi_cl) logging started Thu Jun 18 17:47:23 2026


Gurobi 12.0.2 (linux64, gurobi_cl) logging started Thu Jun 18 17:47:23 2026

Set parameter WLSAccessID
Set parameter WLSSecret
Set parameter WLSAccessID
Set parameter WLSSecret
Set parameter LicenseID to value 938810
Set parameter LicenseID to value 938810
Set parameter LogFile to value "gurobi.log"
Set parameter LogFile to value "gurobi.log"
Using license file /home/users/a/agma/gurobi.lic
Using license file /home/users/a/agma/gurobi.lic
Academic license 938810 - for non-commercial use only - registered to ag___@tu-berlin.de
Academic license 938810 - for non-commercial use only - registered to ag___@tu-berlin.de

Gurobi 12.0.2 (linux64, gurobi_cl) logging started Thu Jun 18 17:49:23 2026

Set parameter WLSAccessID
Set parameter WLSSecret
Set parameter LicenseID to value 938810
Set parameter LogFile to value "gurobi.log"
Using license file /home/users/a/agma/gurobi.lic
Academic license 938810 - for non-commercial use only - registered to ag___@tu-berlin.de

Gurobi 12.0.2 (linux64, gurobi_cl) logging started Thu Jun 18 17:49:39 2026

Set parameter WLSAccessID
Set parameter WLSSecret
Set parameter LicenseID to value 938810
Set parameter LogFile to value "gurobi.log"
Using license file /home/users/a/agma/gurobi.lic
Academic license 938810 - for non-commercial use only - registered to ag___@tu-berlin.de

Gurobi 12.0.2 (linux64, gurobi_cl) logging started Thu Jun 18 17:50:24 2026

Set parameter WLSAccessID
Set parameter WLSSecret
Set parameter LicenseID to value 938810
Set parameter LogFile to value "gurobi.log"
Using license file /home/users/a/agma/gurobi.lic
Academic license 938810 - for non-commercial use only - registered to ag___@tu-berlin.de

Gurobi 12.0.2 (linux64, gurobi_cl) logging started Thu Jun 18 17:50:41 2026

Set parameter WLSAccessID
Set parameter WLSSecret
Set parameter LicenseID to value 938810
Set parameter LogFile to value "gurobi.log"
Using license file /home/users/a/agma/gurobi.lic
Academic license 938810 - for non-commercial use only - registered to ag___@tu-berlin.de

Gurobi 12.0.2 (linux64, gurobi_cl) logging started Thu Jun 18 18:56:26 2026

Set parameter WLSAccessID
Set parameter WLSSecret
Set parameter LicenseID to value 938810
Set parameter LogFile to value "gurobi.log"
Using license file /home/users/a/agma/gurobi.lic
Academic license 938810 - for non-commercial use only - registered to ag___@tu-berlin.de

Gurobi 12.0.2 (linux64, gurobi_cl) logging started Thu Jun 18 18:56:26 2026

Set parameter WLSAccessID
Set parameter WLSSecret
Set parameter LicenseID to value 938810
Set parameter LogFile to value "gurobi.log"
Using license file /home/users/a/agma/gurobi.lic
Academic license 938810 - for non-commercial use only - registered to ag___@tu-berlin.de

Gurobi 12.0.2 (linux64, gurobi_cl) logging started Thu Jun 18 18:56:44 2026

Set parameter WLSAccessID
Set parameter WLSSecret
Set parameter LicenseID to value 938810
Set parameter LogFile to value "gurobi.log"
Using license file /home/users/a/agma/gurobi.lic
Academic license 938810 - for non-commercial use only - registered to ag___@tu-berlin.de

Gurobi 12.0.2 (linux64, gurobi_cl) logging started Thu Jun 18 18:56:44 2026

Set parameter WLSAccessID
Set parameter WLSSecret
Set parameter LicenseID to value 938810
Set parameter LogFile to value "gurobi.log"
Using license file /home/users/a/agma/gurobi.lic
Academic license 938810 - for non-commercial use only - registered to ag___@tu-berlin.de

Gurobi 12.0.2 (linux64, gurobi_cl) logging started Thu Jun 18 18:59:00 2026

Set parameter WLSAccessID
Set parameter WLSSecret
Set parameter LicenseID to value 938810
Set parameter LogFile to value "gurobi.log"
Using license file /home/users/a/agma/gurobi.lic
Academic license 938810 - for non-commercial use only - registered to ag___@tu-berlin.de

Gurobi 12.0.2 (linux64, gurobi_cl) logging started Thu Jun 18 18:59:01 2026

Set parameter WLSAccessID
Set parameter WLSSecret
Set parameter LicenseID to value 938810
Set parameter LogFile to value "gurobi.log"
Using license file /home/users/a/agma/gurobi.lic
Academic license 938810 - for non-commercial use only - registered to ag___@tu-berlin.de

Gurobi 12.0.2 (linux64, gurobi_cl) logging started Thu Jun 18 18:59:19 2026

Set parameter WLSAccessID
Set parameter WLSSecret
Set parameter LicenseID to value 938810
Set parameter LogFile to value "gurobi.log"
Using license file /home/users/a/agma/gurobi.lic
Academic license 938810 - for non-commercial use only - registered to ag___@tu-berlin.de

Gurobi 12.0.2 (linux64, gurobi_cl) logging started Thu Jun 18 18:59:22 2026

Set parameter WLSAccessID
Set parameter WLSSecret
Set parameter LicenseID to value 938810
Set parameter LogFile to value "gurobi.log"
Using license file /home/users/a/agma/gurobi.lic
Academic license 938810 - for non-commercial use only - registered to ag___@tu-berlin.de

Gurobi 12.0.2 (linux64, gurobi_cl) logging started Thu Jun 18 20:04:15 2026

Set parameter WLSAccessID
Set parameter WLSSecret
Set parameter WLSSecret
Set parameter LicenseID to value 938810
Set parameter LicenseID to value 938810
Set parameter LogFile to value "gurobi.log"
Using license file /home/users/a/agma/gurobi.lic
Using license file /home/users/a/agma/gurobi.lic
Academic license 938810 - for non-commercial use only - registered to ag___@tu-berlin.de
Academic license 938810 - for non-commercial use only - registered to ag___@tu-berlin.de

Gurobi 12.0.2 (linux64, gurobi_cl) logging started Thu Jun 18 20:04:47 2026

Set parameter WLSAccessID
Set parameter WLSAccessID
Set parameter WLSSecret
Set parameter WLSSecret
Set parameter LicenseID to value 938810
Set parameter LogFile to value "gurobi.log"
Set parameter LogFile to value "gurobi.log"
Using license file /home/users/a/agma/gurobi.lic
Academic license 938810 - for non-commercial use only - registered to ag___@tu-berlin.de

Gurobi 12.0.2 (linux64, gurobi_cl) logging started Thu Jun 18 21:21:00 2026

Set parameter WLSAccessID
Set parameter WLSSecret
Set parameter LicenseID to value 938810
Set parameter LogFile to value "gurobi.log"
Using license file /home/users/a/agma/gurobi.lic
Academic license 938810 - for non-commercial use only - registered to ag___@tu-berlin.de

Gurobi 12.0.2 (linux64, gurobi_cl) logging started Fri Jun 19 16:32:51 2026

Set parameter WLSAccessID
Set parameter WLSSecret
Set parameter LicenseID to value 938810
Set parameter LogFile to value "gurobi.log"
Using license file /home/users/a/agma/gurobi.lic
Academic license 938810 - for non-commercial use only - registered to ag___@tu-berlin.de

Gurobi 12.0.2 (linux64, gurobi_cl) logging started Fri Jun 19 16:33:23 2026

Set parameter WLSAccessID
Set parameter WLSSecret
Set parameter LicenseID to value 938810
Set parameter LogFile to value "gurobi.log"
Using license file /home/users/a/agma/gurobi.lic
Academic license 938810 - for non-commercial use only - registered to ag___@tu-berlin.de

Gurobi 12.0.2 (linux64, gurobi_cl) logging started Fri Jun 19 16:35:56 2026

Set parameter WLSAccessID
Set parameter WLSSecret
Set parameter LicenseID to value 938810
Set parameter LogFile to value "gurobi.log"
Using license file /home/users/a/agma/gurobi.lic
Academic license 938810 - for non-commercial use only - registered to ag___@tu-berlin.de

Gurobi 12.0.2 (linux64, gurobi_cl) logging started Fri Jun 19 17:18:47 2026

Set parameter WLSAccessID
Set parameter WLSSecret
Set parameter LicenseID to value 938810
Set parameter LogFile to value "gurobi.log"
Using license file /home/users/a/agma/gurobi.lic
Academic license 938810 - for non-commercial use only - registered to ag___@tu-berlin.de

Gurobi 12.0.2 (linux64, gurobi_cl) logging started Fri Jun 19 17:19:11 2026


Gurobi 12.0.2 (linux64, gurobi_cl) logging started Fri Jun 19 17:19:11 2026


Gurobi 12.0.2 (linux64, gurobi_cl) logging started Fri Jun 19 17:19:11 2026

Set parameter WLSAccessID
Set parameter WLSSecret
Set parameter LicenseID to value 938810

Gurobi 12.0.2 (linux64, gurobi_cl) logging started Fri Jun 19 17:19:11 2026

Set parameter LogFile to value "gurobi.log"
Using license file /home/users/a/agma/gurobi.lic
Set parameter WLSAccessID
Set parameter WLSSecret
Set parameter LicenseID to value 938810
Set parameter LogFile to value "gurobi.log"
Set parameter WLSAccessID
Set parameter WLSSecret
Using license file /home/users/a/agma/gurobi.lic
Set parameter LicenseID to value 938810
Academic license 938810 - for non-commercial use only - registered to ag___@tu-berlin.de
Academic license 938810 - for non-commercial use only - registered to ag___@tu-berlin.de
Set parameter WLSAccessID
Set parameter LogFile to value "gurobi.log"
Using license file /home/users/a/agma/gurobi.lic
Set parameter WLSSecret
Set parameter LicenseID to value 938810
Set parameter LogFile to value "gurobi.log"
Using license file /home/users/a/agma/gurobi.lic
Academic license 938810 - for non-commercial use only - registered to ag___@tu-berlin.de
Academic license 938810 - for non-commercial use only - registered to ag___@tu-berlin.de

Gurobi 12.0.2 (linux64, gurobi_cl) logging started Fri Jun 19 17:19:34 2026


Gurobi 12.0.2 (linux64, gurobi_cl) logging started Fri Jun 19 17:19:34 2026


Gurobi 12.0.2 (linux64, gurobi_cl) logging started Fri Jun 19 17:19:34 2026


Gurobi 12.0.2 (linux64, gurobi_cl) logging started Fri Jun 19 17:19:34 2026

Set parameter WLSAccessID
Set parameter WLSSecret
Set parameter LicenseID to value 938810
Set parameter LogFile to value "gurobi.log"
Using license file /home/users/a/agma/gurobi.lic
Set parameter WLSAccessID
Set parameter WLSAccessID
Set parameter WLSAccessID
Academic license 938810 - for non-commercial use only - registered to ag___@tu-berlin.de
Set parameter WLSSecret
Set parameter WLSSecret
Set parameter WLSSecret
Set parameter LicenseID to value 938810
Set parameter LicenseID to value 938810
Set parameter LicenseID to value 938810
Set parameter LogFile to value "gurobi.log"
Set parameter LogFile to value "gurobi.log"
Using license file /home/users/a/agma/gurobi.lic
Set parameter LogFile to value "gurobi.log"
Using license file /home/users/a/agma/gurobi.lic
Using license file /home/users/a/agma/gurobi.lic
Academic license 938810 - for non-commercial use only - registered to ag___@tu-berlin.de
Academic license 938810 - for non-commercial use only - registered to ag___@tu-berlin.de
Academic license 938810 - for non-commercial use only - registered to ag___@tu-berlin.de

Gurobi 12.0.2 (linux64, gurobi_cl) logging started Fri Jun 19 17:22:02 2026

Set parameter WLSAccessID
Set parameter WLSSecret
Set parameter LicenseID to value 938810
Set parameter LogFile to value "gurobi.log"
Using license file /home/users/a/agma/gurobi.lic
Academic license 938810 - for non-commercial use only - registered to ag___@tu-berlin.de

Gurobi 12.0.2 (linux64, gurobi_cl) logging started Fri Jun 19 17:22:03 2026

Set parameter WLSAccessID
Set parameter WLSSecret
Set parameter LicenseID to value 938810
Set parameter LogFile to value "gurobi.log"
Using license file /home/users/a/agma/gurobi.lic

Gurobi 12.0.2 (linux64, gurobi_cl) logging started Fri Jun 19 17:22:03 2026

Academic license 938810 - for non-commercial use only - registered to ag___@tu-berlin.de

Gurobi 12.0.2 (linux64, gurobi_cl) logging started Fri Jun 19 17:22:03 2026

Set parameter WLSAccessID
Set parameter WLSSecret
Set parameter LicenseID to value 938810
Set parameter LogFile to value "gurobi.log"
Using license file /home/users/a/agma/gurobi.lic
Set parameter WLSAccessID
Set parameter WLSSecret
Academic license 938810 - for non-commercial use only - registered to ag___@tu-berlin.de
Set parameter LicenseID to value 938810
Set parameter LogFile to value "gurobi.log"
Using license file /home/users/a/agma/gurobi.lic
Academic license 938810 - for non-commercial use only - registered to ag___@tu-berlin.de

Gurobi 12.0.2 (linux64, gurobi_cl) logging started Fri Jun 19 17:22:51 2026

Set parameter WLSAccessID
Set parameter WLSSecret
Set parameter LicenseID to value 938810
Set parameter LogFile to value "gurobi.log"
Using license file /home/users/a/agma/gurobi.lic
Academic license 938810 - for non-commercial use only - registered to ag___@tu-berlin.de

Gurobi 12.0.2 (linux64, gurobi_cl) logging started Fri Jun 19 17:22:54 2026

Set parameter WLSAccessID
Set parameter WLSSecret
Set parameter LicenseID to value 938810
Set parameter LogFile to value "gurobi.log"
Using license file /home/users/a/agma/gurobi.lic
Academic license 938810 - for non-commercial use only - registered to ag___@tu-berlin.de

Gurobi 12.0.2 (linux64, gurobi_cl) logging started Fri Jun 19 17:22:56 2026


Gurobi 12.0.2 (linux64, gurobi_cl) logging started Fri Jun 19 17:22:56 2026

Set parameter WLSAccessID
Set parameter WLSSecret
Set parameter WLSAccessID
Set parameter LicenseID to value 938810
Set parameter WLSSecret
Set parameter LicenseID to value 938810
Set parameter LogFile to value "gurobi.log"
Set parameter LogFile to value "gurobi.log"
Using license file /home/users/a/agma/gurobi.lic
Using license file /home/users/a/agma/gurobi.lic
Academic license 938810 - for non-commercial use only - registered to ag___@tu-berlin.de
Academic license 938810 - for non-commercial use only - registered to ag___@tu-berlin.de

Gurobi 12.0.2 (linux64, gurobi_cl) logging started Fri Jun 19 17:26:44 2026


Gurobi 12.0.2 (linux64, gurobi_cl) logging started Fri Jun 19 17:26:44 2026


Gurobi 12.0.2 (linux64, gurobi_cl) logging started Fri Jun 19 17:26:44 2026


Gurobi 12.0.2 (linux64, gurobi_cl) logging started Fri Jun 19 17:26:44 2026

Set parameter WLSAccessID
Set parameter WLSSecret
Set parameter LicenseID to value 938810
Set parameter LogFile to value "gurobi.log"
Using license file /home/users/a/agma/gurobi.lic
Set parameter WLSAccessID
Set parameter WLSSecret
Set parameter WLSAccessID
Set parameter WLSSecret
Set parameter WLSAccessID
Set parameter WLSSecret
Set parameter LicenseID to value 938810
Set parameter LicenseID to value 938810
Set parameter LicenseID to value 938810
Set parameter LogFile to value "gurobi.log"
Set parameter LogFile to value "gurobi.log"
Using license file /home/users/a/agma/gurobi.lic
Set parameter LogFile to value "gurobi.log"
Using license file /home/users/a/agma/gurobi.lic
Using license file /home/users/a/agma/gurobi.lic
Academic license 938810 - for non-commercial use only - registered to ag___@tu-berlin.de
Academic license 938810 - for non-commercial use only - registered to ag___@tu-berlin.de
Academic license 938810 - for non-commercial use only - registered to ag___@tu-berlin.de
Academic license 938810 - for non-commercial use only - registered to ag___@tu-berlin.de

Gurobi 12.0.2 (linux64, gurobi_cl) logging started Fri Jun 19 17:27:02 2026


Gurobi 12.0.2 (linux64, gurobi_cl) logging started Fri Jun 19 17:27:02 2026


Gurobi 12.0.2 (linux64, gurobi_cl) logging started Fri Jun 19 17:27:02 2026


Gurobi 12.0.2 (linux64, gurobi_cl) logging started Fri Jun 19 17:27:02 2026

Set parameter WLSAccessID
Set parameter WLSSecret
Set parameter LicenseID to value 938810
Set parameter LogFile to value "gurobi.log"
Using license file /home/users/a/agma/gurobi.lic
Set parameter WLSAccessID
Set parameter WLSSecret
Set parameter WLSAccessID
Set parameter LicenseID to value 938810
Set parameter WLSAccessID
Set parameter WLSSecret
Set parameter WLSSecret
Set parameter LogFile to value "gurobi.log"
Using license file /home/users/a/agma/gurobi.lic
Set parameter LicenseID to value 938810
Set parameter LicenseID to value 938810
Academic license 938810 - for non-commercial use only - registered to ag___@tu-berlin.de
Set parameter LogFile to value "gurobi.log"
Using license file /home/users/a/agma/gurobi.lic
Set parameter LogFile to value "gurobi.log"
Academic license 938810 - for non-commercial use only - registered to ag___@tu-berlin.de
Using license file /home/users/a/agma/gurobi.lic
Academic license 938810 - for non-commercial use only - registered to ag___@tu-berlin.de
Academic license 938810 - for non-commercial use only - registered to ag___@tu-berlin.de

Gurobi 12.0.2 (linux64, gurobi_cl) logging started Fri Jun 19 17:29:14 2026

Set parameter WLSAccessID
Set parameter WLSSecret
Set parameter LicenseID to value 938810
Set parameter LogFile to value "gurobi.log"
Using license file /home/users/a/agma/gurobi.lic
Academic license 938810 - for non-commercial use only - registered to ag___@tu-berlin.de

Gurobi 12.0.2 (linux64, gurobi_cl) logging started Fri Jun 19 17:29:14 2026

Set parameter WLSAccessID
Set parameter WLSSecret
Set parameter LicenseID to value 938810
Set parameter LogFile to value "gurobi.log"
Using license file /home/users/a/agma/gurobi.lic
Academic license 938810 - for non-commercial use only - registered to ag___@tu-berlin.de

Gurobi 12.0.2 (linux64, gurobi_cl) logging started Fri Jun 19 17:29:26 2026

Set parameter WLSAccessID

Gurobi 12.0.2 (linux64,Set parameter LicenseID to value 938810
7:29:26 2026

Set parameter LogFile to value "gurobi.log"
Using license file /home/users/a/agma/gurobi.lic
Set parameter WLSAccessID
Set parameter WLSSecret
Set parameter LicenseID to value 938810
Set parameter LogFile to value "gurobi.log"
Using license file /home/users/a/agma/gurobi.lic
Academic license 938810 - for non-commercial use only - registered to ag___@tu-berlin.de
Academic license 938810 - for non-commercial use only - registered to ag___@tu-berlin.de

Gurobi 12.0.2 (linux64, gurobi_cl) logging started Fri Jun 19 17:48:09 2026

Set parameter WLSAccessID
Set parameter WLSSecret
Set parameter LicenseID to value 938810

Gurobi 12.0.2 (linux64, gurobi_cl) logging started Fri Jun 19 17:48:09 2026

Set parameter LogFile to value "gurobi.log"
Using license file /home/users/a/agma/gurobi.lic
Set parameter WLSAccessID
Set parameter WLSSecret
Set parameter LicenseID to value 938810
Set parameter LogFile to value "gurobi.log"
Using license file /home/users/a/agma/gurobi.lic
Academic license 938810 - for non-commercial use only - registered to ag___@tu-berlin.de
Academic license 938810 - for non-commercial use only - registered to ag___@tu-berlin.de

Gurobi 12.0.2 (linux64, gurobi_cl) logging started Fri Jun 19 17:48:19 2026

Set parameter WLSAccessID
Set parameter WLSSecret
Set parameter LicenseID to value 938810
Set parameter LogFile to value "gurobi.log"
Using license file /home/users/a/agma/gurobi.lic
Academic license 938810 - for non-commercial use only - registered to ag___@tu-berlin.de

Gurobi 12.0.2 (linux64, gurobi_cl) logging started Fri Jun 19 17:48:19 2026

Set parameter WLSAccessID
Set parameter WLSSecret
Set parameter LicenseID to value 938810
Set parameter LogFile to value "gurobi.log"
Using license file /home/users/a/agma/gurobi.lic
Academic license 938810 - for non-commercial use only - registered to ag___@tu-berlin.de

Gurobi 12.0.2 (linux64, gurobi_cl) logging started Fri Jun 19 17:55:48 2026

Set parameter WLSAccessID
Set parameter WLSSecret
Set parameter LicenseID to value 938810
Set parameter LogFile to value "gurobi.log"
Using license file /home/users/a/agma/gurobi.lic
Academic license 938810 - for non-commercial use only - registered to ag___@tu-berlin.de

Gurobi 12.0.2 (linux64, gurobi_cl) logging started Fri Jun 19 17:55:48 2026

Set parameter WLSAccessID
Set parameter WLSSecret
Set parameter LicenseID to value 938810
Set parameter LogFile to value "gurobi.log"
Using license file /home/users/a/agma/gurobi.lic
Academic license 938810 - for non-commercial use only - registered to ag___@tu-berlin.de

Gurobi 12.0.2 (linux64, gurobi_cl) logging started Fri Jun 19 17:56:08 2026


Gurobi 12.0.2 (linux64, gurobi_cl) logging started Fri Jun 19 17:56:08 2026

Set parameter WLSAccessID
Set parameter WLSSecret
Set parameter LicenseID to value 938810
Set parameter WLSAccessID
Set parameter LogFile to value "gurobi.log"
Using license file /home/users/a/agma/gurobi.lic
Set parameter WLSSecret
Set parameter LicenseID to value 938810
Set parameter LogFile to value "gurobi.log"
Using license file /home/users/a/agma/gurobi.lic
Academic license 938810 - for non-commercial use only - registered to ag___@tu-berlin.de
Academic license 938810 - for non-commercial use only - registered to ag___@tu-berlin.de

Gurobi 12.0.2 (linux64, gurobi_cl) logging started Fri Jun 19 18:11:15 2026

Set parameter WLSAccessID
Set parameter WLSSecret
Set parameter LicenseID to value 938810
Set parameter LogFile to value "gurobi.log"
Using license file /home/users/a/agma/gurobi.lic
Academic license 938810 - for non-commercial use only - registered to ag___@tu-berlin.de

Gurobi 12.0.2 (linux64, gurobi_cl) logging started Fri Jun 19 18:11:27 2026

Set parameter WLSAccessID
Set parameter WLSSecret
Set parameter LicenseID to value 938810
Set parameter LogFile to value "gurobi.log"
Using license file /home/users/a/agma/gurobi.lic
Academic license 938810 - for non-commercial use only - registered to ag___@tu-berlin.de

Gurobi 12.0.2 (linux64, gurobi_cl) logging started Fri Jun 19 18:21:26 2026

Set parameter WLSAccessID
Set parameter WLSSecret
Set parameter LicenseID to value 938810
Set parameter LogFile to value "gurobi.log"
Using license file /home/users/a/agma/gurobi.lic
Academic license 938810 - for non-commercial use only - registered to ag___@tu-berlin.de

Gurobi 12.0.2 (linux64, gurobi_cl) logging started Fri Jun 19 18:21:42 2026

Set parameter WLSAccessID
Set parameter WLSSecret
Set parameter LicenseID to value 938810
Set parameter LogFile to value "gurobi.log"
Using license file /home/users/a/agma/gurobi.lic
Academic license 938810 - for non-commercial use only - registered to ag___@tu-berlin.de

Gurobi 12.0.2 (linux64, gurobi_cl) logging started Fri Jun 19 18:34:43 2026

Set parameter WLSAccessID
Set parameter WLSSecret
Set parameter LicenseID to value 938810
Set parameter LogFile to value "gurobi.log"
Using license file /home/users/a/agma/gurobi.lic
Academic license 938810 - for non-commercial use only - registered to ag___@tu-berlin.de

Gurobi 12.0.2 (linux64, gurobi_cl) logging started Fri Jun 19 18:35:24 2026


Gurobi 12.0.2 (linux64, gurobi_cl) logging started Fri Jun 19 18:35:24 2026


Gurobi 12.0.2 (linux64, gurobi_cl) logging started Fri Jun 19 18:35:24 2026


Gurobi 12.0.2 (linux64, gurobi_cl) logging started Fri Jun 19 18:35:24 2026

Set parameter WLSAccessID
Set parameter WLSAccessID
Set parameter WLSSecret
Set parameter WLSSecret
Set parameter LicenseID to value 938810
Set parameter WLSAccessID
Set parameter LicenseID to value 938810
Set parameter WLSSecret
Set parameter LogFile to value "gurobi.log"
Using license file /home/users/a/agma/gurobi.lic
Set parameter LogFile to value "gurobi.log"
Using license file /home/users/a/agma/gurobi.lic
Set parameter WLSAccessID
Set parameter WLSSecret
Set parameter LicenseID to value 938810
Set parameter LicenseID to value 938810
Set parameter LogFile to value "gurobi.log"
Using license file /home/users/a/agma/gurobi.lic
Set parameter LogFile to value "gurobi.log"
Using license file /home/users/a/agma/gurobi.lic
Academic license 938810 - for non-commercial use only - registered to ag___@tu-berlin.de
Academic license 938810 - for non-commercial use only - registered to ag___@tu-berlin.de
Academic license 938810 - for non-commercial use only - registered to ag___@tu-berlin.de
Academic license 938810 - for non-commercial use only - registered to ag___@tu-berlin.de

Gurobi 12.0.2 (linux64, gurobi_cl) logging started Fri Jun 19 18:35:37 2026


Gurobi 12.0.2 (linux64, gurobi_cl) logging started Fri Jun 19 18:35:37 2026


Gurobi 12.0.2 (linux64, gurobi_cl) logging started Fri Jun 19 18:35:37 2026


Gurobi 12.0.2 (linux64, gurobi_cl) logging started Fri Jun 19 18:35:37 2026

Set parameter WLSAccessID
Set parameter WLSAccessID
Set parameter WLSSecret
Set parameter WLSSecret
Set parameter LicenseID to value 938810
Set parameter LicenseID to value 938810
Set parameter LogFile to value "gurobi.log"
Set parameter LogFile to value "gurobi.log"
Using license file /home/users/a/agma/gurobi.lic
Set parameter WLSAccessID
Set parameter WLSSecret
Using license file /home/users/a/agma/gurobi.lic
Set parameter LicenseID to value 938810
Set parameter WLSAccessID
Set parameter LogFile to value "gurobi.log"
Using license file /home/users/a/agma/gurobi.lic
Set parameter WLSSecret
Set parameter LicenseID to value 938810
Set parameter LogFile to value "gurobi.log"
Using license file /home/users/a/agma/gurobi.lic
Academic license 938810 - for non-commercial use only - registered to ag___@tu-berlin.de
Academic license 938810 - for non-commercial use only - registered to ag___@tu-berlin.de
Academic license 938810 - for non-commercial use only - registered to ag___@tu-berlin.de
Academic license 938810 - for non-commercial use only - registered to ag___@tu-berlin.de

Gurobi 12.0.2 (linux64, gurobi_cl) logging started Sat Jun 20 13:15:58 2026

Set parameter WLSAccessID
Set parameter WLSSecret
Set parameter LicenseID to value 938810
Set parameter LogFile to value "gurobi.log"
Using license file /home/users/a/agma/gurobi.lic
Academic license 938810 - for non-commercial use only - registered to ag___@tu-berlin.de

Gurobi 12.0.2 (linux64, gurobi_cl) logging started Sat Jun 20 13:16:25 2026


Gurobi 12.0.2 (linux64, gurobi_cl) logging started Sat Jun 20 13:16:25 2026


Gurobi 12.0.2 (linux64, gurobi_cl) logging started Sat Jun 20 13:16:25 2026


Gurobi 12.0.2 (linux64, gurobi_cl) logging started Sat Jun 20 13:16:25 2026

Set parameter WLSAccessID
Set parameter WLSSecret
Set parameter LicenseID to value 938810
Set parameter WLSAccessID
Set parameter LogFile to value "gurobi.log"
Using license file /home/users/a/agma/gurobi.lic
Set parameter WLSSecret
Set parameter LicenseID to value 938810
Set parameter WLSAccessID
Set parameter WLSSecret
Set parameter WLSAccessID
Set parameter WLSSecret
Set parameter LogFile to value "gurobi.log"
Using license file /home/users/a/agma/gurobi.lic
Set parameter LicenseID to value 938810
Set parameter LicenseID to value 938810
Set parameter LogFile to value "gurobi.log"
Using license file /home/users/a/agma/gurobi.lic
Set parameter LogFile to value "gurobi.log"
Academic license 938810 - for non-commercial use only - registered to ag___@tu-berlin.de
Academic license 938810 - for non-commercial use only - registered to ag___@tu-berlin.de
Using license file /home/users/a/agma/gurobi.lic
Academic license 938810 - for non-commercial use only - registered to ag___@tu-berlin.de
Academic license 938810 - for non-commercial use only - registered to ag___@tu-berlin.de

Gurobi 12.0.2 (linux64, gurobi_cl) logging started Sat Jun 20 13:16:44 2026


Gurobi 12.0.2 (linux64, gurobi_cl) logging started Sat Jun 20 13:16:44 2026


Gurobi 12.0.2 (linux64, gurobi_cl) logging started Sat Jun 20 13:16:44 2026


Gurobi 12.0.2 (linux64, gurobi_cl) logging started Sat Jun 20 13:16:44 2026

Set parameter WLSAccessID
Set parameter WLSSecret
Set parameter LicenseID to value 938810
Set parameter WLSAccessID
Set parameter LogFile to value "gurobi.log"
Set parameter WLSSecret
Using license file /home/users/a/agma/gurobi.lic
Set parameter LicenseID to value 938810
Set parameter WLSAccessID
Set parameter LogFile to value "gurobi.log"
Using license file /home/users/a/agma/gurobi.lic
Set parameter WLSAccessID
Set parameter WLSSecret
Set parameter WLSSecret
Set parameter LicenseID to value 938810
Set parameter LicenseID to value 938810
Set parameter LogFile to value "gurobi.log"
Using license file /home/users/a/agma/gurobi.lic
Set parameter LogFile to value "gurobi.log"
Using license file /home/users/a/agma/gurobi.lic
Academic license 938810 - for non-commercial use only - registered to ag___@tu-berlin.de
Academic license 938810 - for non-commercial use only - registered to ag___@tu-berlin.de
Academic license 938810 - for non-commercial use only - registered to ag___@tu-berlin.de
Academic license 938810 - for non-commercial use only - registered to ag___@tu-berlin.de

Gurobi 12.0.2 (linux64, gurobi_cl) logging started Sat Jun 20 13:18:46 2026


Gurobi 12.0.2 (linux64, gurobi_cl) logging started Sat Jun 20 13:18:46 2026


Gurobi 12.0.2 (linux64, gurobi_cl) logging started Sat Jun 20 13:18:46 2026

Set parameter WLSAccessID
Set parameter WLSSecret
Set parameter WLSAccessID
Set parameter LicenseID to value 938810
Set parameter WLSSecret
Set parameter LogFile to value "gurobi.log"
Using license file /home/users/a/agma/gurobi.lic
Set parameter LicenseID to value 938810
Set parameter WLSAccessID
Set parameter LogFile to value "gurobi.log"
Set parameter WLSSecret
Set parameter LicenseID to value 938810
Using license file /home/users/a/agma/gurobi.lic
Set parameter LogFile to value "gurobi.log"
Using license file /home/users/a/agma/gurobi.lic
Academic license 938810 - for non-commercial use only - registered to ag___@tu-berlin.de
Academic license 938810 - for non-commercial use only - registered to ag___@tu-berlin.de
Academic license 938810 - for non-commercial use only - registered to ag___@tu-berlin.de

Gurobi 12.0.2 (linux64, gurobi_cl) logging started Sat Jun 20 13:18:46 2026

Set parameter WLSAccessID
Set parameter WLSSecret
Set parameter LicenseID to value 938810
Set parameter LogFile to value "gurobi.log"
Using license file /home/users/a/agma/gurobi.lic
Academic license 938810 - for non-commercial use only - registered to ag___@tu-berlin.de

Gurobi 12.0.2 (linux64, gurobi_cl) logging started Sat Jun 20 13:18:59 2026

Set parameter WLSAccessID
Set parameter WLSSecret
Set parameter LicenseID to value 938810
Set parameter LogFile to value "gurobi.log"
Using license file /home/users/a/agma/gurobi.lic
Academic license 938810 - for non-commercial use only - registered to ag___@tu-berlin.de

Gurobi 12.0.2 (linux64, gurobi_cl) logging started Sat Jun 20 13:18:59 2026


Gurobi 12.0.2 (linux64, gurobi_cl) logging started Sat Jun 20 13:18:59 2026


Gurobi 12.0.2 (linux64, gurobi_cl) logging started Sat Jun 20 13:18:59 2026

Set parameter WLSAccessID
Set parameter WLSSecret
Set parameter LicenseID to value 938810
Set parameter WLSAccessID
Set parameter LogFile to value "gurobi.log"
Set parameter WLSSecret
Using license file /home/users/a/agma/gurobi.lic
Set parameter WLSAccessID
Set parameter LicenseID to value 938810
Set parameter WLSSecret
Set parameter LogFile to value "gurobi.log"
Using license file /home/users/a/agma/gurobi.lic
Set parameter LicenseID to value 938810
Set parameter LogFile to value "gurobi.log"
Using license file /home/users/a/agma/gurobi.lic
Academic license 938810 - for non-commercial use only - registered to ag___@tu-berlin.de
Academic license 938810 - for non-commercial use only - registered to ag___@tu-berlin.de
Academic license 938810 - for non-commercial use only - registered to ag___@tu-berlin.de

Gurobi 12.0.2 (linux64, gurobi_cl) logging started Sat Jun 20 13:20:15 2026

Set parameter WLSAccessID
Set parameter WLSSecret
Set parameter LicenseID to value 938810
Set parameter LogFile to value "gurobi.log"
Using license file /home/users/a/agma/gurobi.lic
Academic license 938810 - for non-commercial use only - registered to ag___@tu-berlin.de

Gurobi 12.0.2 (linux64, gurobi_cl) logging started Sat Jun 20 13:20:15 2026


Gurobi 12.0.2 (linux64, gurobi_cl) logging started Sat Jun 20 13:20:15 2026


Gurobi 12.0.2 (linux64, gurobi_cl) logging started Sat Jun 20 13:20:15 2026

Set parameter WLSAccessID
Set parameter WLSSecret
Set parameter LicenseID to value 938810
Set parameter LogFile to value "gurobi.log"
Using license file /home/users/a/agma/gurobi.lic
Set parameter WLSAccessID
Set parameter WLSSecret
Set parameter LicenseID to value 938810
Set parameter WLSAccessID
Set parameter WLSSecret
Set parameter LogFile to value "gurobi.log"
Set parameter LicenseID to value 938810
Using license file /home/users/a/agma/gurobi.lic
Set parameter LogFile to value "gurobi.log"
Using license file /home/users/a/agma/gurobi.lic
Academic license 938810 - for non-commercial use only - registered to ag___@tu-berlin.de
Academic license 938810 - for non-commercial use only - registered to ag___@tu-berlin.de
Academic license 938810 - for non-commercial use only - registered to ag___@tu-berlin.de

Gurobi 12.0.2 (linux64, gurobi_cl) logging started Sat Jun 20 13:20:31 2026

Set parameter WLSAccessID
Set parameter WLSSecret
Set parameter LicenseID to value 938810
Set parameter LogFile to value "gurobi.log"
Using license file /home/users/a/agma/gurobi.lic
Academic license 938810 - for non-commercial use only - registered to ag___@tu-berlin.de

Gurobi 12.0.2 (linux64, gurobi_cl) logging started Sat Jun 20 13:20:32 2026


Gurobi 12.0.2 (linux64, gurobi_cl) logging started Sat Jun 20 13:20:32 2026


Gurobi 12.0.2 (linux64, gurobi_cl) logging started Sat Jun 20 13:20:32 2026

Set parameter WLSAccessID
Set parameter WLSSecret
Set parameter LicenseID to value 938810
Set parameter WLSAccessID
Set parameter LogFile to value "gurobi.log"
Using license file /home/users/a/agma/gurobi.lic
Set parameter WLSAccessID
Set parameter WLSSecret
Set parameter WLSSecret
Set parameter LicenseID to value 938810
Set parameter LicenseID to value 938810
Set parameter LogFile to value "gurobi.log"
Using license file /home/users/a/agma/gurobi.lic
Set parameter LogFile to value "gurobi.log"
Using license file /home/users/a/agma/gurobi.lic
Academic license 938810 - for non-commercial use only - registered to ag___@tu-berlin.de
Academic license 938810 - for non-commercial use only - registered to ag___@tu-berlin.de
Academic license 938810 - for non-commercial use only - registered to ag___@tu-berlin.de

Gurobi 12.0.2 (linux64, gurobi_cl) logging started Sat Jun 20 13:22:53 2026

Set parameter WLSAccessID
Set parameter WLSSecret
Set parameter LicenseID to value 938810
Set parameter LogFile to value "gurobi.log"
Using license file /home/users/a/agma/gurobi.lic
Academic license 938810 - for non-commercial use only - registered to ag___@tu-berlin.de

Gurobi 12.0.2 (linux64, gurobi_cl) logging started Sat Jun 20 13:22:58 2026

Set parameter WLSAccessID
Set parameter WLSSecret
Set parameter LicenseID to value 938810
Set parameter LogFile to value "gurobi.log"
Using license file /home/users/a/agma/gurobi.lic
Academic license 938810 - for non-commercial use only - registered to ag___@tu-berlin.de

Gurobi 12.0.2 (linux64, gurobi_cl) logging started Sat Jun 20 13:23:08 2026

Set parameter WLSAccessID
Set parameter WLSSecret
Set parameter LicenseID to value 938810
Set parameter LogFile to value "gurobi.log"
Using license file /home/users/a/agma/gurobi.lic
Academic license 938810 - for non-commercial use only - registered to ag___@tu-berlin.de

Gurobi 12.0.2 (linux64, gurobi_cl) logging started Sat Jun 20 13:23:12 2026

Set parameter WLSAccessID
Set parameter WLSSecret
Set parameter LicenseID to value 938810
Set parameter LogFile to value "gurobi.log"
Using license file /home/users/a/agma/gurobi.lic
Academic license 938810 - for non-commercial use only - registered to ag___@tu-berlin.de

Gurobi 12.0.2 (linux64, gurobi_cl) logging started Sun Jun 21 12:18:22 2026


Gurobi 12.0.2 (linux64, gurobi_cl) logging started Sun Jun 21 12:18:22 2026

Set parameter WLSAccessID
Set parameter WLSAccessID
Set parameter WLSSecret
Set parameter LicenseID to value 938810
Set parameter WLSSecret
Set parameter LogFile to value "gurobi.log"
Using license file /home/users/a/agma/gurobi.lic
Set parameter LicenseID to value 938810
Set parameter LogFile to value "gurobi.log"
Using license file /home/users/a/agma/gurobi.lic
Academic license 938810 - for non-commercial use only - registered to ag___@tu-berlin.de
Academic license 938810 - for non-commercial use only - registered to ag___@tu-berlin.de

Gurobi 12.0.2 (linux64, gurobi_cl) logging started Sun Jun 21 12:18:30 2026


Gurobi 12.0.2 (linux64, gurobi_cl) logging started Sun Jun 21 12:18:30 2026

Set parameter WLSAccessID
Set parameter WLSAccessID
Set parameter WLSSecret
Set parameter WLSSecret
Set parameter LicenseID to value 938810
Set parameter LicenseID to value 938810
Set parameter LogFile to value "gurobi.log"
Set parameter LogFile to value "gurobi.log"
Using license file /home/users/a/agma/gurobi.lic
Using license file /home/users/a/agma/gurobi.lic
Academic license 938810 - for non-commercial use only - registered to ag___@tu-berlin.de
Academic license 938810 - for non-commercial use only - registered to ag___@tu-berlin.de

Gurobi 12.0.2 (linux64, gurobi_cl) logging started Sun Jun 21 22:03:58 2026

Set parameter WLSAccessID
Set parameter WLSSecret
Set parameter LicenseID to value 938810
Set parameter LogFile to value "gurobi.log"
Using license file /home/users/a/agma/gurobi.lic
Academic license 938810 - for non-commercial use only - registered to ag___@tu-berlin.de

Gurobi 12.0.2 (linux64, gurobi_cl) logging started Sun Jun 21 22:03:58 2026

Set parameter WLSAccessID
Set parameter WLSSecret
Set parameter LicenseID to value 938810
Set parameter LogFile to value "gurobi.log"
Using license file /home/users/a/agma/gurobi.lic
Academic license 938810 - for non-commercial use only - registered to ag___@tu-berlin.de

Gurobi 12.0.2 (linux64, gurobi_cl) logging started Sun Jun 21 22:04:07 2026

Set parameter WLSAccessID
Set parameter WLSSecret
Set parameter LicenseID to value 938810
Set parameter LogFile to value "gurobi.log"
Using license file /home/users/a/agma/gurobi.lic
Academic license 938810 - for non-commercial use only - registered to ag___@tu-berlin.de

Gurobi 12.0.2 (linux64, gurobi_cl) logging started Sun Jun 21 22:04:07 2026

Set parameter WLSAccessID
Set parameter WLSSecret
Set parameter LicenseID to value 938810
Set parameter LogFile to value "gurobi.log"
Using license file /home/users/a/agma/gurobi.lic
Academic license 938810 - for non-commercial use only - registered to ag___@tu-berlin.de

Gurobi 12.0.2 (linux64, gurobi_cl) logging started Mon Jun 22 12:22:46 2026

Set parameter WLSAccessID
Set parameter WLSSecret
Set parameter LicenseID to value 938810
Set parameter LogFile to value "gurobi.log"
Using license file /home/users/a/agma/gurobi.lic
Academic license 938810 - for non-commercial use only - registered to ag___@tu-berlin.de

Gurobi 12.0.2 (linux64, gurobi_cl) logging started Mon Jun 22 12:22:55 2026

Set parameter WLSAccessID
Set parameter WLSSecret
Set parameter LicenseID to value 938810
Set parameter LogFile to value "gurobi.log"
Using license file /home/users/a/agma/gurobi.lic
Academic license 938810 - for non-commercial use only - registered to ag___@tu-berlin.de

Gurobi 12.0.2 (linux64, gurobi_cl) logging started Mon Jun 22 18:43:51 2026

Set parameter WLSAccessID
Set parameter WLSSecret
Set parameter LicenseID to value 938810
Set parameter LogFile to value "gurobi.log"
Using license file /home/users/a/agma/gurobi.lic
Academic license 938810 - for non-commercial use only - registered to ag___@tu-berlin.de

Gurobi 12.0.2 (linux64, gurobi_cl) logging started Mon Jun 22 18:44:00 2026

Set parameter WLSAccessID
Set parameter WLSSecret
Set parameter LicenseID to value 938810
Set parameter LogFile to value "gurobi.log"
Using license file /home/users/a/agma/gurobi.lic
Academic license 938810 - for non-commercial use only - registered to ag___@tu-berlin.de

Gurobi 12.0.2 (linux64, gurobi_cl) logging started Wed Jul 22 23:05:23 2026

Set parameter WLSAccessID
Set parameter WLSSecret
Set parameter LicenseID to value 938810
Set parameter LogFile to value "gurobi.log"
Using license file /home/users/a/agma/gurobi.lic
Academic license 938810 - for non-commercial use only - registered to ag___@tu-berlin.de

Gurobi 12.0.2 (linux64, gurobi_cl) logging started Wed Jul 22 23:05:41 2026

Set parameter WLSAccessID
Set parameter WLSSecret
Set parameter LicenseID to value 938810
Set parameter LogFile to value "gurobi.log"
Using license file /home/users/a/agma/gurobi.lic
Academic license 938810 - for non-commercial use only - registered to ag___@tu-berlin.de

Gurobi 12.0.2 (linux64, gurobi_cl) logging started Wed Jul 22 23:13:22 2026

Set parameter WLSAccessID
Set parameter WLSSecret
Set parameter LicenseID to value 938810
Set parameter LogFile to value "gurobi.log"
Using license file /home/users/a/agma/gurobi.lic
Academic license 938810 - for non-commercial use only - registered to ag___@tu-berlin.de

Gurobi 12.0.2 (linux64, gurobi_cl) logging started Sun Aug 16 23:01:09 2026

Set parameter WLSAccessID
Set parameter WLSSecret
Set parameter LicenseID to value 938810
Set parameter LogFile to value "gurobi.log"
Using license file /home/users/a/agma/gurobi.lic
Academic license 938810 - for non-commercial use only - registered to ag___@tu-berlin.de

Gurobi 12.0.2 (linux64, gurobi_cl) logging started Sun Aug 16 23:04:34 2026

Set parameter WLSAccessID
Set parameter WLSSecret
Set parameter LicenseID to value 938810
Set parameter LogFile to value "gurobi.log"
Using license file /home/users/a/agma/gurobi.lic
Academic license 938810 - for non-commercial use only - registered to ag___@tu-berlin.de

Gurobi 12.0.2 (linux64, gurobi_cl) logging started Sun Aug 16 23:06:25 2026

Set parameter WLSAccessID
Set parameter WLSSecret
Set parameter LicenseID to value 938810
Set parameter LogFile to value "gurobi.log"
Using license file /home/users/a/agma/gurobi.lic
Academic license 938810 - for non-commercial use only - registered to ag___@tu-berlin.de

Gurobi 12.0.2 (linux64, gurobi_cl) logging started Sun Aug 16 23:09:16 2026

Set parameter WLSAccessID
Set parameter WLSSecret
Set parameter LicenseID to value 938810
Set parameter LogFile to value "gurobi.log"
Using license file /home/users/a/agma/gurobi.lic
Academic license 938810 - for non-commercial use only - registered to ag___@tu-berlin.de

Gurobi 12.0.2 (linux64, gurobi_cl) logging started Sun Aug 16 23:11:13 2026

Set parameter WLSAccessID
Set parameter WLSSecret
Set parameter LicenseID to value 938810
Set parameter LogFile to value "gurobi.log"
Using license file /home/users/a/agma/gurobi.lic
Academic license 938810 - for non-commercial use only - registered to ag___@tu-berlin.de

Gurobi 13.0.3 (linux64, gurobi_cl) logging started Thu Sep 17 15:48:39 2026

Set parameter Username
Set parameter LicenseID to value 2864772
Set parameter LogFile to value "gurobi.log"
Using license file /home/matthew/gurobi.lic

Gurobi 13.0.3 (linux64, gurobi_cl) logging started Thu Sep 17 16:19:38 2026

Set parameter Username
Set parameter LicenseID to value 2864772
Set parameter LogFile to value "gurobi.log"
Using license file /home/matthew/gurobi.lic
Academic license - for non-commercial use only - expires 2027-09-16

Gurobi 13.0.3 (linux64, gurobi_cl) logging started Thu Sep 17 16:20:41 2026

Set parameter Username
Set parameter LicenseID to value 2864772
Set parameter LogFile to value "gurobi.log"
Using license file /home/matthew/gurobi.lic
Academic license - for non-commercial use only - expires 2027-09-16

Gurobi 13.0.3 (linux64, gurobi_cl) logging started Thu Sep 17 17:44:24 2026

Set parameter Username
Set parameter LicenseID to value 2864772
Set parameter LogFile to value "gurobi.log"
Using license file /home/matthew/gurobi.lic
Academic license - for non-commercial use only - expires 2027-09-16

Gurobi 13.0.3 (linux64, gurobi_cl) logging started Thu Sep 17 17:46:01 2026

Set parameter Username
Set parameter LicenseID to value 2864772
Set parameter LogFile to value "gurobi.log"
Using license file /home/matthew/gurobi.lic
Academic license - for non-commercial use only - expires 2027-09-16

Gurobi 13.0.3 (linux64, gurobi_cl) logging started Thu Sep 17 17:47:01 2026

Set parameter Username
Set parameter LicenseID to value 2864772
Set parameter LogFile to value "gurobi.log"
Using license file /home/matthew/gurobi.lic
Academic license - for non-commercial use only - expires 2027-09-16

Gurobi 13.0.3 (linux64, gurobi_cl) logging started Thu Sep 17 17:52:45 2026

Set parameter Username
Set parameter LicenseID to value 2864772
Set parameter LogFile to value "gurobi.log"
Using license file /home/matthew/gurobi.lic
Academic license - for non-commercial use only - expires 2027-09-16

Gurobi 13.0.3 (linux64, gurobi_cl) logging started Tue Oct  6 13:21:42 2026

Set parameter Username
Set parameter LicenseID to value 2864772
Set parameter LogFile to value "gurobi.log"
Using license file /home/matthew/gurobi.lic
